t,Ax,Ay,Az,Bx,By,Bz,h
918.5447692871094,80
935.4994297027588,-6,0,16,24,-95,-98,179.78
951.4656066894531,-5,-3,13,-6,-107,-101,180.04
968.421220779419,-4,-3,11,-42,-105,-100,180.48
981.4286231994629,-3,-4,9,-83,-98,-101,180.30
997.4908828735352,0,-1,6,-126,-86,-99,180.39
1013.5152339935303,0,0,6,-146,-76,-98,180.66
1029.5062065124512,2,0,6,-167,-64,-96,179.60
1045.4597473144531,2,-1,7,-179,-64,-96,180.39
1059.391736984253,2,-3,9,-203,-66,-92,180.30
1075.3483772277832,2,-3,9,-218,-69,-90,180.66
1091.3317203521729,2,-2,7,-242,-50,-85,179.95
1107.2940826416016,2,-1,5,-261,-52,-81,180.30
1120.2290058135986,3,0,2,-292,-40,-74,180.30
1137.1829509735107,3,-1,2,-306,-28,-68,180.56
1153.1398296356201,2,-3,0,-328,-23,-57,179.86
1169.137954711914,2,-3,0,-342,-9,-51,179.60
1185.0953102111816,2,-3,-4,-354,7,-39,181.36
1198.0204582214355,2,-3,-5,-350,9,-32,179.60
1214.9755954742432,1,-6,-8,-350,29,-18,181.09
1230.9339046478271,0,-8,-11,-335,57,-6,179.95
1246.9351291656494,0,-8,-14,-316,65,0,180.30
1262.8846168518066,0,-6,-17,-280,72,10,180.04
1275.8126258850098,-1,-5,-18,-258,69,14,180.21
1292.7672863006592,0,-4,-19,-251,79,16,179.34
1308.725118637085,-1,-6,-19,-237,79,18,180.74
1324.7184753417969,-1,-12,-17,-230,81,20,179.69
1340.6927585601807,-1,-13,-17,-227,84,20,179.95
1353.6205291748047,-1,-10,-17,-227,86,20,180.39
1370.5742359161377,-1,-7,-18,-227,86,17,179.69
1386.5947723388672,-1,-6,-16,-249,84,14,180.48
1402.5869369506836,-1,-7,-14,-254,84,12,180.39
1418.5447692871094,0,-8,-11,-282,79,7,180.39
1431.5543174743652,1,-5,-9,-309,69,0,179.69
1447.669267654419,1,-4,-8,-314,65,-3,180.74
1463.625431060791,1,-4,-6,-328,45,-14,180.74
1480.5409908294678,1,-4,-5,-338,45,-19,180.74
1496.762752532959,3,-4,-3,-345,24,-29,180.39
1509.78422164917,3,-4,-2,-352,17,-34,180.04
1525.7902145385742,4,-4,-1,-345,2,-44,180.21
1541.7773723602295,3,-4,-1,-347,-2,-48,179.51
1557.739019393921,2,-1,0,-330,-23,-57,180.83
1573.6932754516602,2,-1,0,-326,-33,-63,180.48
1587.6867771148682,2,0,3,-302,-50,-74,180.48
1603.7025451660156,2,-1,5,-282,-64,-79,180.66
1619.6911334991455,1,-4,9,-242,-78,-84,179.69
1635.779619216919,0,-4,10,-218,-88,-89,178.90
1651.728868484497,-2,-2,11,-172,-107,-95,179.69
1664.6640300750732,-4,1,12,-119,-119,-97,180.39
1681.6189289093018,-5,3,13,-95,-119,-99,180.21
1697.5758075714111,-4,4,15,-47,-117,-98,180.21
1713.5684490203857,-5,4,17,-23,-117,-99,179.69
1729.5258045196533,-5,3,18,2,-126,-95,180.74
1743.4544563293457,-4,2,19,12,-129,-95,179.34
1759.4106197357178,-5,1,17,14,-141,-96,180.30
1775.3686904907227,-4,0,16,9,-143,-96,180.30
1791.36323928833,-3,0,13,-16,-141,-95,180.21
1807.3179721832275,-2,0,11,-26,-138,-97,179.25
1821.2461471557617,0,1,9,-54,-131,-98,180.39
1837.327480316162,0,1,8,-78,-126,-98,181.09
1853.3496856689453,0,0,9,-95,-122,-96,180.39
1869.3444728851318,0,-1,11,-102,-126,-94,179.51
1885.3020668029785,0,-1,12,-112,-131,-96,180.21
1898.2281684875488,0,0,13,-124,-117,-95,179.34
1915.1854515075684,0,0,12,-124,-126,-93,180.39
1931.1425685882568,0,1,11,-150,-119,-95,180.74
1947.1361637115479,0,1,10,-170,-105,-92,181.80
1963.092565536499,0,0,8,-206,-100,-87,179.95
1977.0197868347168,0,0,7,-227,-102,-84,181.09
1992.2945499420166,0,-1,5,-261,-88,-77,181.45
2009.2148780822754,1,-1,3,-285,-83,-71,180.56
2025.1715183258057,1,-1,0,-318,-66,-60,180.04
2041.1624908447266,1,-2,-1,-338,-50,-49,180.74
2054.094076156616,1,-2,-3,-347,-35,-39,180.74
2071.049928665161,0,-3,-6,-354,-18,-26,180.39
2087.0068073272705,0,-4,-7,-347,-4,-17,180.04
2102.9696464538574,-1,-5,-12,-323,17,0,180.39
2118.9565658569336,-2,-6,-14,-306,24,4,181.45
2131.8864822387695,-2,-5,-17,-263,38,14,179.78
2147.8805541992188,-2,-5,-18,-251,43,19,180.39
2163.8851165771484,-1,-3,-17,-232,36,18,181.18
2180.889129638672,-1,-4,-16,-222,38,20,179.88
2196.8820095062256,-3,-9,-15,-213,24,18,179.88
2209.8119258880615,-5,-11,-15,-215,33,17,180.83
2225.803852081299,-5,-10,-19,-196,33,20,180.57
2241.8129444122314,-3,-6,-19,-177,45,24,180.92
2257.906913757324,-3,-4,-19,-165,48,24,180.13
2274.864912033081,-4,-5,-18,-186,53,24,180.48
2287.788152694702,-5,-7,-15,-198,53,23,180.48
2303.9145469665527,-3,-8,-11,-232,62,18,181.27
2319.9102878570557,-2,-7,-11,-242,60,15,180.23
2335.8676433563232,-1,-3,-11,-278,55,9,180.13
2352.7896404266357,-1,-2,-11,-292,53,6,180.48
2365.7491207122803,0,-2,-10,-306,48,0,179.52
2381.706476211548,0,-3,-9,-316,43,-5,180.83
2397.698402404785,0,-7,-6,-338,33,-16,180.57
2413.655996322632,0,-7,-5,-345,29,-21,180.04
2430.6070804595947,0,-4,-4,-357,14,-35,180.75
2443.5412883758545,0,-1,-3,-347,-9,-48,180.57
2459.498405456543,0,-2,-2,-347,-14,-56,180.57
2475.4867553710938,-3,-1,0,-314,-33,-68,180.57
2491.4441108703613,-3,0,1,-294,-52,-75,180.13
2507.5337886810303,-5,2,4,-244,-66,-88,180.39
2521.465539932251,-6,2,7,-215,-78,-93,181.09
2537.4233722686768,-10,0,12,-131,-100,-98,180.04
2553.478002548218,-12,0,15,-88,-105,-98,180.30
2569.4260597229004,-13,0,19,-18,-119,-99,180.39
2586.353063583374,-13,1,19,12,-124,-95,180.57
2599.318742752075,-13,2,19,62,-124,-92,180.92
2615.2753829956055,-12,2,19,72,-129,-90,180.74
2631.3438415527344,-10,1,19,74,-124,-92,178.99
2647.296190261841,-9,0,16,55,-131,-93,180.39
2663.292169570923,-8,0,14,43,-131,-94,180.92
2676.2189865112305,-7,-1,11,0,-124,-97,181.18
2693.330764770508,-6,-2,10,-16,-112,-98,181.09
2709.4130516052246,-4,-1,8,-62,-100,-99,179.60
2725.468873977661,-4,-1,8,-66,-98,-98,180.04
2741.530179977417,-4,0,9,-95,-88,-101,179.34
2754.458427429199,-4,0,10,-100,-78,-101,180.39
2770.451307296753,-2,0,11,-117,-71,-101,180.13
2787.370443344116,-1,0,12,-134,-74,-101,181.18
2803.3697605133057,-3,-1,11,-162,-64,-95,180.83
2819.324493408203,-3,-2,10,-189,-59,-95,180.39
2832.2505950927734,-4,-1,6,-244,-47,-86,181.09
2848.236322402954,-3,1,0,-292,-21,-71,180.30
2865.3507232666016,-2,3,-2,-314,-16,-62,180.74
2880.4147243499756,-2,3,-8,-347,2,-44,180.04
2897.3684310913086,-2,0,-9,-352,12,-33,180.48
2910.2978706359863,-4,-8,-10,-345,50,-15,181.62
2926.253318786621,-5,-9,-12,-328,62,-6,180.23
2942.2926902770996,-3,-4,-17,-292,74,9,181.45
2959.2490196228027,-4,-3,-18,-270,72,14,180.48
2975.241184234619,-8,-5,-19,-244,86,17,180.39
2988.1720542907715,-14,-11,-19,-232,96,21,180.39
3004.1275024414062,-10,-16,-19,-184,125,27,179.78
3021.083354949951,-3,-5,-19,-165,122,29,179.78
3037.0399951934814,-3,0,-19,-162,122,27,180.23
3053.0285835266113,-4,1,-18,-186,101,24,180.23
3068.993330001831,-6,-5,-12,-210,89,21,180.57
3081.921100616455,-4,-19,0,-261,69,12,180.57
3098.8755226135254,-1,-17,1,-282,65,10,180.40
3114.9940490722656,1,6,-7,-302,50,6,180.57
3130.995273590088,3,11,-10,-304,26,6,180.04
3146.944046020508,2,1,-11,-299,38,6,180.92
3159.9416732788086,1,-7,-9,-299,60,4,180.49
3175.9824752807617,0,-13,-13,-287,74,7,180.83
3192.0340061187744,0,-11,-16,-285,86,6,181.10
3209.014415740967,0,-6,-19,-287,89,4,180.57
3225.1157760620117,-1,-6,-17,-306,79,-2,180.48
3238.1882667541504,-3,-6,-14,-321,69,-6,180.57
3254.145383834839,-5,-5,-7,-345,41,-28,180.57
3270.2224254608154,-6,-4,-3,-347,26,-38,180.83
3286.2281799316406,-5,0,1,-340,0,-61,180.48
3299.2379665374756,-6,-1,4,-316,-16,-72,180.91
3315.1955604553223,-6,-1,10,-261,-42,-86,180.39
3332.1497440338135,-5,0,13,-225,-52,-93,180.23
3348.156452178955,-3,0,16,-158,-69,-98,179.78
3364.1507625579834,-2,1,16,-131,-69,-101,181.27
3380.1066875457764,-2,0,17,-86,-81,-102,180.21
3394.0341472625732,-3,0,17,-69,-83,-101,180.48
3410.1176261901855,-2,0,15,-66,-95,-100,180.57
3426.075220108032,-1,0,12,-62,-88,-102,180.74
3442.1465396881104,-1,0,11,-54,-81,-101,180.92
3458.146572113037,0,-2,11,-64,-83,-103,180.57
3471.2493419647217,0,-3,12,-62,-88,-101,180.23
3487.244129180908,0,-3,13,-57,-93,-102,180.30
3503.2050609588623,0,-2,12,-59,-93,-100,180.39
3520.117998123169,0,0,12,-59,-86,-102,180.39
3536.288022994995,0,0,13,-57,-81,-102,180.92
3549.215316772461,-1,0,14,-57,-78,-101,180.48
3565.2709007263184,-1,0,15,-59,-81,-102,180.83
3581.3848972320557,-2,0,14,-66,-78,-101,180.39
3597.419500350952,-1,0,14,-83,-81,-102,179.69
3613.5153770446777,-1,-1,12,-98,-74,-102,180.04
3627.434492111206,-1,-1,11,-136,-74,-99,180.48
3643.393039703369,-1,-1,11,-150,-74,-98,180.13
3659.3892574310303,0,-1,9,-182,-62,-94,180.83
3675.4236221313477,0,-1,8,-210,-59,-88,180.39
3691.423177719116,0,-1,5,-249,-38,-81,179.43
3704.3497562408447,0,-1,4,-275,-38,-77,180.48
3721.3053703308105,1,-1,1,-311,-21,-65,179.78
3737.295627593994,1,-1,-1,-330,-9,-56,180.48
3753.258228302002,0,-2,-5,-350,19,-39,180.39
3769.2158222198486,0,-4,-8,-352,26,-29,181.09
3782.1438312530518,0,-5,-12,-333,53,-14,180.39
3799.180269241333,0,-6,-14,-321,65,-5,180.39
3815.131902694702,0,-7,-16,-297,77,5,180.48
3831.125497817993,1,-7,-15,-275,79,13,180.40
3847.083330154419,2,-7,-15,-270,79,15,180.48
3860.0103855133057,2,-4,-12,-266,74,14,180.57
3876.9662380218506,2,-3,-10,-268,65,15,181.18
3892.922878265381,2,-4,-6,-273,60,12,180.48
3908.9176654815674,2,-4,-4,-282,53,11,180.57
3924.938917160034,1,-2,-3,-294,50,9,180.48
3937.9141330718994,0,-2,-4,-292,43,12,179.96
3953.9096355438232,-8,-5,-12,-256,69,21,180.23
3970.9091186523438,-8,-4,-18,-232,86,25,179.78
3987.022638320923,-5,-2,-19,-182,108,32,179.78
4003.1325817108154,-4,-3,-19,-170,125,36,179.88
4016.056537628174,-4,-7,-19,-155,132,39,180.75
4033.0095291137695,-6,-12,-17,-165,115,34,180.66
4048.013210296631,-7,-13,-14,-177,113,32,180.57
4064.9266242980957,-6,-9,-11,-210,96,24,180.66
4080.921173095703,-5,-4,-12,-220,91,21,179.88
4093.848705291748,-2,3,-14,-251,91,16,180.13
4109.891653060913,-2,3,-14,-261,84,11,180.23
4125.932455062866,-1,-2,-9,-292,79,2,180.66
4142.062664031982,-1,-5,-7,-304,84,0,180.48
4158.98323059082,0,-7,-4,-323,72,-12,180.92
4171.946048736572,1,-9,-2,-335,74,-18,180.05
4187.904119491577,2,-8,-1,-347,60,-29,179.78
4203.948259353638,2,-4,-3,-347,45,-35,180.23
4219.990253448486,2,0,-5,-352,29,-43,179.69
4236.908197402954,0,0,-3,-342,14,-54,180.48
4249.935865402222,0,-2,-1,-335,7,-60,180.83
4265.892505645752,0,-4,3,-299,-11,-77,180.48
4281.948566436768,-1,-4,6,-275,-23,-81,180.66
4297.901153564453,-3,-2,10,-218,-47,-94,181.18
4313.944578170776,-4,-1,12,-184,-59,-96,179.08
4326.977252960205,-6,0,15,-119,-74,-101,180.83
4343.931436538696,-7,0,16,-90,-83,-101,180.39
4359.888553619385,-9,1,18,-26,-78,-100,180.39
4376.096248626709,-9,1,19,-9,-88,-101,179.78
4392.074346542358,-8,2,19,26,-86,-100,179.34
4405.139446258545,-7,1,19,33,-83,-99,179.69
4421.216726303101,-6,0,18,26,-83,-100,180.57
4437.174558639526,-5,-1,15,0,-93,-100,179.78
4454.0910720825195,-4,-2,14,-23,-95,-100,180.48
4470.088243484497,-2,-2,10,-64,-93,-100,180.57
4483.014822006226,-1,-2,8,-88,-88,-99,180.74
4499.009132385254,0,-1,6,-131,-76,-99,180.92
4514.9664878845215,0,-1,6,-146,-69,-99,178.99
4531.883239746094,2,-1,8,-162,-64,-95,179.69
4548.043251037598,2,-2,8,-179,-57,-96,180.13
4561.110258102417,2,-3,10,-198,-52,-93,180.30
4577.067136764526,2,-3,9,-215,-50,-92,180.39
4593.0681228637695,2,-2,7,-239,-35,-86,180.39
4609.020471572876,2,-1,6,-254,-30,-84,180.39
4624.978542327881,3,0,2,-285,-14,-75,180.57
4637.947559356689,3,0,0,-323,0,-64,180.39
4655.106544494629,3,-1,-1,-326,0,-58,179.69
4671.064138412476,3,-4,-2,-345,19,-45,179.69
4687.063694000244,3,-4,-4,-347,31,-40,181.18
4699.985027313232,3,-4,-7,-347,38,-29,180.30
4715.943813323975,3,-4,-8,-352,53,-24,180.30
4732.120513916016,3,-5,-8,-342,65,-11,179.52
4749.029874801636,3,-7,-8,-328,74,-6,181.18
4765.1917934417725,2,-6,-10,-318,77,-2,179.88
4778.13196182251,2,-5,-10,-304,84,1,180.57
4794.1272258758545,2,-3,-11,-302,81,6,180.57
4810.225009918213,2,-3,-10,-299,81,7,180.40
4826.173782348633,1,-5,-8,-290,81,11,180.13
4842.297554016113,1,-5,-8,-287,86,12,179.88
4855.308055877686,-2,-9,-11,-268,93,18,180.57
4872.35426902771,-4,-8,-17,-237,117,26,179.43
4888.359308242798,-4,-5,-19,-225,113,29,180.57
4904.4342041015625,-1,0,-19,-191,125,32,179.88
4920.365333557129,-1,0,-19,-191,129,32,180.75
4933.384656906128,-2,-9,-15,-203,115,30,180.83
4950.432538986206,-2,-12,-12,-213,113,27,181.01
4966.482400894165,-2,-12,-8,-227,103,23,179.62
4982.5263023376465,-1,-7,-9,-232,103,21,180.23
4998.523235321045,-1,0,-13,-239,91,17,180.57
5014.53161239624,-1,0,-14,-254,91,17,180.23
5027.591228485107,-1,-4,-14,-258,96,15,180.57
5043.586254119873,0,-6,-13,-275,96,8,181.09
5059.672117233276,0,-7,-11,-282,89,5,179.96
5076.5814781188965,0,-7,-8,-316,93,-3,180.39
5088.759422302246,0,-7,-6,-321,86,-9,180.23
5105.711460113525,1,-5,-3,-333,72,-24,179.78
5121.668577194214,1,-4,-3,-347,55,-30,180.83
5137.751817703247,2,-1,-1,-350,36,-45,180.48
5154.051065444946,1,-1,0,-347,21,-48,180.48
5167.072772979736,2,-1,2,-333,5,-63,180.39
5183.043479919434,2,-1,4,-318,-4,-66,180.23
5199.111700057983,2,-2,6,-294,-28,-77,179.34
5215.070724487305,1,-3,8,-273,-38,-81,179.88
5232.024431228638,0,-2,10,-234,-54,-89,180.39
5244.951486587524,1,-1,10,-220,-62,-93,181.53
5260.916948318481,0,0,11,-179,-78,-93,180.74
5276.90863609314,-1,0,12,-148,-86,-98,180.39
5292.865991592407,-1,1,13,-131,-83,-100,179.69
5309.81707572937,0,1,14,-98,-95,-100,180.13
5322.743892669678,0,0,15,-81,-93,-100,180.39
5338.733673095703,-1,0,14,-76,-95,-101,180.30
5354.703664779663,-1,0,14,-71,-102,-99,180.04
5370.655298233032,-1,-1,14,-59,-98,-99,180.39
5387.610197067261,-2,-2,14,-64,-105,-99,179.69
5400.5842208862305,-2,-1,14,-66,-107,-100,180.39
5416.627645492554,-2,0,14,-66,-102,-99,180.39
5432.742357254028,-2,1,12,-76,-90,-101,179.34
5448.700428009033,-1,2,12,-81,-81,-102,179.69
5465.610980987549,-1,1,13,-98,-78,-100,180.39
5481.7633628845215,-1,-1,14,-110,-76,-101,180.30
5494.930028915405,-1,-2,14,-126,-83,-98,180.39
5510.887384414673,0,-2,12,-158,-71,-96,179.78
5526.884078979492,0,-2,10,-184,-64,-95,179.08
5542.840957641602,0,0,6,-234,-50,-87,180.04
5555.768728256226,0,0,4,-249,-40,-85,179.95
5572.721004486084,1,0,1,-290,-16,-75,180.39
5588.792085647583,1,-1,0,-311,-9,-66,179.69
5604.816198348999,2,-4,0,-330,9,-57,180.39
5620.746850967407,2,-5,-1,-338,17,-48,180.39
5633.726596832275,2,-4,-4,-354,38,-37,180.30
5649.798631668091,2,-3,-5,-354,43,-32,180.56
5666.712999343872,2,-6,-5,-342,62,-20,181.09
5682.670831680298,1,-7,-7,-330,77,-9,180.39
5698.668003082275,1,-6,-8,-330,81,-5,179.88
5711.6029262542725,0,-3,-11,-306,86,5,180.39
5727.6976108551025,0,-2,-12,-294,84,5,179.88
5743.75581741333,-1,-3,-11,-275,84,12,180.04
5759.811639785767,-3,-5,-11,-273,91,12,180.23
5776.932716369629,-15,-15,-15,-244,117,22,180.39
5790.008783340454,-14,-14,-19,-218,134,26,179.69
5806.035041809082,-7,-5,-19,-160,161,35,180.04
5822.03483581543,-4,-3,-19,-148,170,33,180.57
5837.989330291748,-5,0,-19,-143,168,30,180.39
5854.093313217163,-9,-9,-15,-174,144,29,180.74
5871.022939682007,-10,-16,-9,-203,122,25,180.74
5883.9733600616455,-5,-19,-2,-251,108,15,180.48
5899.928331375122,-4,-17,-2,-273,105,10,180.57
5915.93074798584,-1,5,-11,-299,93,3,181.09
5931.985855102539,0,12,-13,-299,74,0,181.09
5948.904752731323,0,6,-11,-318,65,-7,181.45
5961.9200229644775,0,-2,-7,-323,62,-12,180.30
5977.931022644043,2,-13,-1,-335,72,-21,180.48
5993.93105506897,2,-13,-1,-338,74,-23,181.09
6009.888648986816,3,-7,-3,-345,62,-33,180.04
6025.852918624878,3,-5,-4,-347,53,-36,180.74
6039.76583480835,2,-3,-4,-347,33,-44,179.95
6055.7239055633545,1,-2,-2,-340,24,-55,180.39
6071.724653244019,1,-1,-1,-333,9,-60,180.21
6087.678909301758,0,-2,1,-306,-11,-74,181.01
6103.635549545288,-1,-3,3,-290,-16,-78,180.39
6117.558240890503,-4,-3,8,-242,-42,-89,178.81
6133.51583480835,-5,-3,9,-198,-50,-94,180.30
6149.513244628906,-8,-1,13,-136,-62,-101,179.51
6165.470361709595,-9,0,14,-93,-71,-102,180.30
6181.479454040527,-9,1,18,-14,-66,-103,180.04
6195.4004764556885,-10,1,19,14,-71,-102,180.30
6211.42053604126,-9,1,19,72,-71,-99,180.56
6227.433919906616,-8,0,19,74,-74,-95,180.56
6243.5548305511475,-9,0,19,79,-86,-96,180.39
6259.511947631836,-7,0,15,53,-83,-99,180.39
6272.437572479248,-6,0,13,33,-81,-101,180.30
6288.44141960144,-4,-2,10,-2,-81,-100,180.21
6305.34815788269,-3,-2,9,-30,-74,-102,180.39
6321.410417556763,-1,-4,8,-74,-78,-101,179.86
6337.417364120483,0,-4,8,-88,-74,-101,179.95
6350.425481796265,0,-3,8,-114,-64,-102,180.39
6366.441488265991,0,-2,8,-122,-57,-101,180.21
6383.355379104614,0,-1,9,-143,-54,-98,180.30
6399.384260177612,1,-1,10,-150,-47,-99,180.21
6415.472745895386,1,-1,10,-172,-42,-96,180.21
6428.396701812744,1,-1,9,-191,-40,-95,180.21
6444.477319717407,1,-1,7,-220,-33,-92,180.12
6460.433721542358,1,-2,4,-261,-14,-83,180.39
6477.347135543823,1,-2,3,-280,-6,-76,180.04
6489.315986633301,2,-2,0,-316,5,-64,180.91
6506.270170211792,2,-2,-2,-328,14,-57,180.21
6522.26448059082,2,-5,-4,-347,29,-44,180.39
6538.226127624512,2,-5,-5,-345,43,-38,180.12
6555.139780044556,2,-7,-6,-350,65,-27,179.86
6568.105459213257,3,-7,-7,-350,74,-24,179.86
6584.249973297119,3,-7,-8,-333,77,-12,179.95
6600.204944610596,3,-7,-7,-328,81,-10,180.21
6616.204738616943,2,-5,-8,-314,91,-3,179.34
6632.165193557739,2,-4,-8,-309,91,-1,178.99
6646.085977554321,1,-2,-9,-304,93,2,180.39
6662.041902542114,0,-2,-10,-294,98,7,180.74
6677.999496459961,-3,-5,-11,-282,93,10,180.39
6693.998098373413,-12,-16,-14,-254,141,19,180.21
6709.954023361206,-11,-16,-18,-220,153,25,180.39
6722.9323387146,-6,-6,-19,-167,156,34,180.39
6739.945411682129,-4,-3,-19,-148,170,32,179.69
6755.904197692871,-5,-3,-19,-143,177,32,180.04
6771.907329559326,-6,-5,-19,-146,165,31,179.69
6787.861108779907,-9,-15,-11,-179,141,26,180.39
6804.818153381348,-8,-18,-8,-210,122,22,180.39
6817.740440368652,-5,-12,-7,-251,117,12,180.66
6833.697080612183,-4,-4,-8,-275,105,6,179.25
6849.757194519043,-1,6,-10,-306,89,-3,180.48
6865.8599853515625,0,1,-5,-328,62,-14,180.30
6881.818056106567,0,-3,-2,-338,67,-21,180.30
6895.73860168457,3,-6,1,-345,53,-35,180.39
6911.798715591431,3,-6,1,-347,50,-42,179.60
6927.966833114624,4,-4,1,-345,43,-48,180.39
6944.019556045532,3,-5,2,-340,31,-54,180.66
6960.0279331207275,4,-5,3,-330,21,-64,180.21
6972.951412200928,4,-5,4,-321,26,-67,180.30
6988.9514446258545,4,-4,5,-302,14,-74,180.21
7005.11908531189,4,-4,5,-287,9,-77,180.30
7022.027969360352,4,-3,5,-268,2,-84,180.21
7034.994840621948,4,-3,5,-263,5,-87,180.21
7050.95100402832,4,-3,6,-234,-2,-90,180.30
7066.907644271851,4,-3,6,-227,-2,-92,180.56
7082.902669906616,2,-4,8,-201,-9,-96,180.56
7099.817991256714,1,-5,10,-172,-18,-99,180.56
7112.786054611206,1,-4,11,-155,-23,-101,180.30
7128.742933273315,0,-3,12,-129,-21,-102,181.01
7144.747018814087,0,-3,13,-105,-28,-105,179.86
7160.705804824829,0,-2,14,-88,-26,-103,180.04
7177.724123001099,-1,-2,15,-76,-30,-105,180.21
7190.688848495483,-2,-2,16,-62,-38,-105,181.01
7206.6473960876465,-2,-1,16,-59,-33,-107,180.21
7222.644090652466,-3,-1,16,-59,-26,-104,180.56
7238.801002502441,-2,-1,16,-74,-28,-104,181.26
7254.753589630127,-1,-3,16,-86,-28,-104,179.69
7271.711826324463,-1,-5,14,-117,-30,-101,180.30
7284.628391265869,-1,-5,13,-131,-23,-99,179.69
7300.679683685303,0,-4,8,-186,-14,-95,181.01
7316.761255264282,0,-2,5,-213,2,-93,180.21
7332.761764526367,2,-1,2,-256,19,-83,180.56
7345.8898067474365,2,-2,1,-282,26,-78,180.21
7361.847162246704,2,-6,1,-306,33,-69,179.25
7378.144979476929,3,-7,0,-311,45,-66,181.09
7394.10138130188,4,-6,0,-328,55,-54,180.39
7411.073446273804,4,-4,-1,-340,65,-51,180.56
7424.0429401397705,4,-2,-3,-347,67,-43,180.21
7440.096855163574,4,-2,-3,-347,69,-38,180.74
7456.191539764404,3,-3,-4,-347,74,-26,179.86
7472.198247909546,2,-4,-4,-340,81,-23,181.36
7488.323211669922,2,-6,-5,-328,91,-14,180.56
7501.244068145752,0,-5,-7,-318,101,-3,180.21
7518.199920654297,0,-4,-9,-302,108,2,180.04
7534.157991409302,0,-3,-12,-278,108,12,180.39
7550.323963165283,0,-2,-13,-268,103,16,180.21
7566.323041915894,0,-5,-13,-242,117,21,179.25
7579.256296157837,-2,-7,-12,-234,113,22,180.39
7595.202445983887,-6,-12,-12,-220,122,31,180.39
7612.157583236694,-6,-11,-15,-201,127,34,180.39
7628.188371658325,-3,-4,-19,-167,134,39,180.21
7644.228219985962,-2,-1,-19,-160,141,41,179.86
7660.332679748535,-3,0,-18,-170,146,38,180.30
7673.461198806763,-6,-5,-13,-179,125,34,180.30
7689.461469650269,-6,-9,-12,-191,122,34,180.56
7706.498384475708,-6,-10,-13,-196,120,30,179.51
7722.488880157471,-6,-7,-16,-191,127,27,180.30
7738.689184188843,-4,-2,-19,-206,134,23,180.91
7754.674434661865,-4,-2,-19,-213,139,18,180.21
7767.590045928955,-5,-4,-17,-246,141,8,180.47
7783.710718154907,-6,-5,-14,-270,134,2,180.66
7799.669981002808,-8,-3,-8,-316,120,-15,180.74
7816.580295562744,-8,0,-5,-330,108,-25,180.66
7832.579851150513,-7,2,-1,-338,77,-48,180.47
7845.5023765563965,-6,-2,4,-318,60,-68,179.86
7861.503839492798,-5,-4,7,-297,45,-76,181.01
7877.41756439209,-4,-5,12,-242,19,-89,180.21
7894.368886947632,-3,-5,13,-220,2,-95,180.21
7910.369157791138,-3,-3,13,-170,-11,-99,181.09
7923.2940673828125,-3,-2,12,-146,-16,-101,180.21
7939.297437667847,-4,-1,13,-102,-23,-103,180.56
7955.254793167114,-4,-1,13,-90,-30,-104,179.77
7972.229480743408,-4,0,13,-62,-30,-104,180.30
7988.364934921265,-4,-1,14,-38,-38,-106,179.86
8001.340866088867,-5,-3,16,-28,-45,-103,180.56
8017.3749923706055,-5,-3,17,-11,-54,-102,180.04
8033.37287902832,-5,-3,17,2,-66,-102,180.30
8049.371719360352,-4,-2,16,0,-59,-102,179.95
8066.338777542114,-3,-2,15,-2,-62,-103,180.21
8079.304933547974,-2,-1,12,-21,-50,-104,180.82
8095.314741134644,-2,-2,11,-33,-42,-105,180.39
8111.3715171813965,-2,-3,10,-62,-40,-104,179.95
8127.330541610718,-1,-3,10,-74,-38,-104,180.91
8144.337177276611,-1,-4,11,-95,-40,-102,180.21
8156.413316726685,0,-4,11,-114,-35,-102,180.56
8173.3558177948,0,-3,10,-136,-23,-102,180.04
8189.409017562866,0,-2,9,-150,-21,-99,180.21
8205.519676208496,1,-1,8,-177,-2,-98,179.95
8221.575736999512,1,-1,7,-194,0,-95,180.30
8234.592199325562,1,-3,6,-227,9,-89,180.56
8250.710248947144,1,-5,6,-254,14,-83,181.26
8266.62278175354,0,-5,5,-273,33,-78,180.39
8283.577680587769,1,-3,3,-302,41,-71,180.12
8299.579858779907,1,-2,2,-316,45,-65,180.74
8312.525510787964,2,-2,0,-333,57,-53,180.82
8328.532934188843,1,-2,0,-338,67,-46,180.74
8344.5565700531,0,-3,-4,-345,79,-33,180.04
8360.618829727173,-1,-4,-6,-338,89,-22,180.04
8377.651929855347,-2,-5,-10,-323,103,-6,180.04
8390.599489212036,-2,-5,-12,-309,110,0,179.25
8406.556367874146,-2,-5,-14,-268,110,14,180.82
8422.558069229126,-2,-5,-15,-251,110,16,180.12
8438.59338760376,-2,-5,-16,-230,113,24,180.74
8454.700708389282,-3,-6,-15,-220,127,27,180.91
8467.84782409668,-5,-7,-15,-213,125,30,180.12
8484.800577163696,-6,-9,-17,-194,127,34,180.91
8500.757694244385,-4,-7,-18,-182,134,35,180.39
8516.714811325073,-2,-2,-19,-172,139,36,180.12
8532.715797424316,-2,0,-19,-179,139,33,181.17
8549.639701843262,-3,0,-15,-194,127,31,179.86
8562.726974487305,-4,-3,-13,-198,122,30,180.74
8578.76205444336,-5,-10,-10,-222,108,24,180.56
8594.926834106445,-5,-13,-11,-225,108,23,180.04
8610.927104949951,-5,-10,-15,-215,113,22,180.91
8626.88398361206,-4,-4,-19,-225,117,20,180.21
8639.806032180786,-3,-3,-19,-234,122,15,180.12
8656.762599945068,-4,-1,-14,-275,103,5,180.91
8672.719717025757,-6,-2,-10,-294,89,-3,180.39
8688.725233078003,-5,-4,-3,-330,69,-21,180.12
8704.689979553223,-3,-5,0,-347,53,-31,180.82
8717.598915100098,-1,-4,3,-340,29,-50,181.44
8734.590768814087,0,-3,5,-338,12,-58,180.39
8750.511169433594,0,-5,8,-309,-11,-71,180.39
8766.467571258545,1,-4,9,-294,-18,-75,180.12
8783.421516418457,1,-4,11,-261,-50,-84,179.86
8795.488357543945,1,-2,10,-242,-59,-85,180.65
8812.532186508179,0,0,9,-213,-71,-91,179.69
8828.490018844604,0,1,10,-179,-81,-95,179.95
8844.529867172241,0,2,11,-160,-86,-96,179.95
8860.65125465393,0,1,13,-126,-93,-100,180.04
8873.7313747406,-1,1,14,-100,-100,-101,179.69
8889.8766040802,-1,1,16,-76,-114,-101,180.91
8905.877828598022,-1,2,17,-52,-110,-100,180.47
8921.834230422974,0,2,16,-42,-110,-99,179.69
8938.789129257202,0,3,15,-40,-105,-99,180.74
8954.710721969604,0,3,12,-62,-105,-99,180.04
8967.669010162354,0,3,11,-71,-102,-100,180.04
8983.710765838623,0,2,9,-95,-95,-99,179.69
8999.679803848267,0,0,9,-117,-98,-99,180.39
9016.733646392822,0,-1,10,-122,-93,-98,180.04
9032.870054244995,0,-3,14,-136,-112,-96,179.69
9045.837879180908,0,-4,15,-138,-117,-93,180.39
9061.792850494385,0,-3,16,-148,-117,-93,180.04
9077.802896499634,0,-2,15,-160,-105,-95,180.74
9093.783378601074,0,1,11,-184,-86,-94,180.04
9110.711574554443,0,2,9,-208,-81,-90,180.39
9123.63052368164,0,4,5,-244,-59,-83,180.12
9139.58716392517,0,4,4,-270,-54,-78,179.69
9155.587434768677,0,0,1,-311,-28,-66,180.74
9172.550678253174,0,-2,0,-328,-21,-57,180.56
9188.536643981934,-3,-7,-1,-347,24,-41,179.95
9201.509952545166,-3,-3,-9,-347,50,-20,180.65
9217.587947845459,-4,-2,-12,-338,55,-8,181.52
9233.591794967651,-3,-4,-14,-306,84,2,180.12
9249.549150466919,-3,-6,-14,-282,98,9,180.56
9265.506505966187,-3,-8,-16,-244,108,20,179.86
9279.422998428345,-3,-8,-17,-225,117,24,180.04
9295.379877090454,-3,-7,-16,-198,129,27,179.34
9311.3853931427,-3,-7,-15,-201,134,27,180.04
9327.34203338623,-5,-9,-13,-191,139,34,180.29
9344.300270080566,-6,-12,-12,-189,146,34,179.86
9357.215642929077,-5,-14,-14,-167,151,40,179.86
9373.592138290405,-3,-8,-17,-158,146,39,179.69
9389.549255371094,-2,-4,-17,-155,151,38,180.47
9405.726671218872,-1,0,-15,-182,149,34,180.74
9421.728372573853,-1,0,-13,-196,139,30,181.36
9437.74151802063,-1,-6,-7,-227,115,26,180.56
9450.714111328125,-1,-10,-4,-234,117,23,180.04
9467.670440673828,0,-15,-3,-249,108,19,180.74
9483.627080917358,0,-13,-5,-246,96,20,179.86
9499.644041061401,0,-7,-10,-242,98,18,180.04
9515.590906143188,0,-5,-13,-239,103,20,180.47
9529.504776000977,0,-3,-15,-230,98,17,179.86
9545.462131500244,0,-4,-14,-234,96,18,179.69
9561.419486999512,0,-11,-10,-249,84,15,180.82
9577.520608901978,0,-15,-8,-266,67,10,180.39
9593.540906906128,0,-14,-8,-275,57,8,180.74
9606.464385986328,0,-8,-8,-297,36,2,180.04
9622.465372085571,0,-5,-8,-306,17,-1,180.39
9639.376640319824,1,-2,-5,-318,-11,-9,180.65
9655.377388000488,1,0,-5,-330,-26,-13,181.44
9668.300151824951,2,3,-3,-330,-64,-23,180.65
9684.255599975586,3,4,-2,-328,-83,-29,180.91
9700.259685516357,3,3,1,-318,-119,-42,180.65
9717.169761657715,3,1,3,-309,-126,-50,180.20
9733.125448226929,1,2,6,-278,-153,-62,180.29
9746.092081069946,0,2,7,-258,-170,-62,179.95
9762.062788009644,0,4,9,-218,-177,-74,179.86
9779.003858566284,0,5,12,-167,-194,-80,180.74
9794.96145248413,0,6,13,-141,-196,-81,180.29
9810.964345932007,0,7,16,-102,-194,-84,180.65
9826.92003250122,1,7,16,-86,-191,-86,180.29
9839.841365814209,2,8,16,-71,-184,-88,179.86
9856.796026229858,2,9,14,-69,-182,-87,180.29
9872.753381729126,2,10,10,-95,-179,-88,178.90
9888.842344284058,2,10,7,-114,-172,-87,179.86
9904.849767684937,3,11,2,-155,-167,-84,179.77
9917.770385742188,3,11,0,-179,-162,-81,180.65
9934.723615646362,4,9,-3,-227,-153,-75,180.38
9950.764894485474,4,1,-5,-263,-129,-68,179.86
9966.737031936646,5,-1,-5,-287,-112,-65,180.65
9982.726335525513,6,-5,-4,-304,-83,-63,180.20
9995.85485458374,6,-6,-4,-316,-71,-62,180.12
10011.90733909607,5,-8,-1,-311,-47,-67,180.12
10027.910947799683,4,-6,0,-311,-42,-74,180.65
10044.822216033936,1,-3,2,-278,-18,-79,180.04
10060.820817947388,0,-3,5,-273,-11,-84,180.56
10073.745012283325,1,-3,11,-234,-4,-91,178.98
10089.853763580322,1,-4,13,-210,-4,-94,180.03
10105.857610702515,0,-7,14,-189,19,-96,179.77
10121.815919876099,0,-9,14,-189,24,-96,180.29
10138.800859451294,-1,-16,15,-186,33,-97,179.86
10151.68833732605,-1,-18,17,-177,36,-98,180.29
10167.645692825317,0,-18,16,-186,43,-96,180.56
10183.64667892456,2,-9,7,-196,72,-90,180.56
10199.622631072998,3,-3,2,-225,89,-89,180.38
10216.5687084198,5,2,-2,-244,108,-80,180.47
10229.750633239746,5,-2,-1,-256,113,-80,180.56
10245.708703994751,2,-19,7,-246,103,-84,179.77
10261.709451675415,2,-19,13,-244,101,-86,180.65
10277.671813964844,0,-19,17,-232,81,-89,180.65
10294.577360153198,0,-19,14,-237,74,-87,180.56
10306.545734405518,0,-7,5,-254,62,-83,179.60
10323.500156402588,0,-7,6,-261,62,-83,179.68
10339.501857757568,0,-8,11,-268,21,-84,181.09
10355.620861053467,0,-8,13,-263,-9,-82,181.00
10371.6299533844,0,-5,10,-275,-23,-79,181.17
10384.54818725586,0,1,2,-287,-52,-72,180.03
10401.503086090088,0,6,0,-297,-59,-67,179.95
10417.516708374023,4,10,-3,-309,-81,-62,180.56
10433.54606628418,6,8,-2,-309,-95,-59,180.47
10449.528932571411,6,4,0,-311,-110,-55,180.29
10462.546825408936,6,4,0,-306,-122,-52,179.95
10478.662490844727,7,5,1,-304,-129,-51,179.77
10495.72491645813,7,6,1,-304,-138,-48,179.95
10511.682271957397,8,6,0,-306,-141,-45,181.09
10527.687788009644,8,5,0,-309,-138,-42,180.39
10540.60411453247,8,1,0,-311,-129,-38,180.04
10556.660890579224,6,0,-1,-321,-110,-27,181.44
10572.83616065979,5,0,-3,-321,-107,-23,180.29
10588.962078094482,4,0,-9,-318,-88,-12,180.74
10605.028629302979,3,1,-11,-306,-93,-6,180.39
10618.948221206665,3,0,-15,-299,-66,3,179.34
10634.905576705933,3,-3,-15,-285,-52,6,180.56
10650.866270065308,2,-8,-17,-275,-21,12,181.09
10666.818857192993,2,-8,-18,-266,-26,15,180.39
10682.820558547974,1,-6,-19,-246,-14,17,180.74
10695.759773254395,0,-3,-19,-249,-9,18,179.16
10712.69702911377,0,4,-19,-266,-4,12,180.74
10728.745222091675,0,7,-18,-280,0,8,181.09
10744.858503341675,-3,6,-12,-318,0,-7,181.09
10760.8163356781,-6,-3,-2,-347,2,-29,180.04
10773.738861083984,-4,-5,1,-345,12,-39,179.86
10790.694236755371,0,-13,11,-333,17,-59,179.69
10806.65135383606,0,-14,16,-321,19,-71,179.95
10822.654485702515,0,-12,19,-278,12,-84,180.04
10838.605165481567,-1,-9,18,-258,7,-87,180.39
10851.53603553772,0,0,14,-242,26,-90,180.39
10868.486404418945,0,2,12,-237,33,-90,180.39
10884.443759918213,3,4,11,-244,57,-89,180.39
10900.444269180298,1,1,9,-246,67,-86,178.99
10916.456937789917,1,-9,8,-256,81,-81,180.39
10929.550647735596,0,-17,10,-258,103,-79,180.04
10945.671558380127,-1,-19,16,-256,122,-78,180.39
10962.583303451538,0,-19,2,-278,156,-63,180.39
10978.540658950806,1,-13,-8,-292,165,-49,180.04
10994.54140663147,6,2,-14,-311,156,-41,179.95
11010.499477386475,6,-1,-11,-321,151,-42,181.44
11024.418830871582,4,-19,1,-314,161,-50,180.39
11040.374994277954,4,-19,6,-304,158,-54,179.69
11056.418895721436,3,-19,11,-302,129,-60,180.29
11072.46732711792,2,-19,10,-314,120,-63,180.04
11088.42396736145,1,-12,7,-311,84,-61,180.56
11101.349115371704,1,-8,5,-323,67,-61,180.04
11118.304252624512,3,-4,2,-330,31,-57,179.25
11134.260416030884,3,-3,2,-335,14,-56,180.74
11150.262832641602,3,-1,1,-338,-14,-52,181.09
11166.269540786743,4,1,0,-338,-42,-48,180.39
11179.412364959717,5,2,-1,-330,-57,-45,181.09
11195.411205291748,6,3,-2,-333,-81,-41,180.39
11211.369276046753,7,2,-1,-338,-81,-39,180.39
11228.394985198975,6,3,-1,-326,-100,-37,179.69
11244.511365890503,6,5,-1,-326,-105,-36,180.04
11257.56573677063,8,7,-1,-316,-126,-35,181.09
11273.58627319336,8,7,-1,-314,-138,-34,180.39
11289.586067199707,8,4,-1,-309,-141,-30,180.82
11305.54485321045,8,2,0,-314,-126,-29,180.12
11322.478294372559,8,1,-2,-314,-138,-23,179.95
11335.421085357666,7,2,-4,-309,-131,-21,179.86
11351.378202438354,6,4,-9,-299,-122,-15,181.44
11367.379665374756,6,4,-11,-297,-122,-9,179.69
11383.291959762573,6,3,-12,-304,-112,-7,180.21
11400.302648544312,6,-1,-11,-299,-95,-3,180.39
11413.48671913147,6,-2,-11,-297,-86,-2,180.04
11429.412126541138,5,-2,-13,-299,-71,-2,180.56
11445.603370666504,5,0,-14,-297,-69,0,180.65
11461.605787277222,4,3,-15,-304,-59,0,180.04
11477.564096450806,3,5,-15,-309,-52,-3,180.39
11490.482807159424,2,7,-11,-326,-40,-12,179.86
11507.438659667969,1,6,-8,-335,-38,-17,180.39
11523.39482307434,0,1,-2,-354,-21,-31,180.65
11539.394617080688,0,-1,0,-350,-6,-36,180.74
11552.318096160889,1,-6,6,-352,21,-50,179.95
11568.288803100586,2,-10,9,-333,53,-57,180.39
11585.229873657227,2,-11,10,-326,65,-60,180.65
11601.187229156494,3,-14,10,-318,93,-61,179.69
11617.172479629517,3,-14,9,-316,113,-61,180.39
11633.100271224976,3,-16,5,-304,139,-58,178.55
11646.071672439575,3,-17,4,-304,153,-55,179.95
11663.021564483643,3,-19,4,-292,168,-53,179.34
11679.07452583313,4,-18,2,-290,170,-53,181.35
11695.19591331482,4,-11,-1,-294,175,-50,180.04
11711.133480072021,4,-8,-2,-306,175,-49,179.51
11724.055290222168,4,-7,-1,-299,173,-47,180.04
11741.009712219238,4,-10,2,-292,165,-51,181.09
11756.967544555664,4,-13,3,-297,173,-52,180.39
11772.969484329224,4,-16,5,-297,173,-52,179.86
11788.921356201172,4,-16,5,-297,175,-53,180.29
11801.940202713013,4,-16,3,-302,165,-50,179.86
11818.92442703247,4,-16,3,-311,161,-49,180.56
11834.953308105469,4,-15,2,-311,146,-46,180.56
11851.004362106323,3,-15,2,-323,137,-45,180.56
11867.156982421875,2,-15,1,-330,108,-39,180.04
11883.126258850098,2,-14,0,-335,108,-38,180.04
11896.090745925903,2,-11,-2,-347,77,-35,180.39
11912.091255187988,1,-8,-3,-347,43,-32,180.20
11928.229093551636,1,-5,-5,-347,19,-32,180.20
11945.141553878784,1,4,-8,-347,-28,-29,179.86
11961.140632629395,2,10,-9,-345,-54,-29,180.74
11974.064588546753,6,10,-5,-330,-86,-37,179.95
11990.065813064575,6,6,-2,-326,-105,-40,180.65
12006.076574325562,7,4,2,-326,-122,-42,180.04
12022.99690246582,8,3,3,-306,-131,-45,180.39
12038.996696472168,8,5,2,-304,-148,-47,180.29
12051.917314529419,8,6,1,-304,-146,-45,180.74
12067.914962768555,8,7,0,-297,-146,-46,180.29
12083.972454071045,8,7,0,-299,-148,-46,180.65
12100.001096725464,8,6,0,-299,-143,-43,180.74
12117.04707145691,8,5,0,-302,-150,-42,181.09
12129.90665435791,11,0,2,-314,-134,-41,180.12
12145.869016647339,9,-4,2,-311,-131,-38,180.39
12162.055015563965,9,-3,1,-323,-122,-36,180.65
12178.010702133179,7,2,-4,-323,-119,-32,181.26
12194.920301437378,7,6,-6,-314,-117,-30,179.86
12207.886695861816,6,11,-8,-321,-114,-29,180.29
12223.843574523926,5,10,-8,-321,-100,-27,181.00
12239.839792251587,4,8,-7,-333,-81,-30,179.95
12255.805015563965,3,6,-5,-335,-71,-30,180.29
12272.714138031006,2,3,-2,-345,-42,-35,180.65
12285.678625106812,2,2,0,-342,-28,-36,180.39
12301.73110961914,2,-5,2,-350,14,-38,180.29
12317.733526229858,2,-16,5,-345,69,-37,179.86
12333.814859390259,1,-19,6,-340,89,-36,179.95
12349.844455718994,0,-19,-2,-326,144,-24,180.65
12362.803220748901,1,-15,-8,-318,156,-16,180.65
12379.757642745972,2,-8,-14,-297,165,-13,179.86
12395.71237564087,3,-7,-13,-287,180,-14,180.04
12411.922931671143,1,-8,-11,-280,197,-15,179.95
12428.240537643433,0,-13,-7,-282,206,-18,179.51
12444.197177886963,0,-19,2,-266,218,-28,179.86
12457.11636543274,0,-19,6,-263,230,-29,179.60
12474.07341003418,1,-19,5,-266,218,-32,180.39
12490.033864974976,1,-14,0,-282,213,-34,181.35
12506.032943725586,2,3,-5,-306,177,-33,180.91
12521.989822387695,4,2,-1,-316,153,-40,179.86
12534.910917282104,3,-3,1,-314,161,-45,179.77
12551.865577697754,5,-11,8,-294,161,-50,180.29
12567.823648452759,5,-13,8,-304,165,-50,180.74
12583.826780319214,4,-14,5,-302,170,-45,179.60
12599.735975265503,4,-16,4,-302,177,-43,180.74
12612.703084945679,2,-19,1,-306,182,-35,180.56
12629.657506942749,2,-19,-1,-299,182,-30,180.04
12645.612239837646,0,-15,-8,-304,161,-22,181.44
12661.57078742981,1,-13,-10,-306,153,-17,179.95
12677.628993988037,2,-13,-9,-318,129,-15,179.51
12693.840265274048,0,-13,-6,-323,101,-16,179.16
12706.720113754272,0,-9,-7,-333,77,-18,180.39
12722.930192947388,0,0,-7,-342,24,-25,180.04
12739.84169960022,1,4,-5,-350,0,-29,180.20
12755.849838256836,3,2,0,-342,-38,-40,181.09
12768.764734268188,5,0,3,-340,-57,-43,180.74
12784.723281860352,6,2,5,-323,-90,-50,180.39
12800.726652145386,6,4,4,-318,-102,-51,180.04
12816.895961761475,7,7,1,-306,-122,-51,180.56
12833.870649337769,6,9,0,-306,-134,-48,181.00
12846.837043762207,7,8,0,-304,-134,-48,180.39
12862.795114517212,8,7,0,-304,-141,-47,180.74
12878.789186477661,8,4,0,-311,-136,-43,181.00
12894.752740859985,8,3,0,-309,-134,-39,180.56
12911.673545837402,8,3,-1,-314,-134,-39,179.77
12927.881479263306,9,2,-2,-316,-124,-36,181.26
12940.804481506348,10,0,-2,-316,-110,-33,180.47
12956.82144165039,9,-3,-2,-330,-100,-29,180.03
12972.764015197754,8,-3,-3,-323,-95,-27,180.38
12989.672899246216,8,0,-7,-326,-83,-24,180.38
13005.680322647095,8,2,-8,-333,-83,-21,179.68
13018.596887588501,7,6,-10,-326,-78,-19,179.86
13034.60669517517,6,7,-9,-333,-71,-21,180.12
13050.539255142212,4,8,-7,-335,-59,-26,180.12
13067.465543746948,4,6,-5,-342,-62,-29,180.65
13079.471588134766,2,3,-1,-347,-42,-37,180.73
13096.429109573364,1,0,1,-350,-6,-42,180.38
13112.444877624512,3,-2,3,-347,7,-44,180.38
13128.44467163086,3,-14,7,-345,57,-44,180.73
13144.402980804443,1,-19,9,-345,86,-44,181.08
13158.323049545288,0,-19,6,-323,146,-33,181.08
13174.278974533081,0,-19,-1,-318,161,-23,180.73
13190.235137939453,2,-15,-13,-292,168,-12,179.68
13206.23517036438,4,-11,-14,-282,177,-10,179.59
13222.192764282227,4,-5,-14,-285,173,-11,180.38
13239.153385162354,4,-3,-14,-290,173,-11,179.94
13252.06995010376,2,-2,-8,-299,170,-20,180.03
13268.077611923218,0,-6,-1,-311,165,-29,180.20
13284.1477394104,1,-7,1,-309,168,-35,180.03
13300.117015838623,3,-10,6,-309,168,-44,181.08
13317.066431045532,4,-13,8,-294,177,-46,179.68
13329.993963241577,3,-19,10,-285,192,-50,180.38
13346.078157424927,3,-18,8,-285,201,-50,181.08
13362.08200454712,3,-10,-1,-285,201,-39,180.12
13378.037452697754,3,-6,-5,-294,199,-35,180.38
13394.974946975708,4,-4,-6,-287,197,-32,180.29
13407.91368484497,4,-8,-5,-292,197,-35,179.59
13423.87866973877,3,-15,0,-285,204,-35,180.29
13439.873218536377,3,-16,0,-282,201,-35,180.64
13455.892086029053,3,-14,0,-290,201,-36,179.77
13472.237586975098,4,-11,0,-292,189,-34,180.73
13489.164590835571,4,-11,0,-294,189,-35,180.47
13502.112627029419,4,-16,1,-304,185,-35,180.38
13518.066883087158,3,-17,1,-302,175,-36,180.38
13534.066200256348,3,-13,-2,-314,165,-31,180.99
13549.983501434326,3,-10,-4,-318,151,-29,180.47
13566.9584274292,4,-7,-5,-321,134,-29,179.68
13579.904079437256,4,-8,-5,-330,115,-27,180.38
13595.86215019226,4,-12,-2,-338,101,-27,181.08
13612.083435058594,3,-10,-2,-345,79,-29,180.56
13628.069877624512,3,-1,-5,-347,55,-28,180.73
13644.983768463135,6,3,-5,-347,14,-32,179.68
13657.946586608887,7,0,-2,-347,9,-34,180.38
13673.903942108154,7,-7,3,-350,-9,-38,179.94
13689.962387084961,7,-7,4,-350,-14,-41,180.38
13706.066131591797,6,-1,0,-345,-40,-39,180.38
13722.008466720581,7,2,-1,-340,-57,-39,180.73
13734.962463378906,7,7,-2,-335,-78,-38,180.73
13751.901388168335,7,7,-2,-335,-86,-39,181.08
13767.858982086182,8,6,-1,-330,-100,-42,180.29
13783.860445022583,8,5,0,-321,-100,-40,181.08
13799.841165542603,8,2,0,-326,-102,-39,180.03
13812.946319580078,8,1,0,-321,-107,-39,181.17
13828.991889953613,8,2,-1,-321,-95,-36,180.73
13845.01576423645,8,4,-3,-330,-100,-33,180.73
13861.975193023682,8,4,-4,-326,-95,-30,180.73
13877.975702285767,7,3,-5,-338,-76,-26,180.03
13891.030073165894,6,3,-6,-335,-66,-24,180.73
13907.051801681519,6,4,-8,-345,-50,-20,180.29
13923.357009887695,5,3,-8,-338,-40,-20,180.99
13939.681053161621,4,0,-6,-340,-11,-19,180.03
13955.631971359253,4,-1,-5,-345,0,-22,180.03
13968.555927276611,4,-4,-3,-350,33,-23,180.38
13984.54999923706,3,-5,-3,-345,45,-21,180.38
14000.71907043457,4,-9,-3,-342,81,-19,180.73
14017.6842212677,3,-11,-3,-338,91,-20,180.64
14033.690214157104,3,-14,-4,-321,127,-17,180.29
14046.607732772827,3,-14,-5,-314,141,-17,180.38
14062.613248825073,3,-11,-8,-297,161,-15,180.99
14078.564643859863,3,-9,-7,-294,168,-15,180.03
14095.531463623047,3,-9,-6,-297,173,-18,180.47
14111.607551574707,2,-11,-3,-290,185,-24,179.85
14124.522686004639,2,-13,-1,-292,192,-26,180.03
14140.576601028442,3,-17,2,-285,209,-29,180.47
14156.726121902466,3,-18,3,-285,201,-32,179.51
14172.795295715332,3,-13,1,-290,204,-35,180.03
14188.754081726074,4,-10,0,-280,201,-34,180.91
14201.7240524292,4,-5,-2,-292,197,-36,180.73
14218.758821487427,4,-5,-2,-290,192,-36,180.38
14234.813690185547,4,-8,0,-290,189,-35,180.73
14250.911951065063,4,-9,0,-292,192,-34,180.47
14266.830444335938,4,-10,0,-292,194,-36,179.94
14279.793977737427,4,-13,0,-290,199,-34,180.99
14296.927452087402,3,-14,0,-282,204,-32,180.12
14312.889099121094,3,-13,-2,-285,199,-30,179.68
14328.815937042236,3,-13,-3,-287,194,-30,180.73
14344.774961471558,3,-16,-2,-285,189,-27,180.82
14360.890626907349,3,-17,-2,-294,185,-26,180.03
14373.807191848755,2,-16,-3,-299,175,-21,180.12
14390.76042175293,2,-15,-4,-299,173,-22,180.12
14406.717300415039,2,-9,-5,-314,144,-21,181.08
14422.879934310913,3,-5,-5,-338,113,-22,180.82
14438.83466720581,3,-4,-4,-333,101,-23,180.99
14451.75576210022,4,-3,-2,-340,67,-27,179.59
14468.71042251587,5,-3,-1,-345,50,-30,180.29
14484.668731689453,6,-2,0,-352,21,-31,180.73
14500.677824020386,5,-1,0,-350,7,-33,180.03
14516.598463058472,8,-2,1,-350,-11,-35,179.68
14529.548645019531,8,-3,1,-345,-18,-31,179.07
14546.502351760864,6,-3,-1,-347,-28,-30,179.77
14562.46042251587,6,-2,-3,-350,-28,-26,179.68
14578.461170196533,6,1,-7,-338,-42,-22,180.38
14594.417810440063,7,2,-8,-335,-47,-18,180.38
14607.4960231781,8,1,-8,-328,-59,-18,180.38
14623.501300811768,8,1,-7,-328,-66,-17,180.38
14639.518737792969,8,0,-6,-328,-74,-17,180.38
14656.442642211914,8,0,-5,-328,-78,-19,180.03
14669.395208358765,8,1,-5,-321,-86,-20,180.91
14685.38784980774,8,2,-4,-318,-93,-21,180.47
14701.478004455566,8,3,-4,-326,-93,-21,181.26
14717.534303665161,8,4,-4,-323,-102,-23,180.03
14733.690023422241,8,3,-4,-318,-93,-23,180.20
14746.610403060913,8,0,-3,-333,-90,-24,180.56
14763.565301895142,8,0,-3,-321,-88,-23,181.26
14779.522895812988,8,0,-4,-333,-78,-21,180.38
14795.531511306763,8,0,-5,-333,-81,-20,181.08
14811.48624420166,7,3,-7,-328,-76,-21,179.77
14824.41782951355,7,4,-7,-328,-66,-18,180.12
14841.358423233032,6,6,-6,-335,-59,-23,179.68
14857.314348220825,5,4,-4,-345,-47,-28,180.38
14873.284339904785,5,2,-2,-342,-30,-28,180.38
14889.22929763794,5,-5,0,-354,-4,-32,180.38
14902.247428894043,5,-8,1,-352,12,-32,180.20
14918.39051246643,5,-11,0,-347,50,-31,180.47
14935.301542282104,4,-11,-1,-342,65,-26,179.86
14951.324939727783,4,-7,-7,-338,89,-20,180.03
14967.262029647827,4,-6,-8,-330,101,-19,180.12
14980.180978775024,4,-6,-8,-321,122,-16,180.03
14997.135639190674,4,-7,-8,-321,129,-18,180.91
15013.222217559814,3,-6,-5,-316,149,-21,180.38
15029.146909713745,2,-6,-4,-306,151,-24,180.12
15045.244693756104,2,-7,-1,-309,165,-29,180.38
15058.16674232483,2,-11,1,-297,177,-35,181.08
15074.372291564941,2,-17,3,-290,199,-34,180.03
15090.375423431396,0,-19,8,-266,225,-35,180.03
15106.441259384155,0,-19,6,-254,233,-32,179.68
15123.368501663208,1,-16,-6,-261,225,-26,180.03
15136.328220367432,1,-8,-9,-258,221,-24,180.12
15152.28533744812,4,0,-9,-282,206,-27,180.73
15168.286085128784,4,0,-8,-287,199,-27,180.03
15184.29183959961,3,-14,0,-285,194,-29,180.03
15201.364278793335,2,-19,4,-287,197,-32,180.03
15217.37027168274,2,-19,5,-280,199,-30,180.29
15230.287313461304,2,-8,-4,-297,173,-27,179.68
15246.310949325562,3,-3,-7,-309,165,-25,179.85
15262.302160263062,4,-6,-5,-318,149,-25,180.03
15278.266191482544,4,-11,-3,-318,139,-24,180.38
15295.261144638062,3,-14,-1,-321,132,-23,180.38
15308.191061019897,3,-13,-2,-326,120,-24,180.38
15324.174165725708,4,-10,-3,-333,89,-21,180.38
15340.145349502563,3,-10,-3,-330,81,-21,180.12
15356.107711791992,3,-7,-4,-338,55,-18,180.73
15373.056411743164,3,-5,-5,-338,41,-19,180.03
15385.98370552063,4,-2,-3,-342,5,-17,180.99
15401.983499526978,4,-1,-3,-350,-6,-19,180.73
15418.306827545166,5,1,-3,-335,-38,-18,181.08
15434.465408325195,5,1,-3,-330,-59,-15,180.38
15450.429201126099,5,0,-4,-328,-66,-14,180.38
15463.340282440186,5,2,-5,-316,-83,-9,179.68
15479.343175888062,5,3,-6,-314,-88,-5,179.33
15496.254682540894,5,4,-8,-297,-86,-2,181.61
15512.257814407349,6,4,-8,-287,-86,0,180.47
15525.1784324646,6,3,-8,-275,-81,5,180.38
15541.178464889526,5,2,-8,-273,-81,7,180.47
15557.235717773438,5,1,-11,-261,-78,9,180.47
15573.436737060547,5,0,-12,-256,-74,11,180.82
15590.350151062012,5,-3,-13,-251,-69,12,179.51
15602.529525756836,5,-4,-13,-251,-64,14,180.47
15619.482278823853,5,-5,-13,-254,-69,12,180.12
15635.437965393066,5,-4,-13,-256,-71,9,179.77
15651.43632888794,5,-2,-11,-275,-71,5,180.38
15667.593717575073,5,0,-9,-287,-88,-1,180.47
15680.723428726196,5,1,-7,-294,-90,-5,181.17
15696.723699569702,6,0,-3,-311,-100,-14,179.68
15712.682723999023,6,0,-2,-321,-98,-21,180.65
15729.592323303223,6,4,-1,-316,-112,-29,180.03
15745.59235572815,5,6,-1,-321,-107,-32,181.17
15758.51559638977,4,7,0,-323,-107,-45,181.08
15774.51777458191,4,6,1,-323,-107,-47,180.64
15790.475130081177,3,4,4,-321,-86,-54,181.08
15807.385683059692,3,3,5,-318,-78,-58,180.47
15823.38547706604,2,1,5,-328,-38,-57,179.77
15836.308240890503,2,0,5,-330,-23,-57,180.82
15852.408647537231,0,-4,2,-342,24,-50,181.08
15868.602991104126,0,-7,0,-352,50,-46,180.64
15884.638786315918,-2,-12,-3,-330,105,-35,180.73
15901.549577713013,-3,-17,-8,-306,161,-21,180.38
15914.513349533081,-2,-19,-10,-287,185,-18,179.94
15930.471181869507,-2,-19,-11,-254,213,-12,181.08
15946.47216796875,-1,-19,-12,-232,223,-10,179.68
15962.429523468018,0,-19,-11,-210,240,-9,181.08
15979.51602935791,0,-19,-10,-215,237,-11,180.64
15995.516300201416,-1,-14,-8,-244,230,-17,180.99
16008.43858718872,-1,-7,-7,-258,221,-24,180.82
16024.439334869385,0,0,-3,-294,192,-35,180.12
16040.395736694336,1,-6,4,-299,170,-47,180.12
16057.307720184326,2,-10,9,-294,163,-54,180.73
16073.363065719604,4,-9,13,-285,149,-63,180.03
16086.339950561523,5,-10,12,-285,144,-63,180.03
16102.350234985352,4,-8,8,-290,134,-62,180.03
16118.295907974243,4,-8,6,-294,139,-56,179.68
16135.208129882812,3,-9,1,-311,137,-48,179.68
16151.307106018066,3,-8,0,-311,141,-44,180.38
16164.385795593262,3,-12,-2,-316,144,-37,180.29
16180.51028251648,3,-15,-2,-316,151,-30,180.99
16196.525573730469,2,-16,-5,-314,149,-23,180.73
16212.46862411499,2,-15,-8,-318,141,-20,180.73
16229.379892349243,3,-11,-10,-316,125,-15,180.82
16241.37258529663,3,-6,-8,-326,86,-15,180.38
16258.302450180054,3,-4,-7,-335,74,-16,180.12
16274.33466911316,5,-4,-3,-340,38,-21,180.64
16290.262222290039,4,-4,-1,-342,24,-24,180.73
16307.172775268555,5,-2,-1,-347,-4,-27,179.68
16320.138216018677,4,0,-2,-347,-21,-29,181.17
16336.209058761597,5,7,-4,-342,-50,-27,179.94
16352.23126411438,6,8,-4,-330,-64,-30,180.29
16368.234395980835,8,5,-1,-333,-83,-32,179.68
16384.17363166809,8,2,0,-330,-86,-34,180.12
16397.11093902588,8,0,1,-328,-88,-31,180.12
16414.20602798462,7,0,0,-340,-86,-29,180.29
16430.225372314453,8,4,-5,-328,-93,-24,181.08
16446.2251663208,7,3,-7,-323,-78,-20,180.82
16462.379932403564,7,1,-7,-326,-78,-18,180.38
16475.513696670532,8,-1,-7,-326,-64,-15,181.08
