t,Ax,Ay,Az,wx,wy,wz,Bx,By,Bz,qw,qx,qy,qz
852.3719310760498,-0.67,-0.35,9.58,-0.13,-0.13,-0.06,-8.06,33.69,-42.69,1.00,-0.02,0.04,0.00
1176.917314529419,-0.67,-0.37,9.56,0.06,-0.19,0.00,-7.75,33.25,-42.69,1.00,-0.02,0.04,0.00
1504.4102668762207,-0.69,-0.37,9.58,-0.13,0.25,-0.13,-7.38,33.25,-42.69,1.00,-0.02,0.04,0.00
1828.6752700805664,-0.69,-0.33,9.58,0.06,-0.06,-0.13,-7.75,32.88,-43.06,1.00,-0.02,0.04,0.00
2156.3103199005127,-0.68,-0.36,9.59,-0.06,0.06,0.06,-7.75,32.88,-41.88,1.00,-0.02,0.04,0.00
2481.229543685913,-0.67,-0.34,9.59,-0.06,-0.06,-0.06,-6.56,32.88,-42.25,1.00,-0.02,0.04,0.00
2807.413101196289,-0.67,-0.35,9.57,0.06,0.13,-0.06,-7.38,32.88,-41.88,1.00,-0.02,0.04,0.00
3131.722927093506,-0.66,-0.37,9.60,0.06,-0.19,0.13,-7.75,32.88,-43.06,1.00,-0.02,0.04,0.00
3459.1524600982666,-0.67,-0.33,9.58,-0.06,-0.25,-0.06,-7.00,32.56,-41.50,1.00,-0.02,0.04,0.00
3783.9035987854004,-0.65,-0.34,9.59,-0.06,-0.06,0.00,-6.56,32.88,-42.25,1.00,-0.02,0.04,0.00
4110.127687454224,-0.66,-0.35,9.61,-0.06,-0.25,0.00,-8.06,33.25,-42.25,1.00,-0.02,0.04,0.00
4435.767412185669,-0.69,-0.37,9.56,-0.13,-0.13,0.00,-7.38,32.88,-42.25,1.00,-0.02,0.04,0.00
4762.350559234619,-0.67,-0.35,9.57,0.00,0.00,-0.06,-7.75,33.25,-41.88,1.00,-0.02,0.04,0.00
5086.833953857422,-0.67,-0.35,9.56,-0.06,-0.19,0.06,-7.38,33.69,-41.88,1.00,-0.02,0.04,0.00
5413.297891616821,-0.67,-0.35,9.59,0.00,-0.13,-0.06,-7.38,32.56,-42.25,1.00,-0.02,0.04,0.00
5738.14845085144,-0.67,-0.33,9.56,-0.06,0.06,-0.06,-7.75,32.56,-41.50,1.00,-0.02,0.04,0.00
6064.9354457855225,-0.68,-0.35,9.59,0.00,0.06,-0.06,-6.56,33.25,-41.88,1.00,-0.02,0.04,0.00
6390.124797821045,-0.67,-0.37,9.55,-0.06,0.00,-0.06,-7.00,32.88,-41.50,1.00,-0.02,0.04,0.00
6716.1760330200195,-0.69,-0.36,9.57,0.06,0.00,-0.06,-7.38,32.88,-41.50,1.00,-0.02,0.04,0.00
7040.876388549805,-0.68,-0.35,9.58,-0.06,0.19,0.00,-7.75,33.25,-41.88,1.00,-0.02,0.04,0.00
7366.986274719238,-0.67,-0.35,9.57,0.00,0.19,0.00,-7.00,33.25,-41.88,1.00,-0.02,0.04,0.00
7692.367315292358,-0.68,-0.38,9.58,-0.06,-0.19,0.13,-8.06,32.56,-42.25,1.00,-0.02,0.04,0.00
8019.182443618774,-0.69,-0.36,9.56,-0.06,0.13,0.00,-8.06,33.25,-41.88,1.00,-0.02,0.04,0.00
8344.55919265747,-0.70,-0.33,9.55,0.00,0.06,-0.06,-7.75,32.88,-42.69,1.00,-0.02,0.04,0.00
8670.204877853394,-0.68,-0.36,9.56,0.00,0.19,0.06,-7.00,33.25,-41.88,1.00,-0.02,0.04,0.00
8994.948625564575,-0.67,-0.36,9.60,-0.06,-0.31,0.00,-7.00,33.25,-43.38,1.00,-0.02,0.04,0.00
9322.429656982422,-0.66,-0.34,9.57,-0.06,0.06,0.06,-7.75,33.69,-42.25,1.00,-0.02,0.04,0.00
9647.09186553955,-0.68,-0.35,9.58,0.13,-0.13,-0.06,-7.75,33.25,-43.38,1.00,-0.02,0.04,0.00
9974.164009094238,-0.67,-0.36,9.60,0.06,-0.06,0.00,-8.06,32.88,-41.88,1.00,-0.02,0.04,0.00
10299.349069595337,-0.68,-0.36,9.58,-0.06,0.06,-0.06,-7.75,33.25,-41.06,1.00,-0.02,0.04,0.00
10626.07479095459,-0.65,-0.35,9.56,0.00,-0.19,0.06,-7.75,33.25,-42.25,1.00,-0.02,0.04,0.00
10950.040817260742,-0.66,-0.35,9.61,-0.13,-0.13,0.00,-8.06,34.06,-41.88,1.00,-0.02,0.04,0.00
11276.59273147583,-0.68,-0.34,9.55,0.06,-0.06,0.00,-8.06,32.88,-41.06,1.00,-0.02,0.04,0.00
11601.794719696045,-0.69,-0.34,9.57,0.00,0.13,-0.06,-7.38,33.69,-41.88,1.00,-0.02,0.04,0.00
11927.979707717896,-0.67,-0.36,9.56,-0.06,-0.06,-0.13,-7.38,33.25,-42.25,1.00,-0.02,0.04,0.00
12253.45492362976,-0.67,-0.36,9.59,0.06,-0.06,0.06,-7.00,33.25,-41.06,1.00,-0.02,0.04,0.00
12579.975843429565,-0.67,-0.33,9.57,0.00,-0.25,-0.06,-7.00,32.56,-42.25,1.00,-0.02,0.04,0.00
12904.954671859741,-0.67,-0.34,9.58,0.00,-0.13,-0.13,-8.06,33.25,-42.69,1.00,-0.02,0.04,0.00
13231.275796890259,-0.66,-0.33,9.59,-0.06,-0.06,0.00,-8.06,33.25,-41.50,1.00,-0.02,0.04,0.00
13556.755781173706,-0.68,-0.35,9.58,-0.13,-0.13,0.00,-8.50,32.88,-42.69,1.00,-0.02,0.04,0.00
13883.207082748413,-0.69,-0.36,9.56,-0.13,0.00,0.00,-7.00,32.56,-43.06,1.00,-0.02,0.04,0.00
14207.818269729614,-0.68,-0.36,9.61,0.13,0.00,0.06,-7.38,33.25,-41.88,1.00,-0.02,0.04,0.00
14534.590005874634,-0.67,-0.35,9.57,0.00,0.00,0.06,-8.06,32.88,-41.50,1.00,-0.02,0.04,0.00
14859.476089477539,-0.67,-0.34,9.58,0.00,0.06,0.06,-7.38,33.25,-42.25,1.00,-0.02,0.04,0.00
15186.008214950562,-0.67,-0.35,9.57,0.13,0.06,0.06,-7.00,32.56,-41.88,1.00,-0.02,0.04,0.00
15511.028528213501,-0.68,-0.34,9.59,-0.06,-0.13,0.00,-7.38,33.25,-41.50,1.00,-0.02,0.04,0.00
15837.439775466919,-0.70,-0.34,9.55,0.06,0.06,0.00,-7.75,32.56,-43.06,1.00,-0.02,0.04,0.00
16162.432193756104,-0.68,-0.36,9.57,-0.06,0.13,-0.13,-6.56,32.56,-41.50,1.00,-0.02,0.04,0.00
16488.945960998535,-0.69,-0.35,9.55,0.13,-0.19,-0.06,-7.38,33.25,-41.50,1.00,-0.02,0.04,0.00
16814.09454345703,-0.68,-0.35,9.57,-0.06,0.00,0.00,-7.38,32.88,-42.25,1.00,-0.02,0.04,0.00
17140.859603881836,-0.68,-0.37,9.58,-0.06,0.00,0.00,-7.00,32.56,-43.06,1.00,-0.02,0.04,0.00
17464.837074279785,-0.67,-0.35,9.54,-0.13,0.00,0.00,-7.00,33.25,-41.50,1.00,-0.02,0.04,0.00
17792.373657226562,-0.67,-0.35,9.59,-0.06,0.06,-0.06,-7.00,33.25,-41.50,1.00,-0.02,0.04,0.00
18117.044925689697,-0.67,-0.35,9.56,0.13,0.19,0.13,-7.75,33.25,-41.88,1.00,-0.02,0.04,0.00
18444.339990615845,-0.67,-0.33,9.57,-0.06,-0.19,-0.13,-8.06,33.25,-42.25,1.00,-0.02,0.04,0.00
18768.896102905273,-0.68,-0.34,9.59,0.13,0.13,0.06,-8.06,32.88,-42.69,1.00,-0.02,0.04,0.00
19096.280574798584,-0.67,-0.34,9.55,-0.06,-0.06,-0.13,-7.38,33.25,-41.88,1.00,-0.02,0.04,0.00
19420.9144115448,-0.69,-0.34,9.57,-0.06,-0.13,0.13,-8.06,33.25,-41.06,1.00,-0.02,0.04,0.00
19747.83444404602,-0.67,-0.37,9.58,-0.06,0.06,-0.06,-7.00,33.25,-42.69,1.00,-0.02,0.04,0.00
20072.75366783142,-0.70,-0.34,9.58,0.00,-0.06,0.13,-7.75,33.25,-41.88,1.00,-0.02,0.04,0.00
20398.75841140747,-0.67,-0.34,9.56,0.00,0.06,0.06,-7.38,32.56,-42.69,1.00,-0.02,0.04,0.00
20723.70934486389,-0.69,-0.34,9.55,0.00,-0.06,-0.06,-6.56,33.25,-41.88,1.00,-0.02,0.04,0.00
21050.97508430481,-0.69,-0.34,9.59,0.00,-0.13,-0.06,-6.56,33.25,-41.88,1.00,-0.02,0.04,0.00
21375.23889541626,-0.68,-0.34,9.59,-0.06,0.00,0.06,-7.00,32.56,-43.06,1.00,-0.02,0.04,0.00
21702.123165130615,-0.67,-0.36,9.56,0.06,0.00,0.00,-7.38,33.25,-40.75,1.00,-0.02,0.04,0.00
22026.485204696655,-0.67,-0.34,9.57,0.00,0.13,-0.06,-7.75,32.88,-41.88,1.00,-0.02,0.04,0.00
22353.248596191406,-0.67,-0.34,9.60,0.00,0.00,0.00,-7.00,33.25,-41.88,1.00,-0.02,0.04,0.00
22677.989959716797,-0.68,-0.35,9.59,0.00,0.00,0.06,-7.75,33.25,-41.88,1.00,-0.02,0.04,0.00
23004.83775138855,-0.68,-0.35,9.58,0.06,-0.13,0.06,-8.06,32.25,-43.06,1.00,-0.02,0.04,0.00
23329.689264297485,-0.66,-0.37,9.58,0.06,-0.25,-0.06,-8.06,32.88,-42.25,1.00,-0.02,0.04,0.00
23656.99791908264,-0.68,-0.35,9.61,0.06,0.00,-0.06,-7.75,33.25,-42.69,1.00,-0.02,0.04,0.00
23981.890201568604,-0.66,-0.34,9.57,-0.06,-0.13,0.00,-7.75,33.25,-43.06,1.00,-0.02,0.04,0.00
24308.278560638428,-0.67,-0.32,9.57,0.00,0.19,0.00,-7.00,33.25,-43.06,1.00,-0.02,0.04,0.00
24632.734298706055,-0.67,-0.36,9.56,0.00,-0.06,-0.06,-8.06,33.25,-41.06,1.00,-0.02,0.04,0.00
24960.078716278076,-0.67,-0.35,9.57,-0.06,0.06,0.06,-8.50,32.56,-43.06,1.00,-0.02,0.04,0.00
25284.78193283081,-0.67,-0.36,9.60,0.06,-0.19,0.00,-7.00,32.88,-42.25,1.00,-0.02,0.04,0.00
25611.390113830566,-0.70,-0.33,9.56,0.13,-0.06,0.00,-7.00,33.69,-41.06,1.00,-0.02,0.04,0.00
25936.600923538208,-0.67,-0.38,9.58,0.06,0.06,-0.06,-7.75,32.56,-41.88,1.00,-0.02,0.04,0.00
26263.4539604187,-0.68,-0.34,9.57,0.06,0.00,0.06,-7.38,33.25,-42.69,1.00,-0.02,0.04,0.00
26587.321519851685,-0.69,-0.38,9.55,0.00,-0.25,0.00,-7.38,33.69,-42.25,1.00,-0.02,0.04,0.00
26915.101051330566,-0.67,-0.34,9.60,0.06,0.00,-0.06,-6.56,32.56,-41.88,1.00,-0.02,0.04,0.00
27239.507913589478,-0.67,-0.35,9.55,-0.06,-0.06,0.00,-7.38,32.56,-41.88,1.00,-0.02,0.04,0.00
27566.789627075195,-0.67,-0.34,9.60,0.00,-0.19,0.00,-8.06,32.56,-42.25,1.00,-0.02,0.04,0.00
27891.807794570923,-0.67,-0.36,9.57,0.00,-0.13,0.06,-7.38,32.88,-41.88,1.00,-0.02,0.04,0.00
28219.098806381226,-0.68,-0.34,9.58,-0.06,-0.19,-0.06,-7.00,33.25,-43.38,1.00,-0.02,0.04,0.00
28544.115781784058,-0.67,-0.36,9.57,0.00,-0.06,-0.06,-7.75,33.25,-41.06,1.00,-0.02,0.04,0.00
28870.75448036194,-0.70,-0.36,9.57,-0.06,0.00,0.06,-8.06,33.25,-43.06,1.00,-0.02,0.04,0.00
29194.422006607056,-0.69,-0.34,9.56,-0.06,0.13,0.06,-7.38,32.88,-41.88,1.00,-0.02,0.04,0.00
29522.42422103882,-0.67,-0.35,9.57,0.00,-0.19,0.06,-7.75,32.88,-42.25,1.00,-0.02,0.04,0.00
29846.521615982056,-0.69,-0.35,9.57,0.00,0.06,-0.06,-7.75,32.88,-42.25,1.00,-0.02,0.04,0.00
30173.67458343506,-0.70,-0.35,9.54,0.00,-0.19,0.13,-7.38,33.25,-42.69,1.00,-0.02,0.04,0.00
30497.777462005615,-0.69,-0.36,9.60,-0.06,0.13,0.06,-7.38,32.88,-42.69,1.00,-0.02,0.04,0.00
30824.98860359192,-0.67,-0.34,9.54,0.06,-0.19,-0.06,-7.00,33.25,-41.50,1.00,-0.02,0.04,0.00
31149.259090423584,-0.67,-0.35,9.56,-0.13,0.13,-0.13,-7.00,32.88,-41.50,1.00,-0.02,0.04,0.00
31476.271390914917,-0.68,-0.34,9.58,0.06,-0.06,0.06,-7.75,33.25,-42.69,1.00,-0.02,0.04,0.00
31801.167726516724,-0.68,-0.35,9.57,0.06,0.13,0.00,-7.38,33.25,-41.50,1.00,-0.02,0.04,0.00
32127.84743309021,-0.68,-0.34,9.57,0.13,-0.06,0.06,-7.00,32.56,-42.25,1.00,-0.02,0.04,0.00
32452.7485370636,-0.69,-0.35,9.55,0.13,-0.19,0.13,-8.06,32.88,-42.25,1.00,-0.02,0.04,0.00
32779.63972091675,-0.68,-0.35,9.59,0.00,-0.06,-0.13,-7.38,32.88,-41.88,1.00,-0.02,0.04,0.00
33104.64072227478,-0.66,-0.36,9.60,0.06,-0.06,0.06,-7.38,32.88,-41.88,1.00,-0.02,0.04,0.00
33431.6041469574,-0.66,-0.37,9.59,-0.13,-0.25,0.00,-7.38,33.25,-43.06,1.00,-0.02,0.04,0.00
33756.92439079285,-0.67,-0.37,9.59,0.06,-0.13,0.00,-7.75,32.88,-41.88,1.00,-0.02,0.04,0.00
34082.59606361389,-0.68,-0.36,9.55,0.00,0.06,0.00,-8.06,33.25,-41.88,1.00,-0.02,0.04,0.00
34408.45775604248,-0.68,-0.35,9.59,-0.06,-0.13,-0.06,-7.38,33.25,-42.69,1.00,-0.02,0.04,0.00
34734.8415851593,-0.68,-0.34,9.58,0.00,-0.13,0.00,-7.38,33.25,-42.25,1.00,-0.02,0.04,0.00
35059.29517745972,-0.67,-0.36,9.57,0.00,0.19,0.00,-7.38,32.88,-41.06,1.00,-0.02,0.04,0.00
35387.064933776855,-0.68,-0.36,9.60,-0.06,-0.13,0.13,-7.00,32.88,-42.69,1.00,-0.02,0.04,0.00
35710.84022521973,-0.68,-0.36,9.60,0.00,0.25,0.06,-7.75,33.25,-42.25,1.00,-0.02,0.04,0.00
36038.16032409668,-0.67,-0.36,9.54,0.00,-0.06,0.06,-7.38,32.88,-42.25,1.00,-0.02,0.04,0.00
36362.67042160034,-0.70,-0.37,9.57,-0.06,-0.06,-0.06,-7.75,33.69,-41.88,1.00,-0.02,0.04,0.00
36690.032720565796,-0.66,-0.35,9.59,-0.13,-0.06,0.19,-7.38,33.69,-42.25,1.00,-0.02,0.04,0.00
37014.64295387268,-0.68,-0.37,9.58,-0.06,-0.19,0.00,-7.75,32.88,-41.50,1.00,-0.02,0.04,0.00
37341.67146682739,-0.67,-0.35,9.58,0.06,0.13,0.06,-7.75,32.56,-41.50,1.00,-0.02,0.04,0.00
37665.77625274658,-0.67,-0.35,9.58,0.00,-0.13,-0.19,-8.06,32.56,-41.06,1.00,-0.02,0.04,0.00
37993.351459503174,-0.67,-0.35,9.56,0.00,-0.25,-0.06,-8.06,33.25,-42.69,1.00,-0.02,0.04,0.00
38317.26956367493,-0.67,-0.36,9.59,-0.13,-0.25,0.06,-6.56,32.88,-42.25,1.00,-0.02,0.04,0.00
38644.10376548767,-0.68,-0.36,9.60,0.06,0.00,0.00,-7.75,32.88,-41.06,1.00,-0.02,0.04,0.00
38968.493938446045,-0.67,-0.35,9.59,-0.06,0.13,0.06,-7.38,33.25,-43.06,1.00,-0.02,0.04,0.00
39295.36437988281,-0.68,-0.35,9.56,0.06,-0.06,0.06,-7.38,32.88,-42.25,1.00,-0.02,0.04,0.00
39620.49126625061,-0.68,-0.33,9.59,0.06,-0.13,0.13,-8.06,33.69,-43.06,1.00,-0.02,0.04,0.00
39947.07775115967,-0.66,-0.33,9.57,0.19,-0.19,0.06,-7.38,33.25,-42.69,1.00,-0.02,0.04,0.00
40272.560596466064,-0.67,-0.35,9.58,0.06,0.00,0.06,-7.00,33.69,-42.25,1.00,-0.02,0.04,0.00
40598.82974624634,-0.69,-0.37,9.57,0.00,0.00,-0.13,-7.38,33.25,-43.06,1.00,-0.02,0.04,0.00
40923.646450042725,-0.69,-0.33,9.58,-0.06,-0.06,-0.13,-7.75,32.88,-42.25,1.00,-0.02,0.04,0.00
41251.219272613525,-0.67,-0.34,9.56,-0.06,-0.13,0.00,-8.06,33.25,-41.88,1.00,-0.02,0.04,0.00
41575.36053657532,-0.67,-0.34,9.56,-0.25,-0.31,-0.06,-7.38,33.25,-41.88,1.00,-0.02,0.04,0.00
41902.33302116394,-0.67,-0.34,9.58,0.00,-0.13,0.06,-6.56,32.88,-42.25,1.00,-0.02,0.04,0.00
42227.15711593628,-0.69,-0.35,9.59,0.00,0.06,-0.06,-7.38,32.56,-42.25,1.00,-0.02,0.04,0.00
42553.56431007385,-0.68,-0.36,9.57,0.06,0.06,0.06,-7.00,33.25,-41.06,1.00,-0.02,0.04,0.00
42877.8657913208,-0.69,-0.34,9.59,0.00,0.00,0.25,-7.00,32.88,-41.50,1.00,-0.02,0.04,0.00
43204.80227470398,-0.68,-0.34,9.60,0.06,0.13,0.06,-7.38,33.25,-42.25,1.00,-0.02,0.04,0.00
43529.420375823975,-0.69,-0.34,9.59,-0.13,0.00,0.13,-7.38,33.69,-41.88,1.00,-0.02,0.04,0.00
43856.58383369446,-0.67,-0.35,9.58,0.00,-0.13,0.00,-7.00,33.69,-41.06,1.00,-0.02,0.04,0.00
44180.77206611633,-0.68,-0.33,9.60,0.06,0.19,0.00,-7.75,32.88,-41.50,1.00,-0.02,0.04,0.00
44507.69233703613,-0.68,-0.33,9.57,0.06,-0.06,0.19,-7.75,33.00,-42.69,1.00,-0.02,0.04,0.00
44832.387924194336,-0.67,-0.37,9.59,0.06,0.06,-0.06,-7.75,33.69,-43.50,1.00,-0.02,0.04,0.00
45159.801959991455,-0.67,-0.36,9.57,-0.06,-0.13,0.13,-7.75,33.69,-41.88,1.00,-0.02,0.04,0.00
45484.4286441803,-0.68,-0.35,9.58,0.06,0.00,0.06,-8.06,32.88,-42.69,1.00,-0.02,0.04,0.00
45811.76447868347,-0.63,-0.35,9.57,0.06,0.00,-0.06,-7.38,33.69,-42.25,1.00,-0.02,0.04,0.00
46136.56544685364,-0.67,-0.35,9.58,0.00,0.00,0.06,-8.88,32.88,-42.25,1.00,-0.02,0.04,0.00
46463.0663394928,-0.67,-0.33,9.55,0.06,0.13,0.00,-7.38,33.25,-41.06,1.00,-0.02,0.04,0.00
46787.344217300415,-0.66,-0.36,9.59,0.06,-0.06,0.13,-7.38,33.25,-42.25,1.00,-0.02,0.04,0.00
47114.54701423645,-0.70,-0.35,9.57,0.00,0.00,0.00,-7.38,33.69,-41.88,1.00,-0.02,0.04,0.00
47439.30268287659,-0.66,-0.34,9.56,-0.06,-0.19,0.06,-7.00,33.69,-42.69,1.00,-0.02,0.04,0.00
47767.01593399048,-0.68,-0.35,9.59,0.00,-0.13,0.06,-7.00,34.38,-42.25,1.00,-0.02,0.04,0.00
48090.69561958313,-0.68,-0.35,9.56,0.00,-0.06,0.13,-7.38,33.00,-43.06,1.00,-0.02,0.04,0.00
48419.24548149109,-0.66,-0.37,9.58,-0.06,-0.06,0.00,-7.38,32.88,-41.06,1.00,-0.02,0.04,0.00
48742.12670326233,-0.68,-0.37,9.57,0.00,0.06,0.13,-7.75,32.56,-41.56,1.00,-0.02,0.04,0.00
49070.40214538574,-0.70,-0.35,9.54,0.00,-0.06,0.13,-7.75,33.00,-41.56,1.00,-0.02,0.04,0.00
49393.89252662659,-0.68,-0.36,9.57,0.06,0.00,0.06,-7.00,33.00,-42.69,1.00,-0.02,0.04,0.00
49721.107959747314,-0.69,-0.36,9.59,0.13,0.00,0.00,-6.56,33.25,-41.88,1.00,-0.02,0.04,0.00
50045.84884643555,-0.69,-0.34,9.57,-0.06,0.00,0.06,-7.38,33.25,-43.50,1.00,-0.02,0.04,0.00
50373.043060302734,-0.67,-0.35,9.57,0.00,0.06,-0.06,-7.38,32.88,-41.88,1.00,-0.02,0.04,0.00
50697.37005233765,-0.67,-0.35,9.57,0.00,0.06,-0.06,-8.06,33.25,-40.75,1.00,-0.02,0.04,0.00
51024.834632873535,-0.68,-0.34,9.56,-0.06,-0.13,0.00,-7.00,33.25,-41.56,1.00,-0.02,0.04,0.00
51348.69980812073,-0.69,-0.36,9.57,-0.06,0.13,0.06,-7.38,33.25,-41.56,1.00,-0.02,0.04,0.00
51676.329135894775,-0.67,-0.36,9.56,0.00,-0.13,-0.13,-7.00,32.25,-41.88,1.00,-0.02,0.04,0.00
52000.36287307739,-0.68,-0.35,9.58,0.06,0.06,0.00,-8.06,33.25,-42.25,1.00,-0.02,0.04,0.00
52327.61764526367,-0.67,-0.36,9.56,-0.06,0.13,-0.06,-6.25,33.25,-41.88,1.00,-0.02,0.04,0.00
52652.742862701416,-0.68,-0.35,9.57,0.06,-0.06,0.13,-7.00,33.00,-41.88,1.00,-0.02,0.04,0.00
52979.57181930542,-0.69,-0.33,9.59,-0.13,0.13,0.00,-7.75,33.00,-43.06,1.00,-0.02,0.04,0.00
53304.42237854004,-0.67,-0.37,9.56,-0.06,-0.19,0.06,-7.75,32.88,-42.69,1.00,-0.02,0.04,0.00
53631.29758834839,-0.67,-0.37,9.57,0.00,0.00,0.06,-8.06,33.25,-42.69,1.00,-0.02,0.04,0.00
53956.51459693909,-0.69,-0.33,9.57,-0.06,-0.06,0.00,-7.75,32.56,-41.50,1.00,-0.02,0.04,0.00
54282.59038925171,-0.67,-0.36,9.58,0.00,0.06,0.06,-7.38,33.25,-40.38,1.00,-0.02,0.04,0.00
54607.234716415405,-0.66,-0.34,9.59,0.06,0.06,-0.06,-7.75,34.06,-41.88,1.00,-0.02,0.04,0.00
54933.79735946655,-0.68,-0.34,9.59,0.19,0.06,0.06,-7.00,33.69,-42.25,1.00,-0.02,0.04,0.00
55261.67798042297,-0.68,-0.35,9.57,0.06,0.13,-0.13,-7.38,32.56,-41.88,1.00,-0.02,0.04,0.00
55586.00330352783,-0.67,-0.34,9.56,0.06,0.06,0.00,-7.38,33.25,-42.25,1.00,-0.02,0.04,0.00
55910.20131111145,-0.67,-0.34,9.56,-0.06,0.00,0.00,-7.00,33.25,-41.06,1.00,-0.02,0.04,0.00
56238.23928833008,-0.69,-0.37,9.57,-0.13,-0.13,-0.06,-7.75,32.88,-42.69,1.00,-0.02,0.04,0.00
56561.54704093933,-0.68,-0.35,9.56,0.00,0.13,0.06,-7.00,33.00,-42.69,1.00,-0.02,0.04,0.00
56889.21856880188,-0.67,-0.37,9.56,0.00,-0.06,0.00,-7.75,33.25,-41.88,1.00,-0.02,0.04,0.00
57213.04655075073,-0.65,-0.34,9.58,0.00,0.06,-0.06,-7.75,33.25,-42.69,1.00,-0.02,0.04,0.00
57540.78245162964,-0.69,-0.35,9.57,0.06,0.06,0.06,-8.06,34.06,-43.06,1.00,-0.02,0.04,0.00
57864.7027015686,-0.68,-0.36,9.61,0.06,0.13,0.06,-8.06,32.88,-42.69,1.00,-0.02,0.04,0.00
58192.34657287598,-0.68,-0.36,9.57,0.13,0.00,-0.06,-7.75,33.25,-42.25,1.00,-0.02,0.04,0.00
58516.950845718384,-0.67,-0.34,9.58,0.00,-0.19,0.13,-7.75,33.69,-41.50,1.00,-0.02,0.04,0.00
58843.47915649414,-0.68,-0.33,9.57,0.00,-0.06,0.19,-6.56,33.25,-42.69,1.00,-0.02,0.04,0.00
59168.333768844604,-0.68,-0.34,9.58,0.00,-0.13,0.06,-7.00,33.25,-41.88,1.00,-0.02,0.04,0.00
59496.36459350586,-0.67,-0.35,9.57,0.00,-0.06,0.06,-7.38,33.25,-42.25,1.00,-0.02,0.04,0.00
59820.08361816406,-0.67,-0.36,9.58,0.00,0.06,0.19,-7.38,33.69,-42.25,1.00,-0.02,0.04,0.00
60147.00484275818,-0.65,-0.36,9.58,0.06,-0.06,0.00,-7.00,33.69,-42.69,1.00,-0.02,0.04,0.00
60472.583532333374,-0.68,-0.35,9.56,0.06,-0.13,0.00,-7.38,34.06,-42.25,1.00,-0.02,0.04,0.00
60799.063205718994,-0.67,-0.37,9.57,0.19,-0.06,0.00,-7.38,33.00,-42.25,1.00,-0.02,0.04,0.00
61123.97742271423,-0.69,-0.35,9.57,-0.06,-0.06,-0.13,-7.38,32.56,-42.25,1.00,-0.02,0.04,0.00
61451.05838775635,-0.67,-0.34,9.58,0.00,0.00,0.06,-7.75,33.00,-42.69,1.00,-0.02,0.04,0.00
61774.93953704834,-0.67,-0.35,9.58,-0.06,0.31,0.13,-7.75,33.69,-43.50,1.00,-0.02,0.04,0.00
62102.100133895874,-0.67,-0.34,9.58,0.06,0.00,0.19,-8.06,33.25,-41.88,1.00,-0.02,0.04,0.00
62426.85127258301,-0.67,-0.33,9.59,0.00,0.13,-0.06,-7.00,33.00,-41.56,1.00,-0.02,0.04,0.00
62753.3392906189,-0.67,-0.35,9.57,0.06,0.00,0.00,-7.00,33.69,-41.88,1.00,-0.02,0.04,0.00
63078.04179191589,-0.67,-0.36,9.54,0.00,0.00,0.13,-7.00,32.56,-41.56,1.00,-0.02,0.04,0.00
63404.934883117676,-0.68,-0.35,9.56,0.06,0.06,0.06,-7.00,33.00,-41.88,1.00,-0.02,0.04,0.00
63729.79807853699,-0.70,-0.37,9.58,-0.13,-0.06,0.06,-7.75,33.00,-41.56,1.00,-0.02,0.04,0.00
64056.66923522949,-0.67,-0.34,9.55,0.00,-0.06,0.00,-7.00,33.69,-42.25,1.00,-0.02,0.04,0.00
64381.99329376221,-0.68,-0.33,9.55,0.06,-0.19,-0.06,-8.06,33.25,-43.50,1.00,-0.02,0.04,0.00
64709.354877471924,-0.67,-0.35,9.56,-0.06,-0.13,0.13,-6.56,33.25,-42.69,1.00,-0.02,0.04,0.00
65033.99038314819,-0.67,-0.35,9.58,0.00,-0.06,0.06,-7.75,33.25,-42.25,1.00,-0.02,0.04,0.00
65360.2249622345,-0.66,-0.33,9.57,0.06,0.13,0.00,-7.75,32.56,-41.56,1.00,-0.02,0.04,0.00
65684.63897705078,-0.66,-0.37,9.56,0.00,0.13,-0.06,-7.00,33.00,-41.06,1.00,-0.02,0.04,0.00
66012.22252845764,-0.69,-0.34,9.57,-0.06,0.00,-0.13,-8.06,32.56,-41.56,1.00,-0.02,0.04,0.00
66336.58576011658,-0.68,-0.33,9.56,0.00,-0.06,0.00,-7.75,33.00,-41.56,1.00,-0.02,0.04,0.00
66664.51621055603,-0.68,-0.35,9.55,0.06,-0.19,-0.06,-6.56,32.88,-42.69,1.00,-0.02,0.04,0.00
66988.38996887207,-0.68,-0.36,9.60,0.00,-0.06,-0.06,-7.00,33.25,-41.06,1.00,-0.02,0.04,0.00
67315.28091430664,-0.67,-0.34,9.57,-0.06,0.06,0.00,-8.06,33.00,-42.69,1.00,-0.02,0.04,0.00
67640.64478874207,-0.66,-0.34,9.58,0.06,-0.13,0.06,-7.75,32.56,-42.69,1.00,-0.02,0.04,0.00
67966.92562103271,-0.67,-0.36,9.58,-0.13,0.06,0.00,-7.38,33.69,-41.88,1.00,-0.02,0.04,0.00
68619.44007873535,-0.69,-0.36,9.57,-0.06,-0.31,-.13,-8.06,33.25,-41.06,1.00,-0.02,0.04,0.00
68943.56966018677,-0.67,-0.35,9.55,-0.06,-0.13,0.06,-7.38,33.25,-41.56,1.00,-0.02,0.04,0.00
69270.29514312744,-0.67,-0.35,9.55,-0.06,-0.13,006,-7.75,33.00,-41.88,1.00,-0.02,0.04,0.00
69595.17216682434,-0.66,-0.33,9.58,0.00,-0.19,-0.06,-7.75,33.69,-43.50,1.00,-0.02,0.04,0.00
69922.07598686218,-0.66,-0.35,9.57,-0.13,0.00,0.00,-7.38,33.00,-41.88,1.00,-0.02,0.04,0.00
70246.661901474,-0.67,-0.35,9.55,-0.06,0.06,0.06,-7.75,33.00,-42.25,1.00,-0.02,0.04,0.00
70574.07212257385,-0.67,-0.34,9.55,-0.06,-0.31,0.00,-7.38,33.00,-43.06,1.00,-0.02,0.04,0.00
70898.29134941101,-0.67,-0.35,9.58,0.00,-0.06,0.06,-6.56,33.25,-42.25,1.00,-0.02,0.04,0.00
71225.77333450317,-0.69,-0.35,9.59,-0.13,-0.06,-0.13,-7.38,33.25,-42.69,1.00,-0.02,0.04,0.00
71550.288438797,-0.67,-0.37,9.60,0.19,0.13,0.06,-7.38,33.00,-42.69,1.00,-0.02,0.04,0.00
71877.13837623596,-0.67,-0.35,9.56,0.06,-0.06,-0.06,-7.00,33.69,-42.25,1.00,-0.02,0.04,0.00
72201.39479637146,-0.67,-0.36,9.58,0.06,0.06,0.00,-7.00,33.00,-41.88,1.00,-0.02,0.04,0.00
72528.16367149353,-0.69,-0.34,9.58,0.00,0.13,0.06,-7.00,33.25,-42.25,1.00,-0.02,0.04,0.00
72853.30653190613,-0.69,-0.36,9.56,0.00,0.06,-0.06,-7.38,33.25,-42.25,1.00,-0.02,0.04,0.00
73180.16695976257,-0.67,-0.37,9.57,0.13,-0.19,0.06,-8.06,33.25,-42.25,1.00,-0.02,0.04,0.00
73504.96053695679,-0.67,-0.37,9.56,0.13,0.06,0.06,-7.38,33.00,-41.88,1.00,-0.02,0.04,0.00
73832.98301696777,-0.67,-0.35,9.59,-0.06,-0.13,0.06,-8.06,33.25,-41.88,1.00,-0.02,0.04,0.00
74156.61096572876,-0.68,-0.35,9.58,0.06,0.00,-0.06,-7.38,33.25,-42.69,1.00,-0.02,0.04,0.00
74484.0247631073,-0.65,-0.37,9.60,-0.06,-0.13,-0.19,-7.75,33.00,-40.75,1.00,-0.02,0.04,0.00
74809.63921546936,-0.69,-0.37,9.55,0.06,0.13,0.00,-7.38,33.00,-42.75,1.00,-0.02,0.04,0.00
75135.45799255371,-0.67,-0.35,9.60,0.00,0.06,0.00,-7.75,33.25,-42.25,1.00,-0.02,0.04,0.00
75460.46710014343,-0.69,-0.38,9.52,0.06,-0.31,0.06,-7.38,33.25,-41.88,1.00,-0.02,0.04,0.00
75787.48965263367,-0.82,-0.20,9.50,0.31,0.75,0.00,-7.38,32.56,-41.56,1.00,-0.02,0.04,0.00
76112.21504211426,-0.70,-0.33,9.54,-0.06,-0.31,0.06,-7.00,33.00,-42.69,1.00,-0.02,0.04,0.00
76439.73231315613,-0.66,-0.34,9.58,-0.06,-0.31,0.00,-7.00,32.56,-42.25,1.00,-0.02,0.04,0.00
76764.06073570251,-0.63,-0.38,9.59,-0.06,-0.19,0.06,-8.06,33.25,-41.88,1.00,-0.02,0.04,0.00
77091.5117263794,-0.68,-0.35,9.56,0.06,-0.13,0.00,-7.75,33.00,-42.69,1.00,-0.02,0.04,0.00
77416.08119010925,-0.66,-0.36,9.59,-0.06,0.06,0.00,-7.38,33.25,-41.88,1.00,-0.02,0.04,0.00
77742.70153045654,-0.67,-0.36,9.58,-0.13,-0.06,0.06,-7.00,33.00,-41.19,1.00,-0.02,0.04,0.00
78067.96336174011,-0.67,-0.36,9.60,-0.06,-0.19,-0.06,-7.75,33.25,-42.69,1.00,-0.02,0.04,0.00
78395.46465873718,-0.67,-0.35,9.59,0.19,0.19,-0.13,-6.56,32.56,-41.06,1.00,-0.02,0.04,0.00
78719.94495391846,-0.67,-0.34,9.61,0.06,-0.13,-0.06,-7.38,33.00,-43.06,1.00,-0.02,0.04,0.00
79046.64850234985,-0.68,-0.33,9.57,0.00,0.00,0.13,-7.75,33.00,-41.88,1.00,-0.02,0.04,0.00
79370.83911895752,-0.69,-0.36,9.58,0.00,-0.06,0.00,-7.75,32.56,-42.69,1.00,-0.02,0.04,0.00
79698.71401786804,-0.66,-0.38,9.57,0.06,0.13,0.06,-7.00,33.25,-43.06,1.00,-0.02,0.04,0.00
80022.85122871399,-0.68,-0.35,9.59,-0.06,-0.06,0.19,-7.75,33.00,-41.88,1.00,-0.02,0.04,0.00
80350.28624534607,-0.70,-0.36,9.55,-0.06,0.06,0.06,-7.75,33.00,-42.25,1.00,-0.02,0.04,0.00
80674.60680007935,-0.67,-0.34,9.58,-0.06,-0.13,0.06,-7.00,33.69,-43.06,1.00,-0.02,0.04,0.00
81001.47485733032,-0.65,-0.35,9.55,0.00,0.06,0.13,-7.38,33.69,-42.25,1.00,-0.02,0.04,0.00
81325.67811012268,-0.68,-0.37,9.57,0.00,0.00,0.00,-7.38,32.56,-41.56,1.00,-0.02,0.04,0.00
81652.90546417236,-0.66,-0.34,9.58,0.06,0.00,0.13,-6.56,33.00,-41.88,1.00,-0.02,0.04,0.00
81976.75347328186,-0.68,-0.35,9.56,0.06,0.00,0.13,-7.38,33.00,-40.75,1.00,-0.02,0.04,0.00
82304.88276481628,-0.66,-0.33,9.59,-0.06,-0.13,0.00,-7.75,33.25,-41.88,1.00,-0.02,0.04,0.00
82629.154920578,-0.68,-0.37,9.56,0.06,-0.06,0.00,-6.56,33.25,-41.56,1.00,-0.02,0.04,0.00
82955.96146583557,-0.67,-0.36,9.58,0.00,0.00,0.06,-7.75,33.00,-41.19,1.00,-0.02,0.04,0.00
83280.50374984741,-0.68,-0.34,9.56,0.06,0.00,0.06,-7.75,33.00,-41.19,1.00,-0.02,0.04,0.00
83607.90181159973,-0.67,-0.34,9.58,0.13,0.00,0.00,-7.38,33.69,-43.88,1.00,-0.02,0.04,0.00
83932.14440345764,-0.67,-0.34,9.55,0.00,0.19,0.00,-7.38,33.69,-43.88,1.00,-0.02,0.04,0.00
84259.16981697083,-0.66,-0.34,9.56,0.06,0.00,0.06,-7.38,33.69,-41.88,1.00,-0.02,0.04,0.00
84584.33246612549,-0.67,-0.35,9.58,0.00,0.13,-0.13,-6.56,32.56,-41.88,1.00,-0.02,0.04,0.00
84911.91911697388,-0.65,-0.34,9.58,0.00,-0.19,-0.06,-8.06,33.25,-42.25,1.00,-0.02,0.04,0.00
85236.51766777039,-0.67,-0.35,9.59,0.00,0.13,-0.06,-7.38,33.25,-43.06,1.00,-0.02,0.04,0.00
85563.49730491638,-0.68,-0.35,9.60,0.00,0.13,-0.06,-7.00,33.25,-41.88,1.00,-0.02,0.04,0.00
85887.78591156006,-0.68,-0.33,9.59,0.06,0.19,0.06,-7.38,33.25,-41.19,1.00,-0.02,0.04,0.00
86216.04561805725,-0.69,-0.36,9.55,-0.06,-0.06,-0.06,-7.75,32.56,-43.06,1.00,-0.02,0.04,0.00
86540.44723510742,-0.67,-0.35,9.57,-0.13,-0.06,0.06,-8.06,32.56,-42.38,1.00,-0.02,0.04,0.00
86867.11049079895,-0.68,-0.35,9.56,-0.06,0.00,0.13,-7.75,33.00,-42.25,1.00,-0.02,0.04,0.00
87191.24817848206,-0.66,-0.36,9.57,0.00,0.06,0.00,-7.00,33.25,-42.25,1.00,-0.02,0.04,0.00
87518.32962036133,-0.69,-0.37,9.57,-0.06,0.00,-0.06,-7.38,32.25,-42.38,1.00,-0.02,0.04,0.00
87843.7819480896,-0.70,-0.36,9.55,0.00,-0.06,0.06,-7.38,32.56,-41.88,1.00,-0.02,0.04,0.00
88171.0832118988,-0.68,-0.34,9.56,-0.06,0.00,0.00,-7.38,34.06,-41.19,1.00,-0.02,0.04,0.00
88495.62549591064,-0.69,-0.35,9.60,-0.06,-0.13,0.00,-7.75,33.00,-41.56,1.00,-0.02,0.04,0.00
88822.26848602295,-0.66,-0.35,9.59,0.13,0.00,-0.06,-7.38,33.00,-42.69,1.00,-0.02,0.04,0.00
89147.45783805847,-0.67,-0.35,9.56,0.06,0.06,0.00,-7.00,33.69,-42.25,1.00,-0.02,0.04,0.00
89474.77436065674,-0.70,-0.36,9.56,0.00,-0.13,-0.06,-7.75,33.00,-41.88,1.00,-0.02,0.04,0.00
89798.11787605286,-0.67,-0.38,9.57,0.00,0.13,0.06,-7.75,32.56,-41.56,1.00,-0.02,0.04,0.00
90126.060962677,-0.66,-0.36,9.59,-0.06,-0.13,0.00,-7.75,33.25,-41.88,1.00,-0.02,0.04,0.00
90450.0720500946,-0.69,-0.34,9.55,0.00,0.13,0.06,-7.75,32.56,-42.25,1.00,-0.02,0.04,0.00
90777.42147445679,-0.68,-0.36,9.56,-0.06,-0.06,-0.25,-7.38,33.00,-41.56,1.00,-0.02,0.04,0.00
91102.65111923218,-0.67,-0.34,9.59,-0.06,0.06,-0.06,-7.38,33.00,-41.56,1.00,-0.02,0.04,0.00
91429.84318733215,-0.67,-0.33,9.58,-0.13,0.06,0.00,-7.75,33.00,-43.06,1.00,-0.02,0.04,0.00
91754.19044494629,-0.69,-0.35,9.57,0.00,0.00,-0.19,-7.38,33.00,-43.06,1.00,-0.02,0.04,0.00
92080.79409599304,-0.68,-0.36,9.58,0.00,0.13,-0.13,-7.38,33.25,-41.88,1.00,-0.02,0.04,0.00
92404.87790107727,-0.67,-0.34,9.55,0.06,-0.13,0.00,-7.38,33.00,-43.88,1.00,-0.02,0.04,0.00
92732.72967338562,-0.69,-0.37,9.55,0.00,0.06,0.00,-7.75,32.56,-42.25,1.00,-0.02,0.04,0.00
93056.32758140564,-0.69,-0.35,9.57,0.00,0.19,0.10,-7.75,32.56,-42.25,1.00,-0.02,0.04,0.00
93383.82649421692,-0.68,-0.36,9.54,0.00,0.13,0.00,-7.75,32.56,-42.75,1.00,-0.02,0.04,0.00
93708.67490768433,-0.68,-0.33,9.57,-0.06,-0.06,0.06,-6.25,33.00,-41.56,1.00,-0.02,0.04,0.00
94035.84694862366,-0.68,-0.35,9.58,-0.06,0.00,-0.06,-7.00,33.25,-41.56,1.00,-0.02,0.04,0.00
94360.11672019958,-0.67,-0.35,9.56,0.00,0.19,0.00,-7.38,33.00,-41.56,1.00,-0.02,0.04,0.00
94687.26468086243,-0.66,-0.36,9.57,-0.06,-0.13,0.06,-7.75,32.56,-41.56,1.00,-0.02,0.04,0.00
95012.09902763367,-0.67,-0.35,9.58,0.00,-0.06,0.00,-7.75,33.00,-41.88,1.00,-0.02,0.04,0.00
95338.93060684204,-0.69,-0.34,9.56,0.06,-0.19,0.00,-7.38,33.25,-43.06,1.00,-0.02,0.04,0.00
95663.20586204529,-0.67,-0.36,9.61,0.13,0.00,-0.13,-7.38,33.00,-41.88,1.00,-0.02,0.04,0.00
95991.0020828247,-0.67,-0.35,9.61,-0.06,0.19,0.00,-6.56,33.00,-42.75,1.00,-0.02,0.04,0.00
96315.71197509766,-0.67,-0.35,9.58,0.00,-0.13,0.06,-7.38,33.00,-41.88,1.00,-0.02,0.04,0.00
96642.80080795288,-0.67,-0.35,9.56,0.06,-0.06,0.00,-8.50,33.69,-42.75,1.00,-0.02,0.04,0.00
96966.90392494202,-0.70,-0.35,9.59,0.06,-0.13,0.06,-7.00,33.00,-43.50,1.00,-0.02,0.04,0.00
97294.504404068,-0.67,-0.34,9.57,0.00,-0.13,-0.06,-8.06,33.25,-41.88,1.00,-0.02,0.04,0.00
97619.30251121521,-0.67,-0.34,9.57,0.00,-0.19,0.13,-7.38,33.25,-43.06,1.00,-0.02,0.04,0.00
97945.88780403137,-0.68,-0.35,9.59,0.00,0.06,0.06,-7.38,33.00,-42.25,1.00,-0.02,0.04,0.00
98270.4586982727,-0.67,-0.35,9.56,0.00,0.06,0.00,-6.25,33.25,-42.25,1.00,-0.02,0.04,0.00
98598.34933280945,-0.68,-0.38,9.59,-0.13,0.13,0.00,-6.56,33.00,-42.25,1.00,-0.02,0.04,0.00
98922.57189750671,-0.69,-0.36,9.53,0.00,-0.13,-0.13,-7.00,33.00,-41.56,1.00,-0.02,0.04,0.00
99250.08583068848,-0.66,-0.37,9.60,0.06,-0.13,-0.06,-7.75,33.00,-41.88,1.00,-0.02,0.04,0.00
99574.4788646698,-0.69,-0.35,9.59,0.19,-0.19,0.06,-7.00,32.56,-41.88,1.00,-0.02,0.04,0.00
99901.26729011536,-0.71,-0.34,9.56,0.06,0.13,-0.06,-6.56,33.25,-41.88,1.00,-0.02,0.04,0.00
100227.30350494385,-0.68,-0.35,9.59,0.00,-0.06,0.06,-8.06,33.25,-41.56,1.00,-0.02,0.04,0.00
100552.61278152466,-0.67,-0.37,9.58,0.00,0.00,-0.06,-7.75,33.25,-43.06,1.00,-0.02,0.04,0.00
100877.50101089478,-0.67,-0.34,9.57,-0.13,-0.13,0.00,-7.00,32.56,-43.06,1.00,-0.02,0.04,0.00
101205.54518699646,-0.67,-0.36,9.60,0.00,-0.06,-0.06,-7.00,33.69,-41.19,1.00,-0.02,0.04,0.00
101529.8330783844,-0.67,-0.36,9.57,0.06,0.06,0.00,-7.00,33.25,-41.88,1.00,-0.02,0.04,0.00
101857.41424560547,-0.67,-0.35,9.58,-0.06,0.13,0.13,-7.38,33.69,-41.88,1.00,-0.02,0.04,0.00
102180.50742149353,-0.69,-0.34,9.53,-0.06,0.00,0.00,-6.25,34.06,-43.06,1.00,-0.02,0.04,0.00
102507.69686698914,-0.70,-0.33,9.54,0.00,0.13,0.00,-7.38,33.25,-41.88,1.00,-0.02,0.04,0.00
102832.12161064148,-0.67,-0.34,9.60,0.00,0.06,-0.06,-7.38,33.00,-42.75,1.00,-0.02,0.04,0.00
103159.45315361023,-0.69,-0.36,9.58,0.00,0.19,0.13,-7.38,33.00,-42.38,1.00,-0.02,0.04,0.00
103483.83522033691,-0.69,-0.36,9.58,0.00,0.19,0.10,-6.56,32.56,-44.69,1.00,-0.02,0.04,0.00
104135.18714904785,-0.67,-0.36,9.59,0.00,0.19,0.06,-7.75,33.00,-43.06,1.00,-0.02,0.04,0.00
104462.91375160217,-0.67,-0.34,9.59,0.06,0.06,0.19,-7.38,34.06,-42.38,1.00,-0.02,0.04,0.00
104786.9508266449,-0.68,-0.36,9.58,0.00,0.13,0.06,-7.38,33.00,-43.06,1.00,-0.02,0.04,0.00
105114.15219306946,-0.68,-0.35,9.57,0.13,-0.06,0.00,-7.00,32.56,-41.88,1.00,-0.02,0.04,0.00
105439.27669525146,-0.67,-0.35,9.57,0.00,-0.06,-0.06,-8.06,33.00,-41.19,1.00,-0.02,0.04,0.00
105765.91372489929,-0.70,-0.36,9.57,0.00,-0.19,0.06,-7.38,33.25,-42.25,1.00,-0.02,0.04,0.00
106090.79480171204,-0.69,-0.35,9.57,0.19,0.00,0.19,-7.00,33.00,-41.88,1.00,-0.02,0.04,0.00
106417.61875152588,-0.71,-0.36,9.55,0.13,0.00,0.00,-7.00,33.25,-41.19,1.00,-0.02,0.04,0.00
106742.28167533875,-0.69,-0.36,9.60,-0.06,-0.06,0.06,-7.38,33.00,-41.88,1.00,-0.02,0.04,0.00
107069.6074962616,-0.66,-0.38,9.59,-0.13,0.06,0.06,-8.06,33.00,-41.88,1.00,-0.02,0.04,0.00
107393.73350143433,-0.67,-0.35,9.59,0.06,0.13,0.00,-7.38,33.00,-43.06,1.00,-0.02,0.04,0.00
107721.42815589905,-0.67,-0.38,9.59,-0.06,0.06,0.06,-7.75,33.69,-42.38,1.00,-0.02,0.04,0.00
108045.91989517212,-0.67,-0.37,9.58,0.00,-0.13,-0.19,-8.06,33.00,-41.19,1.00,-0.02,0.04,0.00
108697.72434234619,-0.68,-0.36,9.59,0.00,0.19,0.00,-7.38,33.00,-41.88,1.00,-0.02,0.04,0.00
109024.12819862366,-0.67,-0.35,9.57,0.00,0.00,0.06,-7.38,32.25,-41.56,1.00,-0.02,0.04,0.00
109348.94108772278,-0.68,-0.35,9.58,0.06,0.06,0.06,-7.38,33.00,-42.75,1.00,-0.02,0.04,0.00
109676.06377601624,-0.68,-0.35,9.55,-0.06,-0.06,0.00,-7.38,33.25,-41.88,1.00,-0.02,0.04,0.00
110327.78763771057,-0.67,-0.37,9.59,0.00,0.06,0.100,-7.00,33.25,-43.50,1.00,-0.2,0.04,0.00
110652.18162536621,-0.67,-0.37,9.59,0.00,0.06,0.13,-7.75,32.56,-41.88,1.00,-0.02,0.04,0.00
110982.40685462952,-0.66,-0.36,9.58,0.00,0.06,0.06,-7.00,33.00,-43.88,1.00,-0.02,0.04,0.00
111304.13770675659,-0.67,-0.36,9.57,0.06,0.06,-0.06,-7.38,33.25,-41.88,1.00,-0.02,0.04,0.00
111630.94162940979,-0.69,-0.35,9.57,-0.06,0.06,0.06,-7.75,33.69,-41.56,1.00,-0.02,0.04,0.00
111955.84058761597,-0.67,-0.36,9.56,-0.06,-0.13,-0.13,-8.06,33.25,-41.88,1.00,-0.02,0.04,0.00
112282.7079296112,-0.66,-0.36,9.58,0.00,0.13,0.06,-7.00,33.25,-41.56,1.00,-0.02,0.04,0.00
112606.84037208557,-0.70,-0.36,9.57,-0.06,0.00,-0.06,-7.00,33.25,-41.19,1.00,-0.02,0.04,0.00
112934.15689468384,-0.67,-0.35,9.57,0.00,0.00,0.13,-7.38,33.00,-43.06,1.00,-0.02,0.04,0.00
113258.36229324341,-0.68,-0.37,9.58,-0.06,0.13,0.06,-7.75,32.56,-40.38,1.00,-0.02,0.04,0.00
113585.81161499023,-0.68,-0.37,9.55,0.13,0.00,0.06,-8.06,33.25,-42.38,1.00,-0.02,0.04,0.00
113910.3593826294,-0.67,-0.35,9.56,0.06,-0.13,0.00,-7.75,33.25,-42.75,1.00,-0.02,0.04,0.00
114237.67137527466,-0.67,-0.35,9.56,0.19,0.00,0.06,-8.50,33.00,-42.75,1.00,-0.02,0.04,0.00
114561.80310249329,-0.68,-0.35,9.60,0.00,0.00,0.06,-7.38,33.25,-42.25,1.00,-0.02,0.04,0.00
114888.92722129822,-0.68,-0.34,9.54,0.00,0.00,-0.19,-6.56,33.00,-42.75,1.00,-0.02,0.04,0.00
115213.14191818237,-0.69,-0.34,9.57,-0.06,0.06,-0.06,-7.38,33.25,-41.88,1.00,-0.02,0.04,0.00
115540.49897193909,-0.68,-0.35,9.56,-0.06,0.00,-0.06,-7.38,33.25,-41.88,1.00,-0.02,0.04,0.00
115865.31591415405,-0.68,-0.36,9.58,0.00,-0.06,-0.06,-7.38,33.00,-41.88,1.00,-0.02,0.04,0.00
116192.44265556335,-0.67,-0.36,9.56,0.00,0.06,-0.06,-7.00,33.69,-41.88,1.00,-0.02,0.04,0.00
116516.75915718079,-0.69,-0.38,9.59,0.00,0.00,0.00,-8.06,33.00,-42.38,1.00,-0.02,0.04,0.00
116843.69921684265,-0.68,-0.35,9.58,0.06,-0.06,0.00,-6.56,33.69,-42.38,1.00,-0.02,0.04,0.00
117167.893409729,-0.67,-0.36,9.57,0.00,0.13,0.06,-7.00,33.25,-41.56,1.00,-0.02,0.04,0.00
117495.51057815552,-0.66,-0.33,9.56,0.00,-0.06,0.00,-6.56,33.00,-42.38,1.00,-0.02,0.04,0.00
117819.509267807,-0.67,-0.36,9.56,0.00,0.19,0.00,-7.38,33.00,-42.69,1.00,-0.02,0.04,0.00
118146.31915092468,-0.68,-0.35,9.58,0.00,0.13,0.13,-7.00,33.69,-42.75,1.00,-0.02,0.04,0.00
118471.36521339417,-0.68,-0.37,9.56,0.00,-0.13,0.00,-7.38,33.25,-41.88,1.00,-0.02,0.04,0.00
118798.47049713135,-0.68,-0.35,9.57,0.00,0.00,0.00,-7.38,33.00,-41.88,1.00,-0.02,0.04,0.00
119122.60341644287,-0.67,-0.36,9.58,0.06,0.00,-0.06,-7.00,33.00,-43.06,1.00,-0.02,0.04,0.00
119449.96094703674,-0.69,-0.34,9.56,-0.06,-0.13,0.00,-7.00,32.56,-42.75,1.00,-0.02,0.04,0.00
119775.2537727356,-0.67,-0.35,9.59,-0.06,-0.06,0.00,-7.00,33.25,-41.19,1.00,-0.02,0.04,0.00
120102.11420059204,-0.69,-0.36,9.58,-0.13,0.19,0.13,-7.00,33.00,-41.88,1.00,-0.02,0.04,0.00
120426.8970489502,-0.68,-0.37,9.58,0.06,-0.06,0.06,-8.06,33.00,-41.88,1.00,-0.02,0.04,0.00
120754.80079650879,-0.67,-0.35,9.59,-0.06,-0.06,-0.06,-7.75,33.00,-41.56,1.00,-0.02,0.04,0.00
121078.57203483582,-0.68,-0.34,9.58,0.06,0.00,0.00,-7.75,33.00,-41.88,1.00,-0.02,0.04,0.00
121405.15184402466,-0.67,-0.36,9.57,0.00,0.13,0.06,-7.38,33.25,-42.25,1.00,-0.02,0.04,0.00
121730.11016845703,-0.68,-0.36,9.57,-0.13,0.13,0.00,-7.00,33.00,-42.75,1.00,-0.02,0.04,0.00
122056.7798614502,-0.69,-0.34,9.55,0.00,0.13,0.00,-7.75,32.56,-41.19,1.00,-0.02,0.04,0.00
122381.76035881042,-0.68,-0.35,9.58,0.06,-0.13,-0.06,-7.75,33.25,-42.38,1.00,-0.02,0.04,0.00
122709.40446853638,-0.68,-0.33,9.56,0.06,-0.06,-0.06,-7.00,33.00,-42.75,1.00,-0.02,0.04,0.00
123033.5865020752,-0.66,-0.37,9.56,0.13,0.00,0.00,-7.38,33.25,-43.50,1.00,-0.02,0.04,0.00
123360.83960533142,-0.68,-0.34,9.55,-0.06,-0.06,-0.13,-7.00,32.56,-40.75,1.00,-0.02,0.04,0.00
123684.65924263,-0.69,-0.38,9.59,0.00,0.13,0.00,-7.38,32.56,-42.75,1.00,-0.02,0.04,0.00
124012.59183883667,-0.68,-0.35,9.57,0.06,0.00,-0.06,-7.75,33.25,-42.38,1.00,-0.02,0.04,0.00
124336.37619018555,-0.70,-0.35,9.59,-0.06,0.13,0.00,-8.06,33.69,-42.38,1.00,-0.02,0.04,0.00
124663.91205787659,-0.69,-0.37,9.56,0.00,-0.19,-0.13,-7.38,32.56,-41.56,1.00,-0.02,0.04,0.00
124988.3234500885,-0.67,-0.37,9.57,0.06,0.13,0.13,-7.38,33.00,-41.88,1.00,-0.02,0.04,0.00
125314.74661827087,-0.66,-0.35,9.56,-0.06,0.00,-0.06,-6.56,32.25,-42.38,1.00,-0.02,0.04,0.00
125639.51587677002,-0.67,-0.36,9.57,-0.06,0.06,0.06,-8.06,33.25,-41.88,1.00,-0.02,0.04,0.00
125966.89105033875,-0.67,-0.36,9.55,-0.13,0.06,-0.13,-7.00,33.00,-42.38,1.00,-0.02,0.04,0.00
126291.07880592346,-0.67,-0.36,9.60,0.00,-0.13,0.06,-7.00,33.69,-41.19,1.00,-0.02,0.04,0.00
126617.88296699524,-0.68,-0.33,9.57,-0.06,0.00,-0.06,-7.75,33.69,-41.56,1.00,-0.02,0.04,0.00
126942.9063796997,-0.67,-0.35,9.58,0.00,-0.19,-0.06,-8.06,33.25,-41.88,1.00,-0.02,0.04,0.00
127269.80948448181,-0.69,-0.35,9.58,-0.06,0.19,0.06,-7.00,33.00,-42.38,1.00,-0.02,0.04,0.00
127594.66242790222,-0.69,-0.33,9.57,-0.06,0.19,-0.06,-8.50,33.00,-42.25,1.00,-0.02,0.04,0.00
127921.1916923523,-0.68,-0.35,9.58,0.13,0.19,-0.06,-7.38,33.25,-42.38,1.00,-0.02,0.04,0.00
128246.03247642517,-0.68,-0.37,9.59,-0.13,-0.19,0.06,-7.00,33.25,-42.38,1.00,-0.02,0.04,0.00
128572.86047935486,-0.65,-0.37,9.58,0.00,0.06,0.06,-7.75,33.25,-42.75,1.00,-0.02,0.04,0.00
128897.82547950745,-0.68,-0.33,9.59,-0.06,0.19,-0.06,-6.56,33.25,-41.88,1.00,-0.02,0.04,0.00
129224.32279586792,-0.68,-0.38,9.58,0.00,0.19,0.00,-7.38,33.00,-42.38,1.00,-0.02,0.04,0.00
129548.49815368652,-0.68,-0.35,9.60,0.06,0.13,-0.06,-7.38,33.25,-40.75,1.00,-0.02,0.04,0.00
129875.95701217651,-0.69,-0.34,9.58,0.00,0.00,0.06,-7.00,33.00,-41.88,1.00,-0.02,0.04,0.00
130202.18181610107,-0.68,-0.34,9.58,-0.06,-0.06,0.00,-6.56,32.56,-42.38,1.00,-0.02,0.04,0.00
130528.4526348114,-0.67,-0.34,9.59,-0.06,-0.13,0.00,-7.38,33.25,-41.56,1.00,-0.02,0.04,0.00
130852.06484794617,-0.68,-0.35,9.58,0.06,0.00,0.13,-8.06,33.00,-43.50,1.00,-0.02,0.04,0.00
131179.10361289978,-0.68,-0.35,9.57,0.00,-0.19,0.06,-8.06,32.56,-42.75,1.00,-0.02,0.04,0.00
131504.47034835815,-0.68,-0.35,9.58,-0.06,-0.06,0.00,-7.75,33.00,-41.19,1.00,-0.02,0.04,0.00
131831.01844787598,-0.68,-0.36,9.55,-0.13,0.00,-0.06,-8.06,33.00,-41.88,1.00,-0.02,0.04,0.00
132156.3274860382,-0.68,-0.33,9.59,0.00,0.06,0.00,-7.75,33.25,-42.38,1.00,-0.02,0.04,0.00
132482.39994049072,-0.66,-0.37,9.56,0.00,-0.06,0.06,-7.75,32.56,-42.38,1.00,-0.02,0.04,0.00
132807.92045593262,-0.67,-0.33,9.60,0.00,0.06,0.06,-7.00,33.69,-41.56,1.00,-0.02,0.04,0.00
133134.5238685608,-0.64,-0.36,9.60,0.06,0.00,0.06,-7.00,33.38,-42.75,1.00,-0.02,0.04,0.00
133458.3616256714,-0.69,-0.34,9.58,0.06,0.13,0.00,-8.06,33.00,-44.25,1.00,-0.02,0.04,0.00
133785.6080532074,-0.68,-0.36,9.59,0.06,0.06,0.00,-7.75,34.06,-41.88,1.00,-0.02,0.04,0.00
134110.19563674927,-0.67,-0.34,9.57,-0.06,0.06,0.06,-7.75,33.38,-42.75,1.00,-0.02,0.04,0.00
134437.0722770691,-0.70,-0.34,9.57,0.00,-0.06,0.13,-7.38,32.25,-42.38,1.00,-0.02,0.04,0.00
134761.25741004944,-0.69,-0.33,9.57,0.00,0.06,0.00,-7.38,33.25,-41.88,1.00,-0.02,0.04,0.00
135089.47038650513,-0.69,-0.35,9.57,0.00,0.13,0.06,-6.56,32.25,-42.38,1.00,-0.02,0.04,0.00
135413.4497642517,-0.69,-0.37,9.58,0.00,0.19,-0.13,-7.38,33.00,-42.38,1.00,-0.02,0.04,0.00
135740.23294448853,-0.68,-0.35,9.59,-0.13,0.06,0.13,-7.38,33.00,-42.75,1.00,-0.02,0.04,0.00
136065.03558158875,-0.70,-0.36,9.59,0.13,-0.06,0.00,-7.38,33.25,-42.38,1.00,-0.02,0.04,0.00
136392.69590377808,-0.68,-0.35,9.57,0.06,-0.06,-0.06,-7.38,33.25,-42.38,1.00,-0.02,0.04,0.00
136716.93301200867,-0.68,-0.36,9.56,0.00,0.06,-0.06,-7.38,33.00,-41.56,1.00,-0.02,0.04,0.00
137044.8567867279,-0.67,-0.35,9.60,0.00,0.19,0.06,-7.38,33.25,-42.75,1.00,-0.02,0.04,0.00
137368.98469924927,-0.65,-0.34,9.57,-0.06,-0.13,0.00,-7.00,33.00,-42.00,1.00,-0.02,0.04,0.00
137696.07615470886,-0.66,-0.35,9.57,-0.06,-0.06,0.06,-7.75,33.38,-41.56,1.00,-0.02,0.04,0.00
138020.3561782837,-0.67,-0.35,9.59,0.06,-0.06,0.00,-7.00,33.69,-42.00,1.00,-0.02,0.04,0.00
138347.74494171143,-0.67,-0.36,9.61,0.00,-0.13,0.06,-7.38,32.56,-42.38,1.00,-0.02,0.04,0.00
138671.884059906,-0.68,-0.33,9.61,-0.06,-0.06,0.06,-7.38,32.56,-42.38,1.00,-0.02,0.04,0.00
138999.3875026703,-0.68,-0.36,9.54,-0.06,0.00,0.00,-7.38,33.00,-41.56,1.00,-0.02,0.04,0.00
139323.1165409088,-0.68,-0.36,9.60,0.06,0.06,0.06,-6.56,33.25,-43.06,1.00,-0.02,0.04,0.00
139650.9304046631,-0.67,-0.36,9.57,0.00,-0.13,-0.06,-8.06,34.06,-42.75,1.00,-0.02,0.04,0.00
139975.12102127075,-0.69,-0.33,9.55,0.00,0.06,0.06,-8.06,33.00,-43.88,1.00,-0.02,0.04,0.00
140302.18935012817,-0.69,-0.36,9.60,-0.13,0.06,-0.06,-7.38,33.38,-42.38,1.00,-0.02,0.04,0.00
140627.12478637695,-0.67,-0.34,9.55,0.06,-0.13,0.06,-7.38,33.25,-42.75,1.00,-0.02,0.04,0.00
140954.93698120117,-0.68,-0.37,9.57,-0.13,-0.06,-0.06,-7.38,32.56,-42.38,1.00,-0.02,0.04,0.00
141282.84811973572,-0.66,-0.36,9.57,0.00,-0.06,0.06,-7.75,33.69,-42.75,1.00,-0.02,0.04,0.00
141606.17065429688,-0.65,-0.35,9.58,0.00,-0.19,0.06,-7.38,33.38,-43.06,1.00,-0.02,0.04,0.00
141930.08875846863,-0.67,-0.34,9.60,0.06,0.00,0.13,-7.38,33.25,-41.88,1.00,-0.02,0.04,0.00
142256.8440437317,-0.67,-0.36,9.57,0.00,0.25,0.00,-7.38,33.00,-41.56,1.00,-0.02,0.04,0.00
142582.0598602295,-0.67,-0.36,9.58,0.13,-0.06,0.13,-7.38,33.00,-42.38,1.00,-0.02,0.04,0.00
142909.11030769348,-0.67,-0.36,9.60,-0.06,-0.19,-0.06,-7.75,33.38,-42.00,1.00,-0.02,0.04,0.00
143233.71410369873,-0.66,-0.37,9.56,0.06,0.00,0.06,-8.06,33.69,-42.75,1.00,-0.02,0.04,0.00
143560.51659584045,-0.67,-0.36,9.58,-0.06,-0.13,0.00,-7.00,32.56,-41.56,1.00,-0.02,0.04,0.00
144212.76426315308,-0.67,-0.36,9.57,-0.06,-0.13,-0.13,-7.38,33.69,-42.38,1.00,-0.02,0.04,0.00
144537.1515750885,-0.67,-0.35,9.57,0.00,0.06,0.13,-7.38,32.56,-42.38,1.00,-0.02,0.04,0.00
145187.73531913757,-0.67,-0.35,9.57,0.00,0.06,0.00,-7.75,32.56,-41.56,1.00,-0.02,0.04,0.00
145839.17665481567,-0.67,-0.36,9.61,-0.06,0.13,0.06,-7.38,33.69,-41.19,1.00,-0.02,0.04,0.00
146166.0578250885,-0.64,-0.37,9.58,0.06,0.00,0.19,-7.75,32.56,-42.38,1.00,-0.02,0.04,0.00
146490.4100894928,-0.69,-0.38,9.60,0.00,0.25,-0.06,-8.06,33.00,-41.88,1.00,-0.02,0.04,0.00
146817.1932697296,-0.68,-0.37,9.62,0.13,0.06,0.19,-6.25,33.00,-42.38,1.00,-0.02,0.04,0.00
147142.10510253906,-0.70,-0.34,9.64,0.19,0.63,-0.06,-7.75,33.00,-41.19,1.00,-0.02,0.04,0.00
147469.40207481384,-0.67,-0.35,9.57,0.00,-0.31,0.00,-7.38,33.69,-42.75,1.00,-0.02,0.04,0.00
147794.12174224854,-0.56,-0.34,9.51,-0.19,-0.31,-0.06,-7.00,33.69,-42.38,1.00,-0.02,0.04,0.00
148121.10590934753,-0.68,-0.37,9.56,-0.19,0.00,-0.13,-6.56,33.00,-42.38,1.00,-0.02,0.04,0.00
148445.3206062317,-0.69,-0.36,9.56,0.06,-0.13,0.06,-7.75,33.00,-42.38,1.00,-0.02,0.04,0.00
148772.9320526123,-0.66,-0.35,9.57,-0.13,-0.19,-0.06,-6.56,32.56,-42.38,1.00,-0.02,0.04,0.00
149097.15127944946,-0.70,-0.36,9.61,0.19,0.13,0.06,-7.38,33.69,-41.56,1.00,-0.02,0.04,0.00
149424.13353919983,-0.68,-0.38,9.58,0.06,-0.06,0.06,-7.38,33.38,-41.19,1.00,-0.02,0.04,0.00
149748.8203048706,-0.67,-0.34,9.50,0.06,-0.06,0.00,-7.75,32.56,-41.56,1.00,-0.02,0.04,0.00
150075.71053504944,-0.73,-0.33,9.63,0.06,0.19,0.06,-8.06,33.00,-41.88,1.00,-0.02,0.04,0.00
150400.3129005432,-0.67,-0.33,9.58,-0.06,-0.06,0.00,-7.38,33.00,-42.75,1.00,-0.02,0.04,0.00
150727.96750068665,-0.67,-0.33,9.58,-0.06,-0.06,0.00,-7.38,33.00,-42.75,1.00,-0.02,0.04,0.00
151052.23393440247,-0.66,-0.35,9.58,0.00,-0.13,0.06,-6.56,33.00,-41.19,1.00,-0.02,0.04,0.00
151379.62007522583,-0.57,-0.34,9.40,-0.19,-0.81,-0.06,-7.75,33.25,-42.38,1.00,-0.02,0.04,0.00
151703.6316394806,-0.69,-0.40,9.55,-0.13,0.06,0.00,-7.75,33.69,-41.88,1.00,-0.02,0.04,0.00
152031.58807754517,-0.68,-0.39,9.54,-0.06,-0.06,0.00,-7.38,33.69,-42.00,1.00,-0.02,0.04,0.00
152355.26061058044,-0.65,-0.40,9.58,-0.06,-0.13,0.06,-7.00,33.69,-42.00,1.00,-0.02,0.04,0.00
152682.2202205658,-0.67,-0.35,9.65,0.00,0.06,0.06,-7.75,33.00,-42.38,1.00,-0.02,0.04,0.00
153007.66730308533,-0.63,-0.36,9.55,0.19,0.00,-0.13,-7.00,33.25,-43.06,1.00,-0.02,0.04,0.00
153333.96244049072,-0.70,-0.35,9.59,0.13,0.13,-0.06,-7.00,33.25,-41.56,1.00,-0.02,0.04,0.00
153658.52785110474,-0.71,-0.31,9.58,0.06,-0.06,0.19,-7.38,33.69,-42.75,1.00,-0.02,0.04,0.00
153985.5375289917,-0.65,-0.35,9.55,-0.19,-0.25,-0.06,-7.00,33.00,-42.75,1.00,-0.02,0.04,0.00
154310.05835533142,-0.69,-0.31,9.55,0.13,0.00,0.13,-7.38,32.56,-41.88,1.00,-0.02,0.04,0.00
154636.87419891357,-0.66,-0.36,9.63,0.00,-0.06,0.13,-7.00,33.38,-41.56,1.00,-0.02,0.04,0.00
154961.47799491882,-0.74,-0.35,9.62,0.13,0.38,-0.06,-7.75,33.38,-42.00,1.00,-0.02,0.04,0.00
155288.18202018738,-0.69,-0.37,9.55,0.06,0.00,0.06,-7.75,32.56,-42.75,1.00,-0.02,0.04,0.00
155612.9012107849,-0.68,-0.35,9.63,0.13,0.06,0.00,-7.75,33.69,-41.19,1.00,-0.02,0.04,0.00
155940.1307106018,-0.70,-0.37,9.62,-0.13,-0.44,0.00,-8.06,32.56,-41.56,1.00,-0.02,0.04,0.00
156263.94748687744,-0.65,-0.33,9.61,0.00,0.00,0.06,-7.38,33.00,-42.75,1.00,-0.02,0.04,0.00
156590.88683128357,-0.67,-0.34,9.64,0.06,0.50,0.13,-7.00,33.00,-42.75,1.00,-0.02,0.04,0.00
156915.79246520996,-0.66,-0.37,9.58,-0.06,0.25,0.00,-7.38,32.56,-41.56,1.00,-0.02,0.04,0.00
157242.99263954163,-0.79,-0.33,9.50,0.19,0.13,0.00,-7.38,33.38,-42.00,1.00,-0.02,0.03,0.00
157567.129611969,-0.69,-0.35,9.55,-0.06,0.00,0.06,-7.38,32.56,-42.38,1.00,-0.02,0.03,0.00
157897.74322509766,-0.70,-0.35,9.56,0.19,0.00,0.00,-6.56,33.00,-42.38,1.00,-0.02,0.03,0.00
158219.16151046753,-0.68,-0.33,9.57,0.06,-0.06,-0.13,-8.50,33.00,-41.19,1.00,-0.02,0.03,0.00
159198.60911369324,-0.65,-0.39,9.60,-0.13,-0.38,-0.13,-7.38,33.38,-42.38,1.00,-0.02,0.03,0.00
159524.37949180603,-0.63,-0.33,9.62,0.25,0.00,-0.06,-7.00,33.38,-42.38,1.00,-0.02,0.03,0.00
159849.64275360107,-0.71,-0.36,9.63,0.31,-0.06,0.06,-7.38,33.69,-41.56,1.00,-0.02,0.03,0.00
160173.9900112152,-0.62,-0.37,9.61,0.00,0.06,0.06,-7.38,32.25,-42.38,1.00,-0.02,0.03,0.00
160501.54328346252,-0.70,-0.37,9.64,0.13,0.06,0.06,-7.00,33.38,-42.38,1.00,-0.02,0.03,0.00
160828.11284065247,-0.71,-0.35,9.61,0.00,0.00,0.13,-7.75,33.69,-42.38,1.00,-0.02,0.03,0.00
161152.03022956848,-0.68,-0.38,9.59,0.06,0.38,0.00,-7.38,33.38,-42.38,1.00,-0.02,0.03,0.00
161476.57704353333,-0.67,-0.34,9.61,0.06,0.13,0.06,-7.00,33.38,-41.56,1.00,-0.02,0.03,0.00
161803.84230613708,-0.70,-0.35,9.52,0.00,-0.13,-0.06,-7.75,33.00,-42.38,1.00,-0.02,0.03,0.00
162128.79514694214,-0.66,-0.37,9.57,-0.06,-0.06,-0.06,-7.38,33.00,-42.75,1.00,-0.02,0.03,0.00
162456.94303512573,-0.68,-0.32,9.53,0.06,0.06,0.00,-7.75,33.38,-40.38,1.00,-0.02,0.03,0.00
162781.4016342163,-0.64,-0.38,9.61,-0.06,0.00,-0.06,-8.06,33.00,-43.50,1.00,-0.02,0.03,0.00
163107.319355011,-0.67,-0.34,9.58,0.06,0.19,0.00,-7.38,33.38,-42.38,1.00,-0.02,0.03,0.00
163431.94794654846,-0.72,-0.36,9.58,0.13,0.25,-0.06,-7.00,32.56,-42.38,1.00,-0.02,0.03,0.00
163759.12976264954,-0.69,-0.29,9.56,0.00,-0.06,0.06,-7.38,33.00,-43.06,1.00,-0.02,0.03,0.00
164083.46128463745,-0.67,-0.33,9.59,-0.13,-0.25,-0.06,-7.75,33.38,-42.38,1.00,-0.02,0.03,0.00
164410.58039665222,-0.71,-0.32,9.61,-0.06,-0.25,0.00,-7.75,32.56,-42.00,1.00,-0.02,0.03,0.00
164735.5992794037,-0.64,-0.36,9.59,-0.13,-0.06,0.06,-7.75,33.00,-42.00,1.00,-0.02,0.03,0.00
165062.8457069397,-0.70,-0.36,9.59,-0.06,-0.06,-0.13,-7.00,33.00,-42.38,1.00,-0.02,0.03,0.00
165386.89398765564,-0.66,-0.35,9.52,-0.19,-0.31,0.00,-7.38,33.38,-40.75,1.00,-0.02,0.03,0.00
165714.13040161133,-0.66,-0.37,9.59,-0.06,-0.06,-0.13,-7.00,33.00,-42.00,1.00,-0.02,0.03,0.00
166038.5982990265,-0.68,-0.36,9.60,0.00,0.19,-0.13,-7.38,33.69,-42.75,1.00,-0.02,0.03,0.00
166365.45157432556,-0.68,-0.34,9.57,-0.06,0.06,0.00,-7.00,33.00,-43.06,1.00,-0.02,0.03,0.00
166689.53680992126,-0.64,-0.39,9.66,0.00,0.31,0.00,-7.75,33.00,-42.38,1.00,-0.02,0.03,0.00
167016.6528224945,-0.68,-0.33,9.56,0.00,0.00,-0.06,-7.75,32.56,-42.00,1.00,-0.02,0.03,0.00
167341.23992919922,-0.69,-0.33,9.55,0.00,-0.13,0.00,-7.75,33.00,-42.38,1.00,-0.02,0.03,0.00
167669.10672187805,-0.72,-0.35,9.63,-0.13,-0.13,0.06,-7.75,32.56,-42.38,1.00,-0.02,0.03,0.00
167993.74127388,-0.66,-0.35,9.63,0.13,0.19,0.00,-6.56,33.38,-41.19,1.00,-0.02,0.03,0.00
168320.47820091248,-0.55,-0.42,9.52,-0.31,-0.69,-0.06,-7.38,33.38,-41.56,1.00,-0.02,0.03,0.00
168644.85120773315,-0.69,-0.38,9.59,-0.06,0.13,0.00,-7.38,33.38,-41.56,1.00,-0.02,0.03,0.00
168971.40049934387,-0.69,-0.37,9.53,0.19,0.19,-0.13,-7.75,34.06,-41.56,1.00,-0.02,0.03,0.00
169296.391248703,-0.59,-0.41,9.47,-0.06,-0.25,0.00,-7.38,33.38,-42.38,1.00,-0.02,0.03,0.00
169623.02136421204,-0.76,-0.38,9.70,0.19,0.88,0.13,-7.38,33.38,-42.00,1.00,-0.02,0.03,0.00
169947.40867614746,-0.65,-0.32,9.61,0.06,-0.19,-0.13,-7.75,33.00,-41.19,1.00,-0.02,0.03,0.00
170275.29859542847,-0.70,-0.33,9.53,0.13,-0.13,-0.06,-6.56,33.00,-42.75,1.00,-0.02,0.03,0.00
170599.74813461304,-0.65,-0.34,9.57,0.00,-0.06,-0.06,-7.75,33.00,-42.75,1.00,-0.02,0.03,0.00
170926.60450935364,-0.64,-0.38,9.60,-0.13,-0.13,-0.19,-7.75,32.56,-43.56,1.00,-0.02,0.03,0.00
171251.47700309753,-0.62,-0.43,9.59,-0.38,-0.63,0.06,-6.56,33.00,-42.38,1.00,-0.02,0.03,0.00
171578.05490493774,-0.62,-0.38,9.61,-0.13,-0.31,-0.06,-7.38,32.56,-42.00,1.00,-0.02,0.03,0.00
171902.53114700317,-0.61,-0.40,9.62,0.13,0.69,0.06,-7.38,33.38,-42.75,1.00,-0.02,0.03,0.00
172229.05802726746,-0.74,-0.35,9.61,0.00,0.25,-0.06,-7.38,33.38,-42.38,1.00,-0.02,0.03,0.00
172554.10838127136,-0.61,-0.30,9.55,0.13,-0.19,0.06,-7.00,32.25,-41.19,1.00,-0.02,0.03,0.00
172881.41441345215,-0.69,-0.34,9.57,0.06,0.19,-0.06,-8.06,33.38,-41.19,1.00,-0.02,0.03,0.00
173205.33990859985,-0.64,-0.36,9.78,0.19,0.38,0.06,-7.38,33.38,-42.38,1.00,-0.02,0.03,0.00
173532.3770046234,-0.66,-0.35,9.55,0.13,-0.06,0.06,-7.75,33.38,-41.56,1.00,-0.02,0.03,0.00
173856.74738883972,-0.70,-0.37,9.53,0.06,0.19,0.06,-8.06,33.38,-42.00,1.00,-0.02,0.03,0.00
174184.2029094696,-0.63,-0.39,9.58,-0.19,-0.25,-0.06,-7.75,32.56,-41.19,1.00,-0.02,0.03,0.00
174509.52005386353,-0.65,-0.33,9.61,0.06,-0.44,-0.06,-6.56,33.38,-43.06,1.00,-0.02,0.03,0.00
174836.0207080841,-0.67,-0.38,9.56,0.19,0.19,0.00,-7.75,33.38,-42.38,1.00,-0.02,0.03,0.00
175159.63435173035,-0.65,-0.36,9.69,0.25,0.25,0.00,-7.75,33.69,-42.00,1.00,-0.02,0.03,0.00
175486.7525100708,-0.67,-0.34,9.57,-0.06,0.06,0.00,-7.38,33.69,-43.06,1.00,-0.02,0.03,0.00
175811.36226654053,-0.67,-0.32,9.62,0.06,0.13,0.13,-7.38,33.00,-41.56,1.00,-0.02,0.03,0.00
176137.86840438843,-0.68,-0.33,9.55,0.06,0.00,0.00,-7.75,33.38,-42.00,1.00,-0.02,0.03,0.00
176463.29140663147,-0.67,-0.38,9.59,-0.06,-0.06,0.13,-7.38,33.69,-43.06,1.00,-0.02,0.03,0.00
176790.33160209656,-0.67,-0.37,9.51,0.00,-0.25,0.13,-7.00,33.00,-42.38,1.00,-0.02,0.03,0.00
177114.53461647034,-0.62,-0.35,9.54,-0.25,-0.69,-0.06,-7.00,33.38,-41.19,1.00,-0.02,0.03,0.00
177441.59030914307,-0.72,-0.32,9.61,0.13,0.38,0.13,-8.06,33.69,-42.38,1.00,-0.02,0.03,0.00
177766.4008140564,-0.71,-0.37,9.53,-0.06,0.00,0.06,-7.75,33.00,-41.19,1.00,-0.02,0.03,0.00
178093.2834148407,-0.67,-0.35,9.54,-0.06,0.00,0.06,-7.75,33.38,-42.38,1.00,-0.02,0.03,0.00
178417.25492477417,-0.69,-0.37,9.57,0.00,0.06,0.19,-7.38,33.38,-41.19,1.00,-0.02,0.03,0.00
178745.1512813568,-0.62,-0.39,9.57,-0.19,-0.31,-0.06,-7.38,33.00,-41.19,1.00,-0.02,0.03,0.00
179069.31710243225,-0.66,-0.40,9.60,0.00,0.00,0.13,-8.06,32.25,-42.75,1.00,-0.02,0.03,0.00
179396.2116241455,-0.66,-0.35,9.61,0.06,-0.19,0.00,-7.75,33.38,-42.75,1.00,-0.02,0.03,0.00
179721.07005119324,-0.69,-0.33,9.58,0.06,-0.06,-0.06,-7.75,33.00,-42.38,1.00,-0.02,0.03,0.00
180048.20942878723,-0.68,-0.34,9.57,-0.06,-0.06,-0.06,-8.06,33.38,-41.56,1.00,-0.02,0.03,0.00
180373.3263015747,-0.68,-0.36,9.60,0.06,-0.06,0.00,-7.00,32.56,-42.00,1.00,-0.02,0.03,0.00
180699.4833946228,-0.67,-0.33,9.55,0.06,0.06,0.00,-7.38,34.06,-42.38,1.00,-0.02,0.03,0.00
181024.10888671875,-0.72,-0.34,9.57,0.19,0.13,0.06,-7.75,33.69,-41.19,1.00,-0.02,0.03,0.00
181351.229429245,-0.68,-0.35,9.56,0.13,0.13,-0.13,-7.00,33.38,-42.00,1.00,-0.02,0.03,0.00
181675.8415699005,-0.66,-0.38,9.55,-0.06,-0.25,-0.06,-7.38,33.69,-42.00,1.00,-0.02,0.03,0.00
182002.15792655945,-0.67,-0.34,9.60,0.13,0.19,0.00,-7.38,34.06,-41.19,1.00,-0.02,0.03,0.00
182327.0993232727,-0.71,-0.34,9.59,-0.06,0.13,0.06,-7.75,33.69,-43.06,1.00,-0.02,0.03,0.00
182654.26921844482,-0.68,-0.29,9.69,0.38,0.38,-0.06,-7.00,33.38,-42.38,1.00,-0.02,0.03,0.00
182978.577375412,-0.60,-0.38,9.72,0.00,-0.19,0.06,-7.00,33.00,-42.00,1.00,-0.02,0.03,0.00
183306.44345283508,-0.57,-0.38,9.61,-0.25,-0.63,0.00,-8.06,33.38,-42.75,1.00,-0.02,0.03,0.00
183630.8946609497,-0.67,-0.30,9.79,0.31,-0.06,-0.13,-7.38,33.00,-42.00,1.00,-0.02,0.03,0.00
183957.8719139099,-0.69,-0.35,9.57,0.13,0.06,-0.06,-8.06,33.38,-41.56,1.00,-0.02,0.03,0.00
184282.5288772583,-0.66,-0.31,9.59,0.19,-0.13,0.06,-6.56,33.38,-42.38,1.00,-0.02,0.03,0.00
184609.1001033783,-0.62,-0.37,9.63,-0.19,0.00,-0.06,-7.38,33.00,-42.75,1.00,-0.02,0.03,0.00
184934.326171875,-0.69,-0.36,9.54,0.00,0.00,0.00,-8.06,33.38,-42.00,1.00,-0.02,0.03,0.00
185260.4627609253,-0.67,-0.40,9.61,0.06,0.13,0.06,-7.38,32.25,-42.38,1.00,-0.02,0.03,0.00
185585.18385887146,-0.64,-0.37,9.51,-0.19,-0.19,0.06,-7.38,33.38,-42.75,1.00,-0.02,0.03,0.00
185912.5463962555,-0.71,-0.39,9.57,-0.06,0.19,-0.19,-7.38,33.38,-42.00,1.00,-0.02,0.03,0.00
186236.7959022522,-0.76,-0.35,9.60,-0.06,0.31,-0.06,-7.00,33.00,-42.00,1.00,-0.02,0.03,0.00
186563.782453537,-0.68,-0.38,9.66,0.25,0.38,0.06,-7.38,33.00,-42.38,1.00,-0.02,0.03,0.00
187215.41571617126,-0.71,-0.36,9.60,0.19,0.44,0.00,-7.38,33.00,-42.38,1.00,-0.02,0.03,0.00
187539.73603248596,-0.66,-0.36,9.61,-0.13,-0.13,0.06,-7.38,32.56,-41.56,1.00,-0.02,0.03,0.00
187867.3038482666,-0.64,-0.35,9.52,0.06,-0.44,-0.06,-7.00,33.38,-43.06,1.00,-0.02,0.03,0.00
188192.16775894165,-0.68,-0.35,9.65,0.06,0.06,-0.06,-7.38,33.00,-42.00,1.00,-0.02,0.03,0.00
188519.21939849854,-0.71,-0.36,9.65,0.19,0.19,0.00,-7.38,33.00,-41.56,1.00,-0.02,0.03,0.00
188843.44267845154,-0.66,-0.35,9.62,-0.13,-0.38,0.00,-7.38,33.00,-42.38,1.00,-0.02,0.03,0.00
189170.17340660095,-0.65,-0.36,9.55,-0.13,-0.19,-0.06,-7.75,33.38,-42.75,1.00,-0.02,0.03,0.00
189495.78142166138,-0.65,-0.35,9.58,-0.06,-0.06,0.00,-7.38,33.38,-42.75,1.00,-0.02,0.03,0.00
189822.07822799683,-0.68,-0.39,9.62,-0.06,0.50,0.13,-7.00,33.38,-42.00,1.00,-0.02,0.03,0.00
190147.26305007935,-0.66,-0.36,9.58,-0.13,-0.38,0.06,-7.38,33.00,-42.38,1.00,-0.02,0.03,0.00
190473.7458229065,-0.67,-0.36,9.57,-0.06,0.13,0.00,-7.38,33.38,-42.00,1.00,-0.02,0.03,0.00
190799.3450164795,-0.66,-0.35,9.60,0.06,0.06,0.13,-7.00,33.00,-42.00,1.00,-0.02,0.03,0.00
191125.24032592773,-0.70,-0.35,9.56,0.00,-0.19,0.06,-6.56,33.69,-42.38,1.00,-0.02,0.03,0.00
191450.14572143555,-0.59,-0.37,9.60,0.00,0.06,-0.13,-6.56,33.38,-42.00,1.00,-0.02,0.03,0.00
191779.39820289612,-0.58,-0.39,9.58,-0.13,-0.19,0.06,-7.38,33.38,-42.38,1.00,-0.02,0.03,0.00
192100.745677948,-0.69,-0.35,9.60,0.13,0.25,0.06,-6.56,32.56,-42.00,1.00,-0.02,0.03,0.00
192427.44827270508,-0.71,-0.37,9.58,0.00,0.13,0.00,-7.38,33.38,-42.38,1.00,-0.02,0.03,0.00
192751.9075870514,-0.67,-0.35,9.58,0.00,0.00,0.13,-7.75,32.56,-42.38,1.00,-0.02,0.03,0.00
193079.5178413391,-0.66,-0.35,9.64,-0.06,0.00,0.13,-7.38,33.38,-43.06,1.00,-0.02,0.03,0.00
193403.7103652954,-0.68,-0.33,9.54,0.06,0.00,0.00,-7.38,33.00,-43.06,1.00,-0.02,0.03,0.00
193731.08530044556,-0.67,-0.33,9.54,0.06,-0.19,-0.13,-7.75,33.69,-41.19,1.00,-0.02,0.03,0.00
194055.6502342224,-0.65,-0.36,9.59,0.13,-0.06,0.13,-7.75,32.25,-42.75,1.00,-0.02,0.03,0.00
194383.63361358643,-0.64,-0.36,9.56,0.00,-0.06,0.00,-7.38,33.00,-41.19,1.00,-0.02,0.03,0.00
194706.79235458374,-0.67,-0.36,9.57,0.13,0.06,0.06,-8.06,33.00,-42.75,1.00,-0.02,0.03,0.00
195034.0051651001,-0.68,-0.36,9.60,0.00,0.13,0.06,-7.75,33.69,-41.56,1.00,-0.02,0.03,0.00
195359.58790779114,-0.67,-0.36,9.59,0.00,-0.19,0.06,-7.38,33.38,-42.00,1.00,-0.02,0.03,0.00
195685.82582473755,-0.69,-0.37,9.58,-0.06,-0.13,-0.06,-7.75,33.38,-42.00,1.00,-0.02,0.03,0.00
196010.2152824402,-0.74,-0.38,9.64,-0.13,0.25,0.13,-7.38,33.38,-42.00,1.00,-0.02,0.03,0.00
196337.16011047363,-0.70,-0.38,9.60,0.13,0.13,0.06,-7.00,33.00,-41.19,1.00,-0.02,0.03,0.00
196661.68761253357,-0.67,-0.34,9.55,0.13,-0.06,0.00,-6.56,33.69,-41.19,1.00,-0.02,0.03,0.00
196988.90924453735,-0.69,-0.34,9.51,0.06,0.25,-0.06,-7.38,33.00,-42.00,1.00,-0.02,0.03,0.00
197313.90714645386,-0.64,-0.34,9.61,-0.19,-0.13,0.13,-8.06,33.00,-42.75,1.00,-0.02,0.03,0.00
197641.1838531494,-0.70,-0.37,9.58,0.13,-0.25,-0.06,-7.38,33.00,-42.38,1.00,-0.02,0.03,0.00
197965.0948047638,-0.67,-0.36,9.64,0.06,0.19,-0.06,-7.38,33.69,-42.38,1.00,-0.02,0.03,0.00
198292.1531200409,-0.70,-0.36,9.59,0.19,0.06,0.00,-7.75,33.38,-41.56,1.00,-0.02,0.03,0.00
198616.6021823883,-0.69,-0.40,9.59,0.06,0.13,0.19,-7.75,33.00,-42.38,1.00,-0.02,0.03,0.00
198944.02503967285,-0.66,-0.39,9.59,-0.06,0.06,0.06,-7.38,33.38,-42.00,1.00,-0.02,0.03,0.00
199268.01681518555,-0.71,-0.33,9.61,0.00,-0.06,0.13,-7.38,33.38,-41.19,1.00,-0.02,0.03,0.00
199595.55411338806,-0.68,-0.35,9.54,0.00,-0.06,0.00,-7.75,33.38,-42.38,1.00,-0.02,0.03,0.00
199921.72288894653,-0.69,-0.34,9.55,0.13,-0.06,0.00,-8.06,33.00,-42.38,1.00,-0.02,0.03,0.00
200246.3834285736,-0.67,-0.34,9.61,0.00,0.00,-0.06,-7.00,33.69,-42.38,1.00,-0.02,0.03,0.00
200571.76113128662,-0.67,-0.36,9.58,0.06,-0.19,0.13,-7.38,32.25,-42.75,1.00,-0.02,0.03,0.00
200898.23055267334,-0.71,-0.39,9.59,0.00,0.06,0.13,-7.75,33.38,-43.88,1.00,-0.02,0.03,0.00
201223.51241111755,-0.71,-0.33,9.54,-0.06,-0.38,-0.06,-7.38,33.38,-42.75,1.00,-0.02,0.03,0.00
201550.17471313477,-0.67,-0.36,9.56,0.06,0.19,0.00,-6.25,32.56,-43.19,1.00,-0.02,0.03,0.00
201874.57847595215,-0.68,-0.36,9.60,0.00,0.06,0.13,-7.38,33.00,-40.38,1.00,-0.02,0.03,0.00
202201.49397850037,-0.67,-0.36,9.68,0.13,0.38,0.00,-8.06,33.00,-42.38,1.00,-0.02,0.03,0.00
202526.60131454468,-0.64,-0.34,9.49,-0.06,-0.38,-0.13,-7.38,33.69,-42.38,1.00,-0.02,0.03,0.00
202853.24382781982,-0.67,-0.38,9.62,-0.25,-0.13,-0.06,-7.00,33.38,-42.38,1.00,-0.02,0.03,0.00
203177.89268493652,-0.66,-0.32,9.58,0.19,0.00,-0.06,-7.38,33.38,-42.00,1.00,-0.02,0.03,0.00
203505.03849983215,-0.64,-0.33,9.57,-0.13,-0.13,-0.13,-7.38,32.56,-42.00,1.00,-0.02,0.03,0.00
203829.71453666687,-0.70,-0.36,9.61,-0.06,0.19,0.06,-7.00,33.00,-43.19,1.00,-0.02,0.03,0.00
204156.7804813385,-0.67,-0.36,9.66,0.00,-0.06,0.00,-7.38,32.56,-42.00,1.00,-0.02,0.03,0.00
204481.23478889465,-0.66,-0.35,9.57,0.00,-0.13,0.06,-7.00,33.00,-42.38,1.00,-0.02,0.03,0.00
204807.74235725403,-0.63,-0.37,9.60,0.06,0.06,0.06,-7.75,33.69,-42.38,1.00,-0.02,0.03,0.00
205132.98058509827,-0.66,-0.37,9.58,-0.13,0.00,-0.13,-6.56,32.56,-41.19,1.00,-0.02,0.03,0.00
205459.86461639404,-0.71,-0.37,9.53,0.00,0.25,0.06,-7.00,32.56,-42.00,1.00,-0.02,0.03,0.00
205784.2354774475,-0.67,-0.34,9.60,0.06,0.00,-0.13,-6.56,33.38,-41.56,1.00,-0.02,0.03,0.00
206111.46521568298,-0.69,-0.37,9.66,0.13,0.44,0.06,-7.75,33.00,-42.00,1.00,-0.02,0.03,0.00
206436.1605644226,-0.71,-0.33,9.53,0.00,0.06,0.13,-6.56,33.00,-42.00,1.00,-0.02,0.03,0.00
206762.72654533386,-0.67,-0.36,9.58,-0.13,-0.13,0.06,-7.38,33.38,-42.00,1.00,-0.02,0.03,0.00
207086.86590194702,-0.70,-0.34,9.60,0.25,0.25,0.06,-7.75,33.38,-41.56,1.00,-0.02,0.03,0.00
207414.86191749573,-0.65,-0.40,9.61,-0.13,0.00,-0.13,-7.00,32.56,-42.00,1.00,-0.02,0.03,0.00
207739.04037475586,-0.68,-0.33,9.52,-0.06,-0.06,0.00,-7.38,33.69,-43.19,1.00,-0.02,0.03,0.00
208065.83166122437,-0.67,-0.36,9.58,0.00,-0.13,0.00,-7.75,33.00,-41.56,1.00,-0.02,0.03,0.00
208390.6056880951,-0.67,-0.35,9.57,0.00,0.06,0.00,-8.50,33.00,-41.56,1.00,-0.02,0.03,0.00
208717.4265384674,-0.68,-0.33,9.58,0.00,0.13,0.00,-7.75,33.00,-42.75,1.00,-0.02,0.03,0.00
209041.46146774292,-0.70,-0.36,9.61,0.00,0.31,0.13,-7.00,33.00,-42.75,1.00,-0.02,0.03,0.00
209368.80350112915,-0.67,-0.35,9.57,-0.06,0.13,0.06,-7.38,33.38,-41.19,1.00,-0.02,0.03,0.00
209693.50719451904,-0.66,-0.33,9.57,0.06,-0.06,-0.06,-7.38,32.56,-41.56,1.00,-0.02,0.03,0.00
210020.4758644104,-0.68,-0.35,9.60,0.00,-0.06,0.06,-7.38,33.69,-42.00,1.00,-0.02,0.03,0.00
210344.69413757324,-0.67,-0.35,9.57,0.00,0.00,0.13,-7.75,32.56,-42.00,1.00,-0.02,0.03,0.00
210673.07782173157,-0.68,-0.37,9.56,-0.13,-0.19,0.00,-7.38,33.00,-41.56,1.00,-0.02,0.03,0.00
210996.86527252197,-0.68,-0.35,9.57,0.06,-0.06,0.00,-7.00,33.69,-42.38,1.00,-0.02,0.03,0.00
211324.38611984253,-0.69,-0.37,9.60,0.06,-0.06,0.00,-6.56,33.38,-42.38,1.00,-0.02,0.03,0.00
211649.54352378845,-0.68,-0.35,9.55,0.06,-0.06,-0.13,-7.75,33.38,-42.75,1.00,-0.02,0.03,0.00
211976.4060974121,-0.68,-0.35,9.57,0.00,0.13,0.00,-7.00,33.00,-43.19,1.00,-0.02,0.03,0.00
212299.69787597656,-0.67,-0.35,9.58,0.00,0.31,0.00,-7.75,32.25,-42.00,1.00,-0.02,0.03,0.00
212627.79188156128,-0.68,-0.33,9.56,0.06,-0.13,-0.13,-7.00,33.38,-41.56,1.00,-0.02,0.03,0.00
212952.50630378723,-0.67,-0.36,9.56,0.06,0.00,0.00,-7.38,32.56,-42.38,1.00,-0.02,0.03,0.00
213279.01029586792,-0.67,-0.37,9.58,-0.06,-0.06,0.06,-7.75,32.56,-41.25,1.00,-0.02,0.03,0.00
213603.31082344055,-0.69,-0.36,9.57,0.06,0.00,0.00,-6.56,32.56,-42.38,1.00,-0.02,0.03,0.00
213930.44304847717,-0.67,-0.35,9.58,0.00,0.25,0.00,-7.38,33.38,-42.00,1.00,-0.02,0.03,0.00
214255.15913963318,-0.67,-0.35,9.60,0.00,0.13,0.06,-8.06,33.00,-43.19,1.00,-0.02,0.03,0.00
214582.32188224792,-0.68,-0.36,9.60,0.00,0.00,0.06,-8.06,33.38,-41.56,1.00,-0.02,0.03,0.00
214906.60667419434,-0.69,-0.36,9.58,0.00,0.13,0.13,-7.38,33.00,-40.75,1.00,-0.02,0.03,0.00
215233.79945755005,-0.68,-0.35,9.58,0.00,0.13,0.00,-7.38,32.56,-42.75,1.00,-0.02,0.03,0.00
215558.20751190186,-0.67,-0.35,9.58,0.25,0.00,0.13,-7.00,33.00,-42.38,1.00,-0.02,0.03,0.00
215885.49995422363,-0.66,-0.38,9.58,0.00,-0.19,0.19,-7.00,33.38,-42.38,1.00,-0.02,0.03,0.00
216209.9199295044,-0.67,-0.35,9.57,-0.13,-0.13,0.00,-7.38,32.56,-42.75,1.00,-0.02,0.03,0.00
216537.1332168579,-0.67,-0.36,9.59,0.06,0.00,-0.06,-7.38,34.06,-41.56,1.00,-0.02,0.03,0.00
216862.47158050537,-0.68,-0.36,9.57,0.00,0.13,0.06,-7.38,33.00,-42.38,1.00,-0.02,0.03,0.00
217193.0639743805,-0.69,-0.35,9.57,0.00,-0.25,0.13,-7.38,33.00,-42.00,1.00,-0.02,0.03,0.00
217513.32569122314,-0.66,-0.36,9.58,-0.06,-0.06,0.06,-7.38,32.25,-41.56,1.00,-0.02,0.03,0.00
217841.0894870758,-0.68,-0.35,9.58,-0.13,0.00,0.06,-7.38,33.69,-41.56,1.00,-0.02,0.03,0.00
218165.9369468689,-0.69,-0.36,9.56,0.00,0.06,0.00,-7.75,33.69,-43.19,1.00,-0.02,0.03,0.00
218492.94257164001,-0.70,-0.38,9.58,-0.06,0.00,0.00,-7.00,33.38,-43.19,1.00,-0.02,0.03,0.00
218816.89476966858,-0.67,-0.36,9.57,-0.06,-0.06,0.00,-7.38,33.00,-42.75,1.00,-0.02,0.03,0.00
219144.20986175537,-0.66,-0.35,9.59,0.00,0.13,-0.06,-7.75,33.00,-41.56,1.00,-0.02,0.03,0.00
219469.19560432434,-0.68,-0.36,9.56,-0.13,-0.06,-0.06,-7.75,32.56,-42.00,1.00,-0.02,0.03,0.00
219796.05340957642,-0.67,-0.36,9.60,0.00,0.06,0.13,-6.56,33.00,-42.00,1.00,-0.02,0.03,0.00
220120.83959579468,-0.67,-0.36,9.59,0.06,0.19,0.00,-7.38,33.38,-42.38,1.00,-0.02,0.03,0.00
220447.44420051575,-0.68,-0.36,9.57,0.13,0.00,0.00,-6.56,33.00,-42.00,1.00,-0.02,0.03,0.00
220771.58784866333,-0.68,-0.35,9.58,-0.13,0.25,0.00,-7.38,32.56,-42.00,1.00,-0.02,0.03,0.00
221098.30975532532,-0.66,-0.35,9.56,0.06,0.06,0.19,-7.00,33.38,-42.38,1.00,-0.02,0.03,0.00
221422.8265285492,-0.67,-0.34,9.58,0.00,0.13,0.06,-7.00,33.38,-42.00,1.00,-0.02,0.03,0.00
221749.72105026245,-0.67,-0.34,9.56,0.06,0.13,0.06,-8.50,33.00,-41.19,1.00,-0.02,0.03,0.00
222074.2483139038,-0.69,-0.34,9.59,0.00,0.00,-0.06,-7.00,32.25,-42.75,1.00,-0.02,0.03,0.00
222401.80492401123,-0.68,-0.35,9.57,0.06,0.19,-0.06,-7.00,33.00,-42.00,1.00,-0.02,0.03,0.00
222726.85599327087,-0.67,-0.37,9.59,0.06,0.13,0.19,-7.00,33.38,-41.56,1.00,-0.02,0.03,0.00
223053.04861068726,-0.68,-0.35,9.56,0.00,0.06,-0.06,-7.00,32.56,-42.38,1.00,-0.02,0.03,0.00
223382.72738456726,-0.68,-0.36,9.58,-0.13,-0.06,0.19,-7.75,33.69,-42.38,1.00,-0.02,0.03,0.00
223705.37734031677,-0.67,-0.36,9.59,0.00,0.00,-0.13,-7.38,32.56,-41.19,1.00,-0.02,0.03,0.00
224029.50930595398,-0.67,-0.35,9.59,0.00,0.06,0.06,-7.38,32.56,-42.38,1.00,-0.02,0.03,0.00
224356.47583007812,-0.68,-0.35,9.60,-0.13,-0.06,0.06,-7.00,33.00,-42.38,1.00,-0.02,0.03,0.00
224681.5631389618,-0.64,-0.37,9.62,0.06,-0.06,0.06,-7.75,33.00,-41.56,1.00,-0.02,0.03,0.00
225009.2270374298,-0.67,-0.34,9.57,0.00,-0.13,-0.13,-7.00,33.00,-41.56,1.00,-0.02,0.03,0.00
225333.10556411743,-0.66,-0.36,9.59,-0.13,-0.13,-0.06,-6.56,33.00,-41.19,1.00,-0.02,0.03,0.00
225660.7608795166,-0.67,-0.35,9.57,-0.13,-0.13,0.06,-7.38,33.69,-41.56,1.00,-0.02,0.03,0.00
225984.89356040955,-0.69,-0.34,9.57,0.13,0.00,0.00,-7.38,33.00,-42.00,1.00,-0.02,0.03,0.00
226311.81025505066,-0.65,-0.33,9.57,0.00,0.00,-0.13,-7.38,32.56,-42.38,1.00,-0.02,0.03,0.00
226636.45577430725,-0.67,-0.36,9.60,0.00,0.00,0.00,-7.75,32.56,-41.56,1.00,-0.02,0.03,0.00
226963.06133270264,-0.65,-0.35,9.56,-0.13,0.13,0.06,-7.75,33.00,-42.38,1.00,-0.02,0.03,0.00
227288.26570510864,-0.65,-0.39,9.57,-0.06,0.06,0.00,-7.75,33.38,-42.38,1.00,-0.02,0.03,0.00
227614.5658493042,-0.66,-0.34,9.59,0.06,0.13,0.06,-7.00,33.69,-42.00,1.00,-0.02,0.03,0.00
227939.88823890686,-0.68,-0.35,9.61,0.00,0.06,-0.06,-6.56,33.00,-41.56,1.00,-0.02,0.03,0.00
228267.18878746033,-0.66,-0.36,9.61,-0.06,0.06,0.06,-6.56,32.56,-42.38,1.00,-0.02,0.03,0.00
228591.34578704834,-0.68,-0.36,9.55,0.06,-0.06,0.13,-7.00,33.38,-43.19,1.00,-0.02,0.03,0.00
228919.82507705688,-0.67,-0.36,9.60,-0.06,0.00,0.00,-7.00,33.00,-42.00,1.00,-0.02,0.03,0.00
229242.43116378784,-0.70,-0.35,9.58,0.00,-0.06,0.00,-7.75,33.38,-42.00,1.00,-0.02,0.03,0.00
229570.67489624023,-0.67,-0.37,9.58,-0.06,-0.06,0.00,-7.38,32.56,-42.38,1.00,-0.02,0.03,0.00
229894.45233345032,-0.66,-0.36,9.59,-0.06,0.06,0.06,-7.75,33.38,-42.00,1.00,-0.02,0.03,0.00
230221.70066833496,-0.69,-0.37,9.59,-0.19,0.06,-0.06,-8.06,33.69,-42.00,1.00,-0.02,0.03,0.00
230546.81181907654,-0.67,-0.34,9.57,-0.13,-0.13,0.00,-7.38,33.38,-43.19,1.00,-0.02,0.03,0.00
230873.615026474,-0.67,-0.36,9.60,0.00,0.06,-0.06,-6.56,32.56,-41.25,1.00,-0.02,0.03,0.00
231197.86620140076,-0.67,-0.34,9.57,0.00,0.00,0.19,-7.38,33.38,-42.75,1.00,-0.02,0.03,0.00
231524.4312286377,-0.67,-0.36,9.57,-0.13,0.00,0.06,-7.75,33.38,-42.75,1.00,-0.02,0.03,0.00
231848.87194633484,-0.69,-0.37,9.52,0.06,0.06,0.06,-7.38,33.00,-42.38,1.00,-0.02,0.03,0.00
232176.52368545532,-0.68,-0.35,9.56,-0.06,-0.13,-0.06,-7.00,33.38,-42.75,1.00,-0.02,0.03,0.00
232501.12175941467,-0.68,-0.35,9.57,-0.06,-0.13,0.00,-7.75,33.69,-43.56,1.00,-0.02,0.03,0.00
232827.84175872803,-0.70,-0.34,9.54,0.00,0.00,0.00,-7.00,33.38,-41.56,1.00,-0.02,0.03,0.00
233153.0830860138,-0.69,-0.36,9.61,-0.06,-0.13,0.06,-6.56,33.38,-42.00,1.00,-0.02,0.03,0.00
233479.2025089264,-0.70,-0.35,9.54,0.06,0.06,0.00,-7.00,33.00,-42.75,1.00,-0.02,0.03,0.00
233803.95936965942,-0.64,-0.36,9.59,-0.13,-0.13,0.06,-7.38,33.38,-42.75,1.00,-0.02,0.03,0.00
234131.9990158081,-0.67,-0.35,9.56,-0.06,0.13,-0.19,-7.75,33.00,-42.00,1.00,-0.02,0.03,0.00
234456.6068649292,-0.67,-0.36,9.58,0.00,-0.13,0.00,-7.75,33.38,-42.00,1.00,-0.02,0.03,0.00
234783.0994129181,-0.69,-0.34,9.60,-0.06,-0.06,0.00,-7.00,33.00,-42.38,1.00,-0.02,0.03,0.00
235108.2079410553,-0.66,-0.37,9.58,-0.06,-0.13,0.13,-7.38,32.56,-42.38,1.00,-0.02,0.03,0.00
235434.81373786926,-0.67,-0.35,9.57,0.00,-0.06,0.06,-7.00,33.38,-42.38,1.00,-0.02,0.03,0.00
235759.0000629425,-0.67,-0.37,9.60,-0.06,-0.31,0.06,-8.06,32.56,-41.56,1.00,-0.02,0.03,0.00
236085.9432220459,-0.66,-0.37,9.61,0.00,-0.13,0.00,-7.38,33.00,-41.19,1.00,-0.02,0.03,0.00
236410.6457233429,-0.68,-0.35,9.56,0.00,-0.06,-0.06,-8.06,33.38,-42.38,1.00,-0.02,0.03,0.00
236737.25175857544,-0.69,-0.34,9.60,0.13,0.00,0.06,-7.38,33.00,-42.38,1.00,-0.02,0.03,0.00
237062.2079372406,-0.68,-0.34,9.59,-0.13,-0.06,0.06,-7.75,34.06,-43.19,1.00,-0.02,0.03,0.00
237388.53335380554,-0.67,-0.35,9.54,0.00,0.00,0.06,-7.75,33.38,-42.38,1.00,-0.02,0.03,0.00
237713.9446735382,-0.68,-0.35,9.62,0.00,-0.06,0.00,-7.75,32.25,-42.75,1.00,-0.02,0.03,0.00
238040.26770591736,-0.67,-0.33,9.58,0.00,-0.13,0.00,-7.38,33.38,-41.56,1.00,-0.02,0.03,0.00
238364.9127483368,-0.68,-0.38,9.57,0.00,0.00,0.06,-7.00,32.56,-40.75,1.00,-0.02,0.03,0.00
238691.9367313385,-0.67,-0.37,9.59,0.06,0.06,0.06,-7.38,33.38,-42.00,1.00,-0.02,0.03,0.00
239016.61157608032,-0.67,-0.37,9.57,-0.06,0.25,0.00,-8.06,33.38,-41.56,1.00,-0.02,0.03,0.00
239343.89448165894,-0.69,-0.34,9.58,-0.13,-0.13,0.00,-7.38,33.00,-42.75,1.00,-0.02,0.03,0.00
239669.105052948,-0.69,-0.37,9.58,-0.13,-0.13,0.13,-7.38,32.56,-42.00,1.00,-0.02,0.03,0.00
239995.62644958496,-0.67,-0.36,9.57,0.06,0.13,-0.06,-7.38,33.38,-42.38,1.00,-0.02,0.03,0.00
240319.9384212494,-0.67,-0.35,9.56,0.06,0.00,0.00,-7.00,33.38,-42.38,1.00,-0.02,0.03,0.00
240647.17960357666,-0.67,-0.35,9.58,-0.06,0.06,0.00,-7.75,33.38,-41.56,1.00,-0.02,0.03,0.00
240971.79579734802,-0.67,-0.35,9.59,0.06,0.19,-0.06,-6.56,33.38,-42.75,1.00,-0.02,0.03,0.00
241299.28851127625,-0.70,-0.35,9.57,0.06,-0.06,-0.13,-7.38,33.00,-41.56,1.00,-0.02,0.03,0.00
241623.22449684143,-0.68,-0.36,9.59,-0.06,0.06,0.00,-7.00,33.38,-42.00,1.00,-0.02,0.03,0.00
241950.56748390198,-0.70,-0.36,9.60,-0.06,0.00,0.00,-6.56,33.00,-42.00,1.00,-0.02,0.03,0.00
242274.9581336975,-0.67,-0.38,9.59,0.06,0.06,0.00,-7.75,33.69,-42.00,1.00,-0.02,0.03,0.00
242601.93610191345,-0.68,-0.34,9.55,0.06,0.00,0.06,-6.56,33.69,-43.19,1.00,-0.02,0.03,0.00
242926.94425582886,-0.68,-0.36,9.58,-0.06,0.00,0.00,-7.38,33.00,-42.00,1.00,-0.02,0.03,0.00
243253.3643245697,-0.67,-0.36,9.57,0.13,0.00,0.06,-7.75,33.00,-41.56,1.00,-0.02,0.03,0.00
243578.1750679016,-0.68,-0.34,9.58,0.06,-0.06,0.00,-7.38,33.00,-42.00,1.00,-0.02,0.03,0.00
243906.0254096985,-0.68,-0.34,9.58,-0.19,-0.13,-0.06,-7.00,33.00,-42.00,1.00,-0.02,0.03,0.00
244229.67195510864,-0.69,-0.35,9.58,0.00,0.06,0.00,-7.38,33.00,-42.00,1.00,-0.02,0.03,0.00
244557.27458000183,-0.69,-0.34,9.60,-0.13,0.06,0.06,-7.38,33.38,-43.56,1.00,-0.02,0.03,0.00
244881.49213790894,-0.68,-0.35,9.57,0.00,0.13,-0.06,-7.75,33.38,-42.75,1.00,-0.02,0.03,0.00
245208.21356773376,-0.69,-0.35,9.56,0.00,0.06,-0.06,-7.00,32.56,-42.75,1.00,-0.02,0.03,0.00
245534.48367118835,-0.69,-0.36,9.58,-0.06,0.13,0.00,-7.00,33.00,-42.38,1.00,-0.02,0.03,0.00
245860.9516620636,-0.67,-0.36,9.57,-0.06,-0.13,-0.06,-7.75,33.00,-42.38,1.00,-0.02,0.03,0.00
246184.68713760376,-0.67,-0.36,9.58,0.00,0.00,0.19,-7.00,33.00,-41.56,1.00,-0.02,0.03,0.00
246511.93642616272,-0.67,-0.34,9.59,-0.06,0.00,-0.06,-6.56,32.56,-41.19,1.00,-0.02,0.03,0.00
246835.96062660217,-0.67,-0.37,9.57,0.00,0.06,0.00,-7.38,33.38,-41.56,1.00,-0.02,0.03,0.00
247163.80214691162,-0.68,-0.34,9.56,-0.13,0.00,-0.06,-7.38,33.69,-40.75,1.00,-0.02,0.03,0.00
247488.93308639526,-0.67,-0.35,9.58,0.06,-0.13,-0.06,-7.00,33.00,-42.75,1.00,-0.02,0.03,0.00
247815.06156921387,-0.70,-0.34,9.58,0.00,0.00,0.06,-7.38,33.38,-43.06,1.00,-0.02,0.03,0.00
248139.86682891846,-0.67,-0.38,9.58,-0.06,-0.06,-0.06,-7.38,33.38,-42.75,1.00,-0.02,0.03,0.00
248466.63403511047,-0.67,-0.34,9.55,-0.19,-0.06,0.06,-7.00,32.56,-40.75,1.00,-0.02,0.03,0.00
248792.1335697174,-0.67,-0.35,9.59,-0.06,-0.13,0.00,-6.56,33.38,-42.38,1.00,-0.02,0.03,0.00
249118.21269989014,-0.69,-0.35,9.60,-0.06,0.38,0.00,-6.56,33.38,-42.00,1.00,-0.02,0.03,0.00
249442.4443244934,-0.69,-0.36,9.56,0.06,0.06,0.00,-7.38,33.00,-42.38,1.00,-0.02,0.03,0.00
249769.24753189087,-0.70,-0.34,9.58,0.00,0.06,0.00,-7.00,33.69,-42.38,1.00,-0.02,0.03,0.00
250093.66917610168,-0.68,-0.37,9.58,0.00,0.00,0.00,-7.38,33.69,-42.38,1.00,-0.02,0.03,0.00
250420.97568511963,-0.68,-0.35,9.58,-0.13,0.00,0.00,-6.56,33.00,-42.75,1.00,-0.02,0.03,0.00
250745.38135528564,-0.65,-0.35,9.61,0.00,0.06,-0.06,-7.00,33.38,-42.75,1.00,-0.02,0.03,0.00
251072.448015213,-0.67,-0.35,9.60,-0.06,0.25,0.00,-7.38,32.56,-42.00,1.00,-0.02,0.03,0.00
251396.73495292664,-0.68,-0.33,9.57,0.06,0.13,0.13,-6.56,33.69,-42.38,1.00,-0.02,0.03,0.00
251724.31802749634,-0.68,-0.36,9.58,0.06,-0.25,0.13,-7.00,33.00,-41.56,1.00,-0.02,0.03,0.00
252048.7985610962,-0.67,-0.34,9.57,0.00,0.06,0.06,-8.06,33.38,-42.00,1.00,-0.02,0.03,0.00
252375.27513504028,-0.69,-0.35,9.57,0.00,-0.06,-0.13,-7.00,33.38,-42.00,1.00,-0.02,0.03,0.00
252699.63192939758,-0.71,-0.34,9.57,0.13,0.19,0.13,-7.00,33.00,-42.38,1.00,-0.02,0.03,0.00
253351.17721557617,-0.67,-0.36,9.59,-0.06,0.06,0.6,-7.38,33.69,-40.38,1.00,-0.02,0.03,0.00
253678.37953567505,-0.68,-0.37,9.56,0.00,0.06,0.00,-7.75,33.38,-41.56,1.00,-0.02,0.03,0.00
254002.7689933777,-0.67,-0.34,9.58,0.13,-0.13,-0.06,-7.75,32.56,-42.38,1.00,-0.02,0.03,0.00
254330.5778503418,-0.67,-0.36,9.57,-0.13,-0.13,0.13,-7.38,33.38,-42.75,1.00,-0.02,0.03,0.00
254655.24649620056,-0.68,-0.36,9.58,-0.06,-0.13,0.00,-7.38,33.38,-42.00,1.00,-0.02,0.03,0.00
254981.54020309448,-0.67,-0.37,9.58,-0.06,0.00,0.00,-7.00,33.38,-42.38,1.00,-0.02,0.03,0.00
255306.3361644745,-0.69,-0.37,9.56,0.06,0.31,0.00,-7.38,33.38,-42.75,1.00,-0.02,0.03,0.00
255633.03875923157,-0.67,-0.36,9.56,-0.13,-0.06,0.06,-7.75,33.00,-43.06,1.00,-0.02,0.03,0.00
255957.82566070557,-0.68,-0.36,9.57,0.06,0.00,0.00,-7.75,33.69,-42.75,1.00,-0.02,0.03,0.00
256284.6555709839,-0.67,-0.36,9.58,-0.06,0.13,0.06,-6.56,33.00,-42.00,1.00,-0.02,0.03,0.00
256609.97223854065,-0.68,-0.35,9.58,0.13,0.00,-0.13,-7.00,33.38,-41.25,1.00,-0.02,0.03,0.00
256937.02816963196,-0.67,-0.38,9.57,0.00,-0.06,-0.13,-7.00,32.56,-43.19,1.00,-0.02,0.03,0.00
257261.50512695312,-0.67,-0.34,9.53,0.13,-0.13,-0.06,-6.56,33.69,-42.75,1.00,-0.02,0.03,0.00
257588.78445625305,-0.68,-0.34,9.59,0.00,0.06,-0.06,-7.75,33.38,-41.56,1.00,-0.02,0.03,0.00
257913.2797718048,-0.71,-0.35,9.58,0.06,-0.06,-0.13,-8.06,33.00,-42.75,1.00,-0.02,0.03,0.00
258240.2651309967,-0.66,-0.35,9.53,0.00,0.06,-0.06,-7.00,33.38,-42.38,1.00,-0.02,0.03,0.00
258564.57138061523,-0.68,-0.36,9.58,0.00,0.00,0.06,-7.00,33.00,-42.38,1.00,-0.02,0.03,0.00
258891.3950920105,-0.68,-0.35,9.58,0.06,0.06,-0.06,-7.38,33.00,-42.00,1.00,-0.02,0.03,0.00
259215.93379974365,-0.67,-0.35,9.60,0.00,0.13,0.13,-7.75,33.69,-42.38,1.00,-0.02,0.03,0.00
259542.5989627838,-0.70,-0.34,9.56,0.00,0.13,-0.06,-7.38,33.38,-42.38,1.00,-0.02,0.03,0.00
259867.27499961853,-0.69,-0.34,9.56,0.00,0.13,-0.06,-7.75,33.38,-42.00,1.00,-0.02,0.03,0.00
260194.25559043884,-0.67,-0.35,9.57,0.00,0.00,-0.06,-7.00,33.69,-42.38,1.00,-0.02,0.03,0.00
260519.61421966553,-0.66,-0.34,9.59,0.13,-0.13,0.06,-7.38,32.56,-42.00,1.00,-0.02,0.03,0.00
260846.22645378113,-0.67,-0.39,9.60,0.13,0.00,0.00,-7.75,33.00,-41.19,1.00,-0.02,0.03,0.00
261170.4683303833,-0.67,-0.35,9.56,0.00,-0.13,0.00,-7.75,33.00,-41.56,1.00,-0.02,0.03,0.00
261497.83611297607,-0.68,-0.36,9.57,-0.06,-0.19,0.06,-6.56,33.00,-42.75,1.00,-0.02,0.03,0.00
261822.82638549805,-0.66,-0.34,9.56,0.13,0.13,-0.06,-7.75,33.00,-41.56,1.00,-0.02,0.03,0.00
262149.4975090027,-0.67,-0.36,9.57,0.00,0.06,0.00,-7.00,33.69,-42.75,1.00,-0.02,0.03,0.00
262473.5279083252,-0.67,-0.37,9.60,0.06,0.06,0.06,-6.56,33.69,-42.38,1.00,-0.02,0.03,0.00
262801.1610507965,-0.69,-0.36,9.57,-0.06,0.00,0.00,-7.00,33.00,-41.56,1.00,-0.02,0.03,0.00
263125.58484077454,-0.69,-0.36,9.57,0.00,-0.13,0.06,-7.38,33.38,-42.38,1.00,-0.02,0.03,0.00
263452.67248153687,-0.68,-0.34,9.60,-0.13,0.00,-0.06,-7.75,33.38,-40.75,1.00,-0.02,0.03,0.00
263776.9966125488,-0.69,-0.36,9.57,-0.06,0.06,0.06,-7.38,33.38,-43.19,1.00,-0.02,0.03,0.00
264105.6213378906,-0.69,-0.36,9.57,-0.06,0.06,0.00,-7.00,32.56,-42.00,1.00,-0.02,0.03,0.00
264428.1573295593,-0.68,-0.34,9.58,0.00,0.13,-0.06,-7.75,32.25,-42.75,1.00,-0.02,0.03,0.00
264755.1009654999,-0.68,-0.37,9.57,0.00,-0.06,0.00,-7.00,33.00,-42.75,1.00,-0.02,0.03,0.00
265079.66566085815,-0.67,-0.34,9.59,0.00,0.00,-0.06,-7.38,33.00,-43.19,1.00,-0.02,0.03,0.00
265407.509803772,-0.68,-0.35,9.58,0.00,-0.13,0.00,-6.56,32.56,-41.56,1.00,-0.02,0.03,0.00
265731.21190071106,-0.69,-0.35,9.57,0.00,0.19,0.06,-6.56,33.00,-42.75,1.00,-0.02,0.03,0.00
266058.1741333008,-0.69,-0.35,9.58,-0.06,0.19,0.00,-7.00,33.69,-42.00,1.00,-0.02,0.03,0.00
266383.27646255493,-0.69,-0.35,9.56,0.06,0.25,0.06,-7.75,33.38,-42.00,1.00,-0.02,0.03,0.00
266709.468126297,-0.69,-0.34,9.57,0.19,0.06,0.06,-7.38,33.00,-42.00,1.00,-0.02,0.03,0.00
267035.05420684814,-0.67,-0.37,9.57,0.13,0.06,-0.06,-7.38,32.56,-42.75,1.00,-0.02,0.03,0.00
267360.84938049316,-0.71,-0.36,9.58,0.00,0.13,0.00,-7.38,33.00,-42.38,1.00,-0.02,0.03,0.00
267685.9121322632,-0.67,-0.35,9.58,0.19,0.25,0.00,-7.00,32.56,-42.00,1.00,-0.02,0.03,0.00
268013.0441188812,-0.68,-0.34,9.57,0.00,0.19,0.00,-7.38,33.00,-42.00,1.00,-0.02,0.03,0.00
268337.5594615936,-0.67,-0.36,9.56,0.00,0.06,-0.06,-7.38,32.56,-42.00,1.00,-0.02,0.03,0.00
268664.5567417145,-0.67,-0.35,9.57,0.00,0.19,0.00,-7.38,33.38,-42.75,1.00,-0.02,0.03,0.00
268988.56925964355,-0.67,-0.34,9.58,0.00,0.06,0.13,-6.56,32.56,-42.38,1.00,-0.02,0.03,0.00
269316.0982131958,-0.68,-0.36,9.54,0.13,0.19,-0.06,-6.56,33.00,-40.38,1.00,-0.02,0.03,0.00
269640.6538486481,-0.67,-0.37,9.60,0.06,-0.25,0.06,-7.00,33.00,-42.38,1.00,-0.02,0.03,0.00
269967.7383899689,-0.67,-0.37,9.59,0.00,0.06,0.06,-7.38,33.69,-42.75,1.00,-0.02,0.03,0.00
270292.59419441223,-0.67,-0.36,9.56,-0.13,-0.13,0.06,-7.00,33.38,-42.75,1.00,-0.02,0.03,0.00
270619.8787689209,-0.67,-0.35,9.59,0.00,-0.19,0.06,-7.38,33.38,-40.75,1.00,-0.02,0.03,0.00
270944.2391395569,-0.68,-0.36,9.60,0.00,0.19,0.00,-7.38,33.38,-42.75,1.00,-0.02,0.03,0.00
271271.80314064026,-0.69,-0.36,9.57,0.06,-0.06,0.19,-7.75,33.00,-43.19,1.00,-0.02,0.03,0.00
271595.9703922272,-0.67,-0.37,9.58,0.00,0.13,-0.06,-6.25,32.56,-42.00,1.00,-0.02,0.03,0.00
271923.09069633484,-0.66,-0.35,9.57,-0.06,0.00,0.13,-8.06,33.38,-42.75,1.00,-0.02,0.03,0.00
272247.3385334015,-0.66,-0.36,9.59,0.06,0.06,0.06,-7.38,33.38,-42.38,1.00,-0.02,0.03,0.00
272574.631690979,-0.68,-0.38,9.56,0.13,-0.19,0.06,-8.06,33.69,-41.56,1.00,-0.02,0.03,0.00
272899.484872818,-0.65,-0.37,9.59,0.00,-0.31,0.13,-7.75,33.00,-41.56,1.00,-0.02,0.03,0.00
273226.5465259552,-0.66,-0.39,9.58,-0.06,-0.06,-0.06,-7.00,32.56,-42.00,1.00,-0.02,0.03,0.00
273550.5700111389,-0.65,-0.35,9.60,0.06,0.06,0.06,-6.56,33.38,-42.00,1.00,-0.02,0.03,0.00
273878.47352027893,-0.64,-0.40,9.57,-0.06,-0.25,0.06,-7.38,32.56,-43.19,1.00,-0.02,0.03,0.00
274205.4316997528,-0.71,-0.37,9.59,0.13,0.25,-0.06,-7.75,32.56,-41.56,1.00,-0.02,0.03,0.00
274529.7574996948,-0.72,-0.37,9.69,0.06,0.31,-0.06,-7.75,33.75,-41.25,1.00,-0.02,0.03,0.00
274854.474067688,-0.66,-0.36,9.61,0.13,-0.13,0.00,-7.00,33.38,-41.19,1.00,-0.02,0.03,0.00
275181.3757419586,-0.67,-0.39,9.61,-0.06,-0.13,0.00,-7.38,33.38,-42.38,1.00,-0.02,0.03,0.00
275506.0384273529,-0.60,-0.39,9.64,0.25,0.44,0.06,-7.38,33.00,-43.19,1.00,-0.02,0.03,0.00
275832.8754901886,-0.67,-0.35,9.62,0.19,0.19,0.06,-8.06,33.00,-43.19,1.00,-0.02,0.03,0.00
276157.0029258728,-0.67,-0.36,9.61,0.06,0.13,0.06,-7.00,33.38,-41.25,1.00,-0.02,0.03,0.00
276484.32660102844,-0.70,-0.32,9.55,0.13,0.06,0.06,-6.56,33.00,-41.56,1.00,-0.02,0.03,0.00
276809.12256240845,-0.70,-0.41,9.55,-0.06,-0.06,0.06,-7.00,33.75,-42.75,1.00,-0.02,0.03,0.00
277136.2066268921,-0.70,-0.36,9.57,0.06,0.06,0.00,-7.38,33.75,-42.38,1.00,-0.02,0.03,0.00
277460.675239563,-0.67,-0.34,9.58,0.00,-0.06,0.13,-7.38,33.00,-42.38,1.00,-0.02,0.03,0.00
277788.25783729553,-0.66,-0.36,9.54,-0.31,-0.19,-0.19,-8.50,33.00,-42.38,1.00,-0.02,0.03,0.00
278112.84732818604,-0.67,-0.34,9.54,0.00,0.00,0.06,-7.00,33.00,-41.56,1.00,-0.02,0.03,0.00
278440.16289711,-0.68,-0.35,9.58,0.00,-0.06,0.00,-7.00,33.69,-42.00,1.00,-0.02,0.03,0.00
278763.4837627411,-0.66,-0.35,9.59,0.06,0.00,0.00,-7.75,33.75,-42.75,1.00,-0.02,0.03,0.00
279091.0131931305,-0.66,-0.39,9.61,-0.06,0.00,0.0,-7.75,33.75,-42.75,1.00,-0.002,0.03,0.00
279742.9676055908,-0.66,-0.37,9.61,-0.13,-0.06,0.00,-7.38,33.00,-42.00,1.00,-0.02,0.03,0.00
280067.9774284363,-0.67,-0.35,9.64,0.25,-0.13,-0.06,-7.00,33.38,-42.00,1.00,-0.02,0.03,0.00
280394.81806755066,-1.40,-0.27,9.39,3.88,9.38,0.44,-6.06,19.88,-24.75,1.00,-0.02,0.04,-0.04
280719.9914455414,-0.54,-0.70,9.11,-63.38,-2.69,-15.94,-7.00,20.06,-25.25,1.00,-0.05,0.03,-0.06
281047.5380420685,0.40,-6.05,7.36,-115.69,11.06,-17.56,-11.75,26.00,-0.69,0.93,-0.35,0.04,-0.09
281373.33726882935,0.93,-9.01,3.61,-101.25,14.63,-2.25,-12.00,21.06,17.88,0.82,-0.56,0.09,-0.09
281700.5469799042,-0.99,-10.43,0.38,-42.50,52.06,-14.19,-16.00,5.25,25.25,0.70,-0.68,0.17,-0.16
282025.8777141571,-0.43,-9.69,-1.67,-3.75,38.00,-14.88,-14.00,-4.69,30.19,0.65,-0.68,0.24,-0.24
282352.1423339844,1.51,-10.35,1.59,29.88,-22.81,-4.31,-14.00,-7.69,32.25,0.67,-0.67,0.21,-0.23
282677.03199386597,0.38,-9.67,-0.11,-9.81,0.50,0.13,-13.38,-4.56,33.38,0.67,-0.68,0.20,-0.22
283002.24113464355,0.45,-9.70,-0.33,-2.69,1.19,1.75,-13.75,-7.19,33.00,0.66,-0.69,0.21,-0.22
283328.2151222229,0.35,-9.64,-0.30,0.19,-0.06,-0.13,-14.56,-6.75,33.38,0.66,-0.69,0.21,-0.22
283653.88083457947,0.33,-9.73,-0.30,0.50,0.06,0.00,-14.56,-7.19,32.56,0.66,-0.69,0.21,-0.22
283978.9242744446,0.26,-9.73,-0.33,-0.75,0.00,0.31,-13.75,-7.19,32.19,0.66,-0.69,0.21,-0.22
284304.9087524414,0.34,-9.64,-0.31,0.88,-0.06,-0.50,-14.56,-6.38,32.19,0.66,-0.69,0.21,-0.22
284630.20730018616,0.32,-9.68,-0.33,0.25,0.19,-0.19,-14.56,-7.56,33.00,0.66,-0.69,0.21,-0.22
284957.0600986481,0.31,-9.68,-0.34,-0.19,0.19,0.19,-14.19,-6.75,32.19,0.66,-0.69,0.21,-0.22
285280.90715408325,0.33,-9.63,-0.33,0.00,-0.13,0.00,-14.56,-7.19,32.56,0.66,-0.69,0.21,-0.22
285608.2582473755,0.34,-9.64,-0.31,0.25,-0.13,0.00,-14.88,-6.75,31.75,0.66,-0.69,0.21,-0.22
285931.98680877686,0.32,-9.66,-0.33,0.00,0.06,0.00,-16.00,-6.38,32.19,0.66,-0.69,0.21,-0.22
286259.59968566895,0.41,-9.64,-0.27,0.31,-0.19,-0.44,-14.88,-7.19,33.00,0.66,-0.69,0.21,-0.22
286584.9697589874,0.34,-9.68,-0.33,-0.19,-0.13,0.00,-14.56,-7.56,31.75,0.66,-0.69,0.21,-0.22
286912.1286869049,0.30,-9.65,-0.35,-0.06,0.06,0.00,-14.88,-6.38,33.00,0.66,-0.69,0.21,-0.22
287236.16313934326,0.33,-9.66,-0.31,0.00,-0.06,0.00,-14.88,-6.75,32.19,0.66,-0.69,0.21,-0.22
287563.06195259094,0.33,-9.66,-0.33,-0.13,0.13,0.19,-14.56,-6.75,31.75,0.66,-0.69,0.21,-0.22
287887.30788230896,0.37,-9.65,-0.32,0.06,0.06,-0.06,-14.56,-6.06,32.56,0.66,-0.69,0.21,-0.22
288215.2247428894,0.34,-9.65,-0.33,0.06,0.13,-0.06,-15.25,-6.06,32.19,0.66,-0.69,0.21,-0.22
288539.3297672272,0.32,-9.69,-0.32,0.06,-0.06,-0.06,-14.56,-6.75,31.75,0.66,-0.69,0.21,-0.22
288866.7287826538,0.32,-9.67,-0.33,0.00,-0.06,-0.06,-15.25,-7.56,33.00,0.66,-0.69,0.21,-0.22
289191.8001174927,0.33,-9.65,-0.32,0.06,-0.13,-0.06,-14.56,-6.75,31.75,0.66,-0.69,0.21,-0.22
289518.2611942291,0.34,-9.67,-0.31,-0.06,0.00,0.06,-15.25,-6.75,31.38,0.66,-0.69,0.21,-0.22
289843.7316417694,0.33,-9.64,-0.31,-0.13,-0.06,0.00,-14.19,-5.69,32.56,0.66,-0.69,0.21,-0.22
290169.237613678,0.34,-9.66,-0.34,0.00,0.06,0.00,-14.56,-6.75,33.00,0.66,-0.69,0.21,-0.22
290494.16041374207,0.33,-9.67,-0.33,0.00,0.00,0.00,-14.88,-6.75,31.75,0.66,-0.69,0.21,-0.22
290821.94232940674,0.33,-9.68,-0.33,0.06,-0.06,-0.13,-14.88,-6.06,32.56,0.66,-0.69,0.21,-0.22
291146.47030830383,0.33,-9.67,-0.32,-0.06,0.06,0.06,-14.88,-7.19,33.00,0.66,-0.69,0.21,-0.22
291473.5894203186,0.32,-9.68,-0.33,-0.19,0.06,0.06,-14.56,-6.75,31.75,0.66,-0.69,0.21,-0.22
291798.4311580658,0.32,-9.66,-0.31,0.06,-0.06,0.06,-14.19,-6.38,31.75,0.66,-0.69,0.21,-0.22
292125.02455711365,0.32,-9.68,-0.33,0.00,0.13,0.00,-14.88,-6.38,31.75,0.66,-0.69,0.21,-0.22
292449.3989944458,0.35,-9.63,-0.33,0.06,0.19,0.06,-14.56,-6.38,32.56,0.66,-0.69,0.21,-0.22
292776.4735221863,0.32,-9.65,-0.34,0.13,-0.13,0.06,-14.88,-6.75,33.38,0.66,-0.69,0.21,-0.22
293103.0876636505,0.33,-9.67,-0.32,0.13,-0.06,0.06,-14.88,-7.19,31.75,0.66,-0.69,0.21,-0.22
293428.05457115173,0.33,-9.63,-0.31,-0.06,0.00,0.06,-14.56,-7.19,32.19,0.66,-0.69,0.21,-0.22
293754.37664985657,0.32,-9.68,-0.31,0.00,0.19,0.00,-27.75,-5.25,-5.75,0.66,-0.69,0.21,-0.22
294080.2800655365,0.33,-9.67,-0.32,0.00,0.00,0.00,-27.06,-4.50,-7.00,0.66,-0.69,0.21,-0.22
294403.19752693176,0.34,-9.68,-0.33,-0.06,0.06,0.00,-27.75,-4.88,-5.75,0.66,-0.69,0.21,-0.22
294730.69310188293,0.33,-9.67,-0.33,0.00,0.00,-0.13,-27.38,-4.06,-7.00,0.66,-0.69,0.21,-0.22
295056.1375617981,0.34,-9.65,-0.32,0.00,0.06,-0.06,-26.69,-5.25,-5.75,0.66,-0.69,0.21,-0.22
295384.4344615936,0.33,-9.65,-0.33,0.13,0.19,-0.06,-27.06,-3.75,-5.75,0.66,-0.69,0.21,-0.22
295707.5545787811,0.33,-9.68,-0.33,0.06,0.00,0.00,-27.75,-4.06,-7.75,0.66,-0.69,0.21,-0.22
296034.67631340027,0.32,-9.66,-0.32,0.13,0.13,0.06,-27.38,-4.50,-5.38,0.66,-0.69,0.21,-0.22
296359.735250473,0.33,-9.66,-0.33,0.06,0.13,0.06,-26.69,-4.06,-5.38,0.66,-0.69,0.21,-0.22
296686.5303516388,0.33,-9.64,-0.30,0.06,0.06,0.13,-26.69,-4.88,-6.56,0.66,-0.69,0.21,-0.22
297011.05642318726,0.34,-9.65,-0.34,0.00,0.19,-0.06,-27.38,-4.06,-6.19,0.66,-0.69,0.21,-0.22
297338.1803035736,0.32,-9.67,-0.33,0.13,0.13,-0.06,-27.75,-4.06,-5.75,0.66,-0.69,0.21,-0.22
297662.312746048,0.33,-9.64,-0.32,0.06,-0.06,0.00,-27.06,-4.06,-6.19,0.66,-0.69,0.21,-0.22
297989.4416332245,0.33,-9.61,-0.29,0.06,0.06,-0.13,-26.25,-4.88,-6.19,0.66,-0.69,0.21,-0.22
298314.5673274994,0.30,-9.64,-0.33,0.00,-0.13,0.06,-27.06,-3.75,-5.00,0.66,-0.69,0.21,-0.22
298641.69430732727,0.31,-9.66,-0.33,0.00,-0.13,0.00,-26.25,-4.88,-6.19,0.66,-0.69,0.21,-0.22
298965.8257961273,0.34,-9.65,-0.34,0.00,0.06,0.06,-27.06,-4.50,-5.75,0.66,-0.69,0.21,-0.22
299292.9503917694,0.33,-9.69,-0.34,0.00,-0.06,-0.06,-27.06,-4.50,-6.19,0.66,-0.69,0.21,-0.22
299618.08133125305,0.34,-9.66,-0.33,0.00,0.00,-0.06,-27.38,-4.88,-5.38,0.66,-0.69,0.21,-0.22
299944.6382522583,0.31,-9.66,-0.31,0.00,0.13,0.06,-27.38,-3.38,-6.19,0.66,-0.69,0.21,-0.22
300269.3395614624,0.32,-9.65,-0.34,0.00,0.19,-0.06,-27.38,-4.88,-7.00,0.66,-0.69,0.21,-0.22
300596.4643955231,0.34,-9.67,-0.33,0.00,0.00,0.06,-27.06,-3.75,-6.19,0.66,-0.69,0.21,-0.22
300920.597076416,0.32,-9.69,-0.31,-0.06,0.31,0.06,-27.06,-4.06,-6.56,0.66,-0.69,0.21,-0.22
301248.71921539307,0.33,-9.64,-0.35,-0.06,-0.06,-0.06,-26.69,-5.25,-7.00,0.66,-0.69,0.21,-0.22
301573.33993911743,0.31,-9.66,-0.31,0.06,0.00,-0.13,-26.25,-4.50,-7.75,0.66,-0.69,0.21,-0.22
301900.9757041931,0.32,-9.66,-0.33,-0.13,-0.06,-0.19,-27.06,-4.50,-6.56,0.66,-0.69,0.21,-0.22
302226.10783576965,0.35,-9.67,-0.33,-0.06,-0.13,-0.06,-27.06,-5.25,-7.00,0.66,-0.69,0.21,-0.22
302552.2336959839,0.31,-9.67,-0.33,0.00,0.06,0.00,-27.75,-4.50,-6.56,0.66,-0.69,0.21,-0.22
302877.3639202118,0.32,-9.67,-0.33,-0.06,-0.13,0.06,-27.06,-4.06,-6.19,0.66,-0.69,0.21,-0.22
303203.49192619324,0.35,-9.66,-0.32,0.06,0.00,-0.06,-27.75,-4.50,-5.00,0.66,-0.69,0.21,-0.22
303528.6202430725,0.30,-9.66,-0.33,0.00,-0.06,-0.06,-26.69,-4.06,-5.38,0.66,-0.69,0.21,-0.22
303855.7584285736,0.36,-9.64,-0.33,-0.06,0.13,0.06,-27.06,-4.50,-6.19,0.66,-0.69,0.21,-0.22
304179.8794269562,0.35,-9.65,-0.30,0.06,0.06,-0.06,-27.75,-4.88,-7.00,0.66,-0.69,0.21,-0.22
304507.00402259827,0.31,-9.65,-0.31,-0.06,-0.06,0.06,-27.38,-4.50,-5.38,0.66,-0.69,0.21,-0.22
304832.1363925934,0.34,-9.65,-0.36,-0.06,-0.06,0.19,-27.38,-4.50,-6.19,0.66,-0.69,0.21,-0.22
305158.76293182373,0.33,-9.66,-0.31,0.00,-0.13,0.13,-27.75,-4.50,-5.75,0.66,-0.69,0.21,-0.22
305483.3929538727,0.33,-9.67,-0.33,-0.06,0.06,0.00,-27.38,-4.88,-7.00,0.66,-0.69,0.21,-0.22
305810.52112579346,0.33,-9.66,-0.34,0.00,-0.06,0.00,-26.69,-5.25,-5.75,0.66,-0.69,0.21,-0.22
306134.6516609192,0.34,-9.66,-0.32,0.00,0.00,0.00,-27.06,-4.06,-5.38,0.66,-0.69,0.21,-0.22
306461.7760181427,0.33,-9.64,-0.33,-0.06,-0.06,0.00,-27.06,-4.06,-5.75,0.66,-0.69,0.21,-0.22
306786.096572876,0.32,-9.64,-0.33,-0.06,0.13,0.06,-26.69,-5.25,-6.19,0.66,-0.69,0.21,-0.22
307113.6169433594,0.34,-9.64,-0.34,-0.06,0.00,0.00,-26.69,-4.06,-6.19,0.66,-0.69,0.21,-0.22
307438.1649494171,0.32,-9.67,-0.31,0.13,0.00,0.19,-26.25,-4.06,-5.06,0.66,-0.69,0.21,-0.22
307764.2915248871,0.33,-9.68,-0.31,-0.06,0.00,0.00,-27.38,-4.88,-6.19,0.66,-0.69,0.21,-0.22
308089.53499794006,0.33,-9.65,-0.31,-0.06,-0.13,0.06,-27.38,-4.50,-6.56,0.66,-0.69,0.21,-0.22
308416.54801368713,0.32,-9.63,-0.33,0.00,0.13,0.06,-26.25,-5.25,-6.19,0.66,-0.69,0.21,-0.22
308741.67704582214,0.30,-9.64,-0.33,-0.06,-0.06,-0.06,-27.38,-4.50,-5.75,0.66,-0.69,0.21,-0.22
309068.888425827,0.31,-9.64,-0.33,-0.06,0.19,0.00,-27.38,-4.06,-6.19,0.66,-0.69,0.21,-0.22
309392.9362297058,0.31,-9.66,-0.33,0.00,0.00,0.00,-27.06,-4.06,-6.19,0.66,-0.69,0.21,-0.22
309719.1472053528,0.32,-9.67,-0.32,0.13,0.13,0.06,-27.06,-4.06,-6.56,0.66,-0.69,0.21,-0.22
310045.19057273865,0.34,-9.67,-0.33,-0.06,-0.19,-0.06,-27.06,-4.88,-6.19,0.66,-0.69,0.21,-0.22
310371.31810188293,0.33,-9.66,-0.32,0.06,0.00,0.06,-27.38,-4.06,-7.00,0.66,-0.69,0.21,-0.22
310696.44808769226,0.33,-9.64,-0.31,0.00,-0.06,-0.13,-26.69,-4.50,-6.19,0.66,-0.69,0.21,-0.22
311023.05579185486,0.35,-9.65,-0.31,0.00,0.00,-0.06,-27.06,-4.88,-5.75,0.66,-0.69,0.21,-0.22
311347.70798683167,0.34,-9.67,-0.32,-0.13,0.06,-0.06,-26.69,-4.50,-6.56,0.66,-0.69,0.21,-0.22
311674.831867218,0.33,-9.66,-0.31,-0.06,0.06,0.06,-27.38,-3.75,-6.56,0.66,-0.69,0.21,-0.22
311999.3507862091,0.33,-9.66,-0.32,-0.06,0.06,0.13,-27.38,-4.50,-5.00,0.66,-0.69,0.21,-0.22
312327.0869255066,0.33,-9.65,-0.33,-0.19,-0.13,-0.06,-27.38,-4.06,-6.56,0.66,-0.69,0.21,-0.22
312651.2200832367,0.33,-9.68,-0.33,-0.06,-0.06,0.06,-26.69,-4.50,-6.19,0.66,-0.69,0.21,-0.22
312978.34491729736,0.33,-9.64,-0.36,0.00,0.13,-0.06,-27.06,-4.88,-6.19,0.66,-0.69,0.21,-0.22
313302.4778366089,0.34,-9.66,-0.34,0.13,-0.19,0.06,-27.06,-4.50,-5.38,0.66,-0.69,0.21,-0.22
313628.83734703064,0.33,-9.64,-0.31,0.00,0.00,0.06,-27.06,-4.88,-5.75,0.66,-0.69,0.21,-0.22
313954.7321796417,0.30,-9.68,-0.36,-0.13,0.13,-0.19,-27.75,-5.25,-6.19,0.66,-0.69,0.21,-0.22
314280.8611392975,0.33,-9.63,-0.32,0.06,-0.06,-0.06,-27.38,-4.50,-7.00,0.66,-0.69,0.21,-0.22
314605.99088668823,0.33,-9.67,-0.33,0.06,0.00,0.06,-27.06,-4.88,-7.38,0.66,-0.69,0.21,-0.22
314933.11738967896,0.34,-9.67,-0.33,0.00,0.13,-0.06,-27.06,-4.06,-5.75,0.66,-0.69,0.21,-0.22
315257.29274749756,0.32,-9.67,-0.32,-0.19,0.25,0.00,-27.38,-4.50,-6.56,0.66,-0.69,0.21,-0.22
315584.4166278839,0.31,-9.63,-0.31,0.06,0.19,0.19,-27.06,-4.88,-7.00,0.66,-0.69,0.21,-0.22
315908.54930877686,0.33,-9.67,-0.36,-0.13,0.06,0.00,-26.69,-4.50,-6.19,0.66,-0.69,0.21,-0.22
316235.675573349,0.32,-9.66,-0.31,0.00,0.00,0.06,-27.38,-4.88,-5.75,0.66,-0.69,0.21,-0.22
316559.8073005676,0.35,-9.66,-0.33,0.00,0.00,-0.06,-27.38,-4.50,-5.75,0.66,-0.69,0.21,-0.22
316887.0413303375,0.32,-9.64,-0.31,0.00,-0.06,-0.06,-27.06,-4.50,-6.56,0.66,-0.69,0.21,-0.22
317212.06283569336,0.32,-9.66,-0.32,-0.06,0.00,-0.06,-27.38,-4.50,-6.19,0.66,-0.69,0.21,-0.22
317539.1879081726,0.33,-9.68,-0.34,-0.06,-0.06,0.00,-27.38,-4.50,-6.56,0.66,-0.69,0.21,-0.22
317864.31789398193,0.32,-9.64,-0.32,-0.13,0.06,0.00,-27.75,-4.50,-6.56,0.66,-0.69,0.21,-0.22
318191.0765171051,0.33,-9.65,-0.33,-0.13,-0.13,0.00,-27.06,-4.06,-6.19,0.66,-0.69,0.21,-0.22
318515.576839447,0.31,-9.65,-0.33,0.06,0.00,-0.06,-27.06,-5.25,-7.00,0.66,-0.69,0.21,-0.22
318842.7014350891,0.31,-9.68,-0.32,0.06,0.06,-0.06,-26.69,-4.06,-5.00,0.66,-0.69,0.21,-0.22
319167.8698062897,0.33,-9.66,-0.33,-0.06,0.06,0.06,-27.06,-4.06,-6.19,0.66,-0.69,0.21,-0.22
319492.9618835449,0.33,-9.65,-0.33,0.06,0.13,0.00,-27.75,-5.25,-6.19,0.66,-0.69,0.21,-0.22
319818.5896873474,0.33,-9.67,-0.33,0.06,-0.06,0.13,-27.38,-4.50,-6.56,0.66,-0.69,0.21,-0.22
320145.2178955078,0.32,-9.64,-0.33,0.06,-0.13,0.06,-27.06,-4.06,-7.00,0.66,-0.69,0.21,-0.22
320469.74182128906,0.33,-9.66,-0.33,0.06,0.00,0.06,-26.69,-4.50,-6.19,0.66,-0.69,0.21,-0.22
320796.48303985596,0.33,-9.66,-0.32,0.00,-0.06,-0.13,-28.06,-4.06,-5.75,0.66,-0.69,0.21,-0.22
321121.6621398926,0.31,-9.67,-0.34,0.06,0.13,-0.06,-26.69,-4.88,-7.00,0.66,-0.69,0.21,-0.22
321447.7515220642,0.31,-9.64,-0.31,0.06,0.06,0.00,-27.06,-4.50,-7.00,0.66,-0.69,0.21,-0.22
321772.89032936096,0.33,-9.67,-0.30,0.00,-0.13,0.06,-27.38,-3.75,-6.19,0.66,-0.69,0.21,-0.22
322100.6591320038,0.30,-9.66,-0.33,-0.13,0.00,0.06,-27.06,-4.50,-7.38,0.66,-0.69,0.21,-0.22
322424.19695854187,0.34,-9.65,-0.31,0.06,0.00,0.06,-27.06,-5.25,-5.75,0.66,-0.69,0.21,-0.22
322751.5959739685,0.31,-9.68,-0.32,0.00,-0.06,-0.06,-27.06,-4.88,-6.19,0.66,-0.69,0.21,-0.22
323075.9265422821,0.31,-9.67,-0.34,0.00,-0.06,0.06,-27.38,-4.88,-6.19,0.66,-0.69,0.21,-0.22
323403.9182662964,0.34,-9.65,-0.33,-0.06,-0.19,-0.19,-28.06,-4.88,-7.00,0.66,-0.69,0.21,-0.22
323727.9233932495,0.33,-9.64,-0.33,0.00,0.13,0.00,-27.38,-4.06,-6.19,0.66,-0.69,0.21,-0.22
324054.993391037,0.31,-9.66,-0.31,-0.06,0.06,0.00,-27.06,-4.50,-5.75,0.66,-0.69,0.21,-0.22
324379.46820259094,0.32,-9.66,-0.35,-0.06,0.19,-0.13,-26.69,-5.88,-6.19,0.66,-0.69,0.21,-0.22
324706.90417289734,0.32,-9.66,-0.32,-0.13,-0.06,-0.06,-26.69,-4.50,-6.19,0.66,-0.69,0.21,-0.22
325030.84087371826,0.34,-9.65,-0.31,0.00,0.00,0.00,-26.69,-4.88,-6.19,0.66,-0.69,0.21,-0.22
325358.03055763245,0.35,-9.64,-0.35,0.00,-0.19,0.06,-26.69,-4.06,-5.00,0.66,-0.69,0.21,-0.22
325682.86085128784,0.34,-9.65,-0.28,-0.13,0.06,0.00,-27.06,-4.88,-7.00,0.66,-0.69,0.21,-0.22
326009.47427749634,0.33,-9.68,-0.33,0.13,0.06,0.00,-27.75,-4.50,-6.56,0.66,-0.69,0.21,-0.22
326333.63795280457,0.33,-9.65,-0.33,-0.06,0.06,0.06,-26.69,-4.50,-6.56,0.66,-0.69,0.21,-0.22
326661.13233566284,0.33,-9.64,-0.34,0.00,0.00,-0.13,-27.06,-4.50,-6.19,0.66,-0.69,0.21,-0.22
326985.83984375,0.32,-9.65,-0.34,0.00,-0.13,0.00,-26.69,-4.06,-5.00,0.66,-0.69,0.21,-0.22
327312.8855228424,0.31,-9.64,-0.30,-0.06,-0.25,0.00,-27.75,-3.75,-6.56,0.66,-0.69,0.21,-0.22
327638.2212638855,0.29,-9.65,-0.30,-0.13,0.06,-0.19,-27.38,-4.06,-6.56,0.66,-0.69,0.21,-0.22
327966.349363327,0.33,-9.64,-0.32,0.13,-0.31,0.06,-27.38,-4.06,-5.38,0.66,-0.69,0.21,-0.22
328288.73324394226,0.33,-9.66,-0.32,0.00,0.13,0.00,-26.69,-4.88,-6.19,0.66,-0.69,0.21,-0.22
328616.4274215698,0.33,-9.64,-0.33,0.00,-0.31,0.00,-26.25,-4.88,-5.00,0.66,-0.69,0.21,-0.22
328943.89939308167,0.33,-9.65,-0.33,-0.13,0.00,0.00,-27.75,-4.06,-5.75,0.66,-0.69,0.21,-0.22
329267.17805862427,0.31,-9.66,-0.33,0.00,0.00,-0.06,-27.75,-5.25,-5.75,0.66,-0.69,0.21,-0.22
329591.1934375763,0.33,-9.69,-0.31,0.00,0.00,0.06,-27.38,-4.06,-6.19,0.66,-0.69,0.21,-0.22
329918.99061203003,0.32,-9.67,-0.34,0.00,-0.06,-0.06,-27.38,-4.88,-6.19,0.66,-0.69,0.21,-0.22
330243.3342933655,0.33,-9.68,-0.33,0.06,-0.13,0.13,-27.06,-4.88,-6.56,0.66,-0.69,0.21,-0.22
330570.70684432983,0.30,-9.66,-0.31,-0.06,0.00,-0.06,-26.69,-4.50,-5.75,0.66,-0.69,0.21,-0.22
330895.5602645874,0.32,-9.65,-0.33,0.00,0.06,0.00,-27.06,-4.88,-7.00,0.66,-0.69,0.21,-0.22
331222.2626209259,0.32,-9.67,-0.31,0.00,0.06,-0.06,-27.75,-4.88,-5.75,0.66,-0.69,0.21,-0.22
331546.8671321869,0.33,-9.65,-0.31,0.00,0.06,-0.06,-27.38,-4.50,-7.00,0.66,-0.69,0.21,-0.22
331873.94285202026,0.33,-9.65,-0.33,-0.06,-0.06,0.00,-27.38,-4.50,-6.56,0.66,-0.69,0.21,-0.22
332198.79841804504,0.33,-9.66,-0.33,0.00,0.19,-0.06,-26.25,-3.38,-5.75,0.66,-0.69,0.21,-0.22
332524.7905254364,0.32,-9.65,-0.29,0.00,0.06,-0.06,-27.06,-3.75,-6.56,0.66,-0.69,0.21,-0.22
332849.24936294556,0.31,-9.68,-0.32,0.00,0.19,0.06,-27.38,-4.50,-6.19,0.66,-0.69,0.21,-0.22
333177.2332191467,0.32,-9.66,-0.30,-0.13,-0.06,0.00,-27.75,-4.88,-6.19,0.66,-0.69,0.21,-0.22
333504.73380088806,0.32,-9.65,-0.35,0.00,0.13,-0.13,-27.38,-4.06,-7.38,0.66,-0.69,0.21,-0.22
333828.9713859558,0.31,-9.64,-0.33,-0.06,0.06,-0.06,-28.19,-5.25,-6.19,0.66,-0.69,0.21,-0.22
334153.3453464508,0.32,-9.65,-0.33,-0.19,0.06,-0.06,-27.38,-4.06,-5.75,0.66,-0.69,0.21,-0.22
334479.7422885895,0.31,-9.68,-0.33,0.06,0.00,0.00,-27.06,-4.88,-5.75,0.66,-0.69,0.21,-0.22
334806.9109916687,0.35,-9.66,-0.30,0.06,0.00,-0.06,-27.38,-4.50,-6.56,0.66,-0.69,0.21,-0.22
335135.96534729004,0.33,-9.67,-0.35,0.06,-0.13,0.00,-26.69,-4.88,-6.19,0.66,-0.69,0.21,-0.22
335457.27801322937,0.33,-9.65,-0.31,0.00,0.13,0.13,-27.06,-4.50,-6.19,0.66,-0.69,0.21,-0.22
335787.5690460205,0.31,-9.64,-0.33,-0.06,-0.06,-0.13,-27.38,-4.06,-6.19,0.66,-0.69,0.21,-0.22
336107.8050136566,0.33,-9.65,-0.31,-0.13,-0.13,0.00,-27.38,-4.50,-5.38,0.66,-0.69,0.21,-0.22
336435.24622917175,0.33,-9.67,-0.33,-0.06,0.13,-0.06,-26.69,-4.50,-6.56,0.66,-0.69,0.21,-0.22
336759.5272064209,0.32,-9.68,-0.32,-0.06,-0.06,0.13,-27.06,-4.06,-5.75,0.66,-0.69,0.21,-0.22
337086.54594421387,0.30,-9.66,-0.32,0.00,-0.06,-0.06,-26.69,-4.06,-7.00,0.66,-0.69,0.21,-0.22
337410.7754230499,0.33,-9.64,-0.31,0.00,-0.13,0.00,-26.69,-3.75,-6.19,0.66,-0.69,0.21,-0.22
337737.90073394775,0.34,-9.64,-0.31,0.13,-0.06,-0.06,-26.69,-5.25,-7.75,0.66,-0.69,0.21,-0.22
338062.8342628479,0.32,-9.64,-0.33,-0.06,0.06,-0.06,-27.06,-4.50,-6.56,0.66,-0.69,0.21,-0.22
