t,Ax,Ay,Az,wx,wy,wz,Bx,By,Bz
779.4291973114014,3.25,-1.56,9.07,-0.06,0.00,0.06,-7.38,-6.25,-53.56
1098.8743305206299,3.25,-1.56,9.06,-0.06,-0.06,0.00,-6.56,-5.56,-51.69
1415.555477142334,3.23,-1.55,9.06,-0.06,-0.13,-0.06,-5.88,-6.69,-52.06
1732.6383590698242,3.25,-1.54,9.10,0.00,0.19,0.06,-5.88,-6.25,-51.69
2051.1553287506104,3.25,-1.56,9.06,-0.13,-0.06,0.06,-6.56,-6.69,-51.25
2367.802381515503,3.25,-1.56,9.07,0.00,0.00,-0.06,-6.56,-5.56,-52.06
2684.9255561828613,3.26,-1.56,9.11,0.00,0.06,-0.06,-6.25,-6.25,-51.69
3003.2052993774414,3.24,-1.56,9.07,0.00,0.06,0.00,-6.56,-6.69,-52.06
3319.767713546753,3.25,-1.53,9.07,-0.06,0.06,0.06,-6.25,-7.06,-52.88
3636.640787124634,3.25,-1.55,9.09,0.00,-0.13,0.00,-7.00,-7.06,-52.88
3955.7511806488037,3.24,-1.55,9.08,0.00,0.00,0.00,-6.56,-5.56,-51.69
4272.207736968994,3.25,-1.55,9.06,0.13,-0.13,0.06,-6.25,-5.56,-52.06
4589.182138442993,3.24,-1.57,9.07,0.00,0.06,0.13,-5.88,-6.25,-51.69
4908.303499221802,3.25,-1.54,9.09,0.06,0.06,-0.06,-7.00,-7.38,-51.25
5224.974870681763,3.25,-1.55,9.07,0.00,0.00,-0.06,-6.56,-7.06,-53.25
5542.17267036438,3.24,-1.57,9.08,0.00,-0.19,0.00,-6.56,-6.25,-51.69
5860.733270645142,3.26,-1.55,9.08,0.06,0.06,0.00,-6.25,-7.38,-52.50
6177.765130996704,3.25,-1.57,9.08,-0.06,0.00,0.00,-7.00,-7.06,-51.69
6494.7755336761475,3.24,-1.57,9.08,0.00,0.13,0.06,-6.56,-5.56,-52.88
6812.9589557647705,3.24,-1.56,9.06,0.06,0.00,0.00,-6.25,-6.69,-52.06
7129.167318344116,3.25,-1.56,9.10,0.13,0.06,0.00,-5.88,-6.69,-52.88
7447.106838226318,3.25,-1.56,9.07,0.00,0.31,-0.06,-5.88,-5.88,-52.50
7766.253471374512,3.26,-1.55,9.08,0.06,-0.25,-0.06,-5.88,-5.25,-51.69
8082.409143447876,3.26,-1.56,9.11,-0.13,0.06,0.00,-6.25,-7.06,-52.06
8399.976015090942,3.25,-1.55,9.07,0.06,0.31,0.06,-7.00,-5.56,-50.56
8718.237400054932,3.25,-1.57,9.08,-0.06,0.06,0.00,-6.25,-5.56,-52.50
9034.865856170654,3.23,-1.55,9.07,0.00,0.06,0.00,-5.88,-5.56,-52.06
9351.244449615479,3.24,-1.56,9.08,0.00,0.00,0.00,-6.56,-6.25,-52.06
9678.385496139526,3.26,-1.55,9.08,0.06,0.00,0.00,-6.56,-6.69,-51.69
9987.788915634155,3.24,-1.57,9.10,-0.06,-0.06,-0.06,-6.56,-6.69,-52.06
10304.455518722534,3.23,-1.59,9.11,-0.06,-0.13,0.00,-7.00,-5.56,-52.06
10623.538494110107,3.23,-1.56,9.08,0.06,0.00,-0.13,-6.25,-5.88,-52.06
10940.489292144775,3.24,-1.55,9.09,0.00,-0.13,-0.06,-5.88,-5.56,-52.06
11257.081508636475,3.27,-1.56,9.11,-0.06,-0.06,-0.13,-6.25,-7.06,-51.25
11576.28059387207,3.25,-1.54,9.09,0.06,0.06,0.00,-6.56,-5.88,-51.25
11893.413305282593,3.25,-1.56,9.10,0.06,-0.06,0.00,-6.56,-6.25,-52.06
12209.997653961182,3.26,-1.55,9.06,0.06,0.19,0.00,-6.56,-7.06,-51.25
12528.669118881226,3.24,-1.56,9.07,-0.19,0.13,0.06,-6.56,-5.88,-51.69
12845.115661621094,3.25,-1.56,9.09,0.00,0.06,0.00,-6.25,-5.88,-50.88
13162.163257598877,3.24,-1.57,9.09,0.00,0.00,0.00,-7.00,-7.75,-52.06
13480.560302734375,3.25,-1.54,9.09,0.06,-0.06,0.13,-7.00,-7.06,-52.06
13798.017978668213,3.26,-1.57,9.07,-0.06,0.13,-0.13,-5.19,-6.25,-52.06
14115.349769592285,3.23,-1.55,9.06,-0.06,-0.06,0.06,-6.56,-5.56,-51.69
14433.617353439331,3.24,-1.55,9.09,-0.06,0.06,0.06,-6.56,-5.56,-51.69
14750.39267539978,3.24,-1.55,9.11,0.00,0.00,-0.06,-7.00,-6.25,-52.06
15067.498683929443,3.25,-1.54,9.12,0.06,-0.13,0.00,-6.56,-7.38,-51.75
15386.183023452759,3.25,-1.58,9.07,-0.06,-0.19,-0.13,-6.56,-5.56,-51.75
15704.710483551025,3.23,-1.56,9.09,0.06,-0.06,-0.06,-6.25,-6.25,-51.75
16022.324323654175,3.26,-1.54,9.08,-0.06,0.06,-0.19,-6.56,-6.25,-52.06
16340.058088302612,3.25,-1.57,9.09,-0.13,0.13,-0.06,-6.56,-7.06,-51.75
16658.071517944336,3.24,-1.54,9.08,-0.19,0.00,-0.06,-6.56,-5.56,-51.69
16977.070569992065,3.23,-1.56,9.10,0.06,0.06,0.06,-7.00,-6.69,-52.50
17294.608116149902,3.24,-1.55,9.06,-0.06,-0.13,-0.13,-7.38,-6.25,-51.75
17612.757444381714,3.24,-1.58,9.10,-0.06,-0.06,-0.13,-7.00,-5.88,-51.75
17931.797981262207,3.23,-1.55,9.08,0.00,-0.06,0.13,-6.25,-5.56,-52.50
18252.012968063354,3.25,-1.55,9.10,-0.06,0.13,-0.06,-5.88,-6.25,-50.88
18570.85919380188,3.24,-1.56,9.10,0.00,0.00,-0.06,-6.56,-6.69,-52.06
18887.97378540039,3.23,-1.56,9.07,-0.06,-0.06,0.06,-7.00,-6.69,-52.50
19206.79521560669,3.25,-1.58,9.11,-0.06,0.00,-0.13,-6.56,-6.69,-52.06
19526.591777801514,3.23,-1.56,9.10,-0.06,-0.19,0.00,-6.25,-6.25,-51.75
19845.973014831543,3.23,-1.56,9.10,-0.06,0.06,0.00,-6.56,-5.88,-52.88
20162.57357597351,3.25,-1.57,9.09,0.00,-0.13,0.13,-6.56,-7.38,-53.25
20480.373859405518,3.23,-1.55,9.10,0.00,-0.06,0.00,-7.00,-6.25,-52.88
20799.549102783203,3.24,-1.57,9.08,-0.06,0.00,0.13,-6.25,-6.25,-52.88
21116.34588241577,3.24,-1.54,9.08,0.00,-0.06,0.06,-7.00,-5.88,-52.06
21433.688402175903,3.24,-1.56,9.11,0.00,0.13,-0.06,-7.00,-5.56,-51.75
21752.4254322052,3.24,-1.55,9.07,0.00,-0.13,0.13,-5.88,-5.56,-51.75
22068.90082359314,3.25,-1.57,9.10,0.06,0.13,0.06,-7.00,-7.06,-52.06
22385.724782943726,3.24,-1.55,9.10,-0.06,0.06,0.00,-6.25,-6.69,-51.75
22705.177068710327,3.23,-1.55,9.07,-0.06,0.13,-0.06,-6.56,-5.88,-52.50
23022.21131324768,3.25,-1.55,9.11,0.00,0.06,0.00,-5.88,-5.56,-52.06
23338.775873184204,3.23,-1.56,9.09,-0.06,0.00,0.19,-6.56,-5.25,-52.88
23657.74893760681,3.24,-1.57,9.08,0.13,-0.13,0.06,-6.25,-6.25,-52.06
23974.25389289856,3.25,-1.55,9.10,-0.13,0.06,0.00,-6.25,-5.88,-52.50
24291.40543937683,3.26,-1.55,9.11,0.06,-0.06,0.06,-7.00,-6.69,-51.75
24610.551834106445,3.24,-1.55,9.09,-0.19,0.06,0.00,-6.56,-6.25,-52.06
24927.706480026245,3.24,-1.56,9.09,0.00,0.06,0.13,-5.88,-5.88,-52.88
25243.85905265808,3.27,-1.54,9.08,0.00,0.19,-0.06,-5.88,-5.56,-52.06
25562.010526657104,3.23,-1.56,9.06,-0.06,0.06,0.00,-6.25,-6.69,-52.50
25879.162311553955,3.23,-1.54,9.09,-0.06,0.13,0.19,-7.00,-6.69,-52.50
26196.313858032227,3.24,-1.55,9.09,-0.13,0.06,-0.13,-6.56,-5.56,-52.88
26515.471696853638,3.23,-1.54,9.06,-0.13,-0.19,-0.06,-6.25,-6.25,-52.50
26833.61005783081,3.23,-1.58,9.09,0.00,0.13,0.06,-5.88,-5.56,-52.88
27150.76470375061,3.23,-1.56,9.08,0.00,-0.19,0.00,-6.56,-6.25,-53.25
27468.913078308105,3.25,-1.55,9.06,-0.06,0.06,-0.06,-5.56,-7.06,-51.38
27786.065816879272,3.24,-1.56,9.12,0.06,0.00,0.06,-5.88,-6.25,-52.06
28104.214906692505,3.23,-1.56,9.08,0.00,0.19,0.00,-6.56,-7.06,-52.06
28421.367645263672,3.23,-1.57,9.10,-0.13,-0.13,-0.06,-6.56,-6.25,-51.38
28740.514993667603,3.23,-1.55,9.07,0.06,-0.06,0.00,-6.25,-5.88,-51.75
29059.66067314148,3.21,-1.56,9.09,0.00,0.13,0.00,-6.56,-6.69,-52.50
29377.812147140503,3.23,-1.56,9.09,0.06,-0.13,0.00,-6.56,-6.25,-51.75
29694.963693618774,3.23,-1.56,9.10,0.06,0.00,0.06,-6.56,-5.88,-52.88
30014.110565185547,3.23,-1.55,9.11,0.00,-0.06,0.13,-6.56,-5.88,-52.06
30333.256721496582,3.23,-1.56,9.08,0.13,0.13,-0.06,-6.56,-7.38,-52.88
30652.405500411987,3.24,-1.55,9.10,-0.06,0.00,-0.13,-5.88,-5.88,-51.75
30970.553159713745,3.23,-1.56,9.07,0.19,-0.13,0.00,-7.38,-7.06,-52.06
31288.702964782715,3.25,-1.54,9.09,-0.06,0.13,0.06,-6.25,-6.69,-52.06
31607.851266860962,3.24,-1.54,9.08,-0.06,0.06,0.13,-6.56,-6.25,-51.75
31927.9944896698,3.23,-1.55,9.05,0.00,0.00,0.00,-6.25,-6.25,-52.06
32244.149684906006,3.25,-1.57,9.09,0.00,-0.06,0.06,-7.00,-7.75,-52.06
32562.299966812134,3.25,-1.55,9.09,-0.06,0.06,-0.13,-5.88,-6.25,-52.06
32881.44755363464,3.24,-1.56,9.06,-0.06,0.00,-0.06,-7.00,-5.25,-51.75
33198.60076904297,3.24,-1.56,9.10,0.00,0.25,0.00,-7.00,-5.56,-51.75
33514.76502418518,3.24,-1.57,9.11,0.13,-0.25,0.19,-7.00,-6.25,-52.56
33833.906173706055,3.25,-1.56,9.07,0.13,-0.13,0.13,-5.88,-6.69,-52.06
34150.054931640625,3.23,-1.53,9.08,0.06,-0.06,0.06,-6.25,-5.88,-51.75
34467.20767021179,3.24,-1.56,9.11,-0.06,-0.06,0.00,-6.25,-5.56,-51.75
34786.354541778564,3.23,-1.54,9.09,0.13,0.06,0.00,-7.38,-7.75,-52.50
35102.50973701477,3.22,-1.55,9.11,-0.06,-0.25,0.06,-6.25,-7.06,-52.06
35419.66199874878,3.23,-1.56,9.12,0.00,0.06,-0.06,-6.56,-7.38,-52.50
35738.80887031555,3.24,-1.57,9.10,0.06,-0.06,-0.13,-7.00,-5.88,-51.75
36056.95915222168,3.24,-1.55,9.08,-0.06,0.13,0.00,-6.56,-6.25,-52.50
36373.11387062073,3.24,-1.56,9.10,0.06,-0.31,0.00,-7.00,-5.56,-51.75
36691.2636756897,3.23,-1.55,9.09,0.06,0.13,0.06,-6.25,-5.25,-52.06
37009.41324234009,3.24,-1.56,9.07,0.06,-0.06,0.06,-6.56,-5.25,-52.88
37326.5655040741,3.23,-1.55,9.09,0.00,-0.19,0.00,-6.25,-5.25,-51.75
37647.70793914795,3.23,-1.56,9.08,0.06,-0.13,0.13,-5.88,-5.88,-52.06
37962.86582946777,3.23,-1.57,9.09,-0.06,-0.06,-0.13,-6.56,-6.25,-52.88
38282.01150894165,3.24,-1.55,9.09,0.00,0.06,-0.06,-6.25,-7.75,-51.38
38599.17092323303,3.22,-1.57,9.09,-0.06,-0.19,0.06,-6.25,-6.69,-51.38
38917.314529418945,3.23,-1.54,9.09,-0.13,0.00,-0.06,-7.00,-6.25,-52.88
39237.4587059021,3.22,-1.55,9.11,-0.06,-0.13,0.13,-7.00,-6.25,-51.75
39556.604862213135,3.23,-1.56,9.08,0.00,-0.13,0.00,-6.25,-7.38,-51.38
39875.751972198486,3.23,-1.56,9.12,0.06,-0.13,0.00,-5.88,-6.69,-52.06
40193.901777267456,3.23,-1.57,9.10,0.00,0.06,0.00,-6.25,-6.69,-51.38
40512.05134391785,3.24,-1.57,9.11,0.06,-0.06,-0.06,-6.56,-6.69,-52.06
40831.20036125183,3.21,-1.55,9.10,-0.13,-0.06,0.06,-5.88,-5.25,-51.75
41151.34501457214,3.23,-1.55,9.08,0.00,-0.25,-0.06,-7.00,-7.38,-52.56
41467.49830245972,3.25,-1.54,9.09,-0.06,0.00,0.13,-6.25,-5.88,-52.50
41784.64984893799,3.22,-1.55,9.09,0.06,0.00,-0.13,-6.56,-7.06,-52.56
42103.79672050476,3.23,-1.55,9.07,-0.06,0.13,0.06,-7.00,-6.25,-52.06
42420.94969749451,3.23,-1.54,9.09,0.00,-0.13,0.06,-6.56,-7.75,-51.75
42738.10172080994,3.24,-1.55,9.11,-0.06,-0.19,-0.06,-6.56,-6.25,-51.75
43057.24859237671,3.23,-1.53,9.06,0.06,-0.13,0.19,-6.56,-6.25,-52.56
43374.4010925293,3.24,-1.55,9.09,0.00,0.13,-0.06,-6.56,-7.06,-52.56
43691.55406951904,3.23,-1.57,9.12,0.00,0.06,-0.13,-6.56,-6.69,-51.38
44009.703397750854,3.24,-1.57,9.08,-0.13,0.19,0.06,-5.56,-6.25,-51.38
44326.855182647705,3.23,-1.55,9.08,0.06,-0.13,-0.13,-6.56,-5.56,-51.38
44645.004987716675,3.23,-1.55,9.08,0.00,0.19,0.13,-6.25,-7.06,-52.06
44962.15796470642,3.22,-1.56,9.11,0.06,-0.13,0.06,-7.00,-6.25,-52.06
45281.30531311035,3.23,-1.53,9.09,0.00,0.13,0.25,-6.25,-6.69,-52.88
45599.454402923584,3.24,-1.54,9.10,0.00,0.00,-0.19,-7.00,-7.38,-52.06
45917.3948764801,3.23,-1.57,9.12,-0.06,-0.13,-0.06,-7.00,-6.69,-52.06
46234.886169433594,3.24,-1.55,9.09,0.00,-0.44,0.06,-5.88,-7.06,-51.00
46555.028200149536,3.24,-1.55,9.10,0.00,-0.06,-0.06,-6.56,-7.38,-52.88
46874.176263809204,3.24,-1.54,9.09,0.06,0.00,-0.06,-6.25,-5.56,-51.38
47192.326068878174,3.23,-1.56,9.11,0.06,-0.25,-0.06,-6.25,-5.88,-52.88
47509.477376937866,3.22,-1.54,9.07,-0.06,0.06,0.06,-6.56,-5.88,-51.38
47828.62448692322,3.22,-1.55,9.09,0.06,-0.13,0.06,-5.88,-5.88,-52.06
48151.761293411255,3.24,-1.55,9.10,0.00,0.00,0.13,-7.00,-6.25,-52.56
48466.91799163818,3.23,-1.55,9.08,0.00,-0.06,0.00,-7.75,-6.69,-52.88
48784.07120704651,3.23,-1.55,9.10,-0.06,-0.25,0.00,-5.88,-5.88,-52.56
49101.22489929199,3.25,-1.55,9.10,0.13,0.00,0.06,-6.56,-6.69,-51.75
49421.36740684509,3.22,-1.54,9.10,-0.06,0.06,-0.06,-6.56,-5.88,-52.06
49737.52188682556,3.22,-1.53,9.10,0.00,0.00,0.06,-6.25,-7.06,-52.56
50055.16290664673,3.23,-1.55,9.11,0.00,0.00,0.00,-6.25,-6.69,-52.06
50373.8796710968,3.23,-1.56,9.05,0.00,-0.13,0.00,-6.56,-7.38,-52.06
50691.90073013306,3.22,-1.54,9.11,0.06,0.00,0.00,-5.19,-7.38,-52.06
51007.69090652466,3.24,-1.54,9.10,-0.06,-0.06,0.06,-7.00,-7.06,-53.25
51326.242446899414,3.21,-1.54,9.09,-0.06,0.06,-0.06,-5.88,-6.69,-52.56
51644.18983459473,3.23,-1.57,9.09,-0.06,-0.13,0.00,-6.56,-5.25,-52.56
51960.34574508667,3.23,-1.54,9.11,0.06,-0.13,0.00,-6.25,-6.69,-52.88
52279.491662979126,3.22,-1.53,9.09,0.00,-0.31,-0.06,-6.25,-5.56,-51.38
52596.89450263977,3.23,-1.55,9.11,0.13,0.00,0.13,-6.56,-7.38,-51.75
52914.32523727417,3.23,-1.55,9.11,0.00,0.00,0.06,-5.88,-7.06,-51.75
53231.881856918335,3.23,-1.54,9.11,0.00,0.00,0.06,-6.25,-6.25,-51.38
53549.190521240234,3.23,-1.55,9.10,-0.06,-0.06,0.06,-6.25,-6.69,-52.19
53866.62411689758,3.21,-1.55,9.11,0.13,-0.19,-0.06,-6.25,-7.06,-52.19
54184.91530418396,3.21,-1.54,9.05,0.00,-0.06,-0.06,-5.88,-5.88,-52.88
54503.233671188354,3.21,-1.55,9.12,-0.06,0.06,0.19,-6.56,-6.69,-51.38
54822.29518890381,3.22,-1.55,9.10,-0.06,-0.31,0.06,-6.56,-7.06,-52.19
55138.800621032715,3.23,-1.55,9.09,0.06,0.13,0.06,-5.88,-5.88,-52.88
55457.20672607422,3.22,-1.54,9.09,-0.06,0.25,0.00,-5.88,-5.25,-51.75
55777.06480026245,3.22,-1.56,9.11,0.00,-0.25,0.00,-6.25,-6.69,-51.75
56096.15755081177,3.23,-1.54,9.10,0.19,-0.06,0.00,-5.88,-5.56,-52.19
56413.6106967926,3.23,-1.55,9.10,-0.13,0.13,-0.13,-6.56,-6.25,-53.25
56731.409549713135,3.23,-1.53,9.07,0.06,-0.13,0.13,-5.88,-7.06,-52.88
57050.912618637085,3.22,-1.56,9.11,-0.13,-0.13,0.13,-7.00,-6.69,-51.38
57372.522830963135,3.22,-1.55,9.11,-0.13,-0.06,0.06,-6.25,-7.06,-52.88
57690.672159194946,3.22,-1.56,9.09,0.06,-0.06,0.00,-6.25,-6.25,-52.19
58006.826639175415,3.24,-1.54,9.09,0.00,-0.13,0.00,-5.88,-7.06,-51.75
58323.979139328,3.22,-1.56,9.11,0.06,0.00,0.00,-5.88,-6.69,-52.19
58644.123792648315,3.21,-1.54,9.10,-0.06,0.00,-0.06,-6.56,-6.69,-52.56
58960.278272628784,3.23,-1.54,9.10,-0.06,0.38,0.00,-6.25,-7.06,-52.19
59277.677059173584,3.22,-1.54,9.12,0.00,0.06,-0.13,-6.25,-5.88,-52.56
59596.90022468567,3.23,-1.55,9.09,0.00,0.13,0.13,-6.25,-6.69,-52.19
59913.140058517456,3.22,-1.53,9.09,-0.13,0.00,-0.06,-6.25,-5.56,-52.19
60230.61418533325,3.22,-1.56,9.08,0.06,0.13,0.06,-5.88,-6.25,-52.19
60549.09133911133,3.23,-1.54,9.11,0.00,0.06,-0.13,-6.25,-5.88,-52.19
60865.69094657898,3.23,-1.56,9.09,0.00,-0.06,0.00,-7.38,-6.69,-51.75
61183.374881744385,3.21,-1.55,9.11,0.13,0.00,-0.13,-5.56,-7.06,-53.25
61501.96695327759,3.22,-1.58,9.08,0.13,-0.19,-0.13,-5.88,-6.69,-51.75
61818.83215904236,3.23,-1.55,9.11,0.06,0.06,0.13,-7.00,-6.25,-51.75
62135.629415512085,3.22,-1.55,9.10,0.06,0.00,0.00,-5.88,-6.69,-51.38
62454.65350151062,3.23,-1.55,9.10,-0.06,-0.06,-0.06,-7.00,-6.69,-51.38
62771.806478500366,3.22,-1.55,9.10,-0.06,0.00,0.13,-5.88,-7.06,-51.38
63088.95754814148,3.22,-1.52,9.08,0.06,0.19,-0.06,-6.56,-7.75,-52.19
63406.90040588379,3.23,-1.53,9.06,0.00,0.13,0.06,-5.56,-6.25,-51.75
63723.05607795715,3.21,-1.55,9.11,-0.06,-0.13,0.00,-6.56,-7.38,-52.88
64040.2934551239,3.23,-1.56,9.10,0.13,0.19,0.06,-7.38,-7.06,-52.19
64358.972787857056,3.23,-1.54,9.07,0.00,-0.06,0.06,-6.56,-6.69,-53.25
64675.69971084595,3.21,-1.55,9.08,0.00,-0.19,0.06,-7.38,-6.69,-52.19
64993.170499801636,3.21,-1.53,9.11,-0.19,-0.06,0.13,-6.25,-5.88,-53.25
65312.27970123291,3.22,-1.55,9.08,0.13,0.19,0.13,-5.56,-7.06,-52.19
65628.64661216736,3.22,-1.55,9.09,0.06,-0.06,-0.06,-7.00,-7.06,-51.75
65945.39546966553,3.21,-1.53,9.11,0.00,0.06,0.13,-6.25,-6.69,-52.56
66264.88494873047,3.23,-1.58,9.08,-0.06,0.31,0.06,-6.25,-7.38,-51.38
66580.82151412964,3.23,-1.56,9.10,-0.13,0.00,0.00,-5.88,-5.88,-52.19
66897.59826660156,3.21,-1.56,9.10,0.00,-0.06,0.06,-6.25,-6.25,-51.75
67216.59398078918,3.23,-1.54,9.07,-0.06,0.13,0.06,-5.88,-5.56,-52.19
67533.52665901184,3.23,-1.56,9.11,0.06,0.13,-0.06,-6.56,-7.06,-52.88
67856.66561126709,3.23,-1.54,9.09,0.06,0.00,0.00,-6.25,-7.06,-51.38
68168.83039474487,3.21,-1.54,9.09,-0.06,0.06,0.00,-5.88,-6.25,-52.56
68490.96941947937,3.21,-1.57,9.13,0.00,-0.06,0.06,-5.88,-6.25,-52.19
68802.94370651245,3.21,-1.54,9.10,0.00,0.06,-0.13,-5.88,-6.69,-51.00
69122.08843231201,3.22,-1.55,9.10,-0.06,-0.06,-0.06,-6.25,-7.06,-52.56
69438.24243545532,3.21,-1.55,9.10,0.00,0.06,0.13,-7.00,-5.88,-51.75
69755.79977035522,3.22,-1.55,9.12,0.00,-0.13,0.06,-6.25,-4.88,-52.56
70074.65410232544,3.21,-1.54,9.07,0.00,0.13,-0.06,-6.25,-7.06,-51.38
70391.06678962708,3.23,-1.55,9.11,0.13,-0.13,-0.13,-6.56,-6.25,-51.75
70708.05978775024,3.22,-1.56,9.10,-0.06,-0.19,-0.06,-6.25,-7.06,-51.38
71026.09729766846,3.21,-1.56,9.10,0.06,0.13,0.06,-6.56,-6.69,-52.56
71343.36280822754,3.23,-1.55,9.12,0.06,-0.06,0.06,-6.25,-5.88,-52.19
71659.82508659363,3.22,-1.56,9.10,-0.13,0.00,0.06,-6.25,-6.25,-52.19
71978.65390777588,3.22,-1.53,9.11,-0.06,-0.19,0.06,-6.56,-6.69,-52.88
72295.1021194458,3.22,-1.55,9.11,0.06,0.00,0.06,-6.56,-6.25,-52.19
72612.20359802246,3.22,-1.54,9.10,-0.06,-0.06,0.00,-6.25,-5.56,-52.56
72930.52768707275,3.22,-1.55,9.09,0.06,0.13,0.00,-6.25,-7.06,-51.38
73247.12944030762,3.20,-1.55,9.11,-0.13,0.13,0.00,-6.56,-7.38,-52.19
73564.61763381958,3.21,-1.54,9.11,-0.13,0.06,0.13,-7.00,-5.56,-52.19
73883.3954334259,3.21,-1.55,9.11,-0.06,0.00,0.00,-6.25,-5.25,-51.38
74199.67937469482,3.21,-1.54,9.11,-0.13,0.19,0.06,-6.25,-6.25,-51.75
74516.46089553833,3.22,-1.54,9.09,0.06,0.06,0.06,-6.25,-7.38,-52.19
74834.95688438416,3.21,-1.56,9.05,0.06,0.00,0.06,-6.56,-5.88,-51.00
75151.93557739258,3.22,-1.56,9.09,-0.13,-0.06,0.06,-5.56,-6.25,-51.75
75469.00653839111,3.22,-1.55,9.11,-0.06,0.00,0.13,-7.00,-7.06,-51.75
75788.32197189331,3.22,-1.53,9.08,0.06,-0.13,-0.06,-6.56,-6.25,-52.19
76104.78234291077,3.22,-1.55,9.10,0.00,-0.06,-0.19,-6.25,-5.88,-52.88
76421.76985740662,3.20,-1.55,9.11,-0.06,0.13,0.00,-5.88,-5.88,-52.56
76740.70835113525,3.23,-1.53,9.09,-0.06,-0.06,-0.13,-6.25,-7.38,-52.88
77057.83653259277,3.21,-1.55,9.12,-0.06,0.06,0.00,-6.56,-6.25,-51.75
77374.74989891052,3.20,-1.54,9.11,0.06,0.06,0.06,-5.88,-6.69,-52.19
77692.89898872375,3.23,-1.55,9.09,0.06,0.00,0.00,-6.56,-7.38,-51.75
78009.50503349304,3.22,-1.57,9.11,-0.06,-0.13,0.00,-5.88,-6.25,-52.19
78326.56621932983,3.20,-1.56,9.11,0.00,0.00,0.06,-6.56,-5.88,-51.75
78644.83213424683,3.22,-1.54,9.08,-0.13,0.06,0.06,-5.56,-6.69,-52.19
78961.98344230652,3.20,-1.55,9.08,-0.06,-0.13,0.00,-5.56,-7.06,-52.56
79278.68461608887,3.21,-1.55,9.10,0.13,0.13,0.06,-5.19,-7.06,-51.38
79597.50962257385,3.22,-1.55,9.10,0.13,-0.13,0.00,-5.56,-6.69,-52.56
79914.29710388184,3.21,-1.53,9.13,-0.06,0.00,0.00,-6.25,-5.56,-51.75
80231.15563392639,3.21,-1.54,9.09,0.00,-0.06,0.00,-5.88,-5.56,-53.00
80550.39119720459,3.24,-1.50,9.10,0.13,0.50,0.00,-7.00,-5.88,-52.56
80866.33729934692,3.19,-1.53,9.10,0.06,-0.25,0.00,-5.88,-7.06,-51.38
81183.78829956055,3.21,-1.54,9.11,-0.06,-0.13,-0.06,-5.88,-7.06,-53.00
81502.43759155273,3.21,-1.57,9.10,0.13,-0.06,0.13,-6.56,-6.69,-51.38
81818.59636306763,3.23,-1.54,9.08,0.00,0.06,0.00,-6.56,-5.56,-52.56
82136.0228061676,3.19,-1.55,9.10,-0.06,-0.13,-0.06,-6.25,-5.56,-52.56
82455.4054737091,3.19,-1.54,9.10,0.06,-0.19,0.13,-6.25,-6.69,-52.19
82772.17864990234,3.20,-1.55,9.09,0.06,0.00,-0.06,-6.56,-7.06,-52.19
83088.50455284119,3.19,-1.55,9.10,-0.06,0.00,0.06,-6.56,-6.69,-51.75
83408.15949440002,3.21,-1.54,9.08,-0.06,-0.25,0.06,-6.25,-5.25,-52.56
83724.49040412903,3.19,-1.53,9.10,-0.06,-0.06,0.00,-6.25,-6.25,-52.56
84040.67611694336,3.21,-1.54,9.11,-0.19,0.13,0.06,-6.56,-6.25,-53.38
84359.43078994751,3.23,-1.54,9.07,0.00,0.00,0.06,-5.56,-6.25,-53.38
84676.65338516235,3.20,-1.54,9.10,0.00,-0.06,0.00,-5.88,-5.25,-52.19
84993.64185333252,3.19,-1.54,9.11,0.00,-0.06,-0.13,-5.19,-7.06,-51.38
85312.31093406677,3.21,-1.55,9.10,0.06,-0.06,0.00,-6.25,-5.56,-51.75
85629.24218177795,3.21,-1.54,9.11,-0.13,0.06,0.13,-6.25,-5.56,-52.19
85945.86634635925,3.20,-1.55,9.09,0.00,0.13,0.00,-7.00,-5.25,-52.19
86265.00058174133,3.19,-1.53,9.10,0.00,0.06,0.19,-6.56,-6.25,-51.75
86581.46810531616,3.20,-1.54,9.11,0.00,-0.06,-0.06,-6.25,-5.88,-51.38
86898.55003356934,3.21,-1.57,9.10,0.00,-0.06,0.06,-6.56,-5.88,-53.00
87218.07765960693,3.19,-1.55,9.08,0.13,-0.19,0.00,-5.88,-6.69,-51.75
87534.66534614563,3.20,-1.56,9.13,-0.06,0.13,0.00,-6.25,-6.69,-51.75
87850.82006454468,3.23,-1.53,9.11,0.06,0.00,0.13,-6.25,-7.06,-52.19
88172.96147346497,3.20,-1.54,9.07,0.00,0.06,0.00,-6.25,-6.25,-52.19
88489.11476135254,3.20,-1.53,9.11,-0.06,-0.13,0.00,-5.88,-5.25,-53.00
88803.27439308167,3.22,-1.55,9.11,0.00,-0.13,0.00,-6.56,-5.88,-52.19
89122.4217414856,3.21,-1.56,9.08,0.00,0.00,0.00,-6.25,-5.88,-52.19
89438.66348266602,3.20,-1.55,9.11,0.00,0.06,-0.06,-5.88,-5.88,-51.75
89755.6324005127,3.20,-1.56,9.11,0.00,0.06,-0.06,-6.25,-7.38,-51.75
90074.16033744812,3.17,-1.54,9.08,0.00,0.06,0.00,-6.56,-6.69,-52.56
90391.7875289917,3.20,-1.53,9.12,0.06,0.06,-0.19,-7.00,-5.56,-51.75
90708.27293395996,3.22,-1.53,9.13,0.00,-0.06,0.00,-6.25,-6.25,-52.19
91027.48417854309,3.21,-1.53,9.12,-0.13,-0.06,0.06,-5.88,-5.25,-52.19
91344.42281723022,3.19,-1.55,9.11,0.00,-0.06,-0.06,-6.25,-5.88,-52.19
91662.1401309967,3.19,-1.55,9.09,-0.06,-0.06,-0.19,-5.88,-6.25,-51.75
91980.28922080994,3.23,-1.54,9.09,0.19,-0.06,0.00,-6.25,-7.06,-50.56
92297.44172096252,3.20,-1.57,9.11,0.00,-0.06,0.06,-7.00,-6.25,-53.00
92613.59524726868,3.21,-1.53,9.10,0.06,0.00,0.00,-5.56,-6.25,-53.00
92932.42359161377,3.21,-1.56,9.09,0.00,0.06,-0.06,-6.25,-6.69,-53.00
93249.35817718506,3.20,-1.54,9.11,-0.06,-0.06,0.00,-7.00,-5.25,-52.19
93566.57433509827,3.20,-1.53,9.11,-0.06,0.00,0.13,-5.56,-7.06,-51.75
93884.42420959473,3.21,-1.53,9.10,0.00,0.00,0.00,-6.25,-6.69,-51.75
94201.42602920532,3.20,-1.52,9.11,-0.06,0.00,-0.13,-6.25,-5.25,-53.38
94518.88537406921,3.19,-1.55,9.12,0.06,-0.13,-0.06,-6.56,-7.06,-51.75
94836.94767951965,3.20,-1.55,9.09,0.06,-0.13,-0.06,-7.00,-5.56,-52.19
95154.71267700195,3.20,-1.56,9.11,-0.06,0.13,0.13,-6.56,-5.88,-52.19
95471.05169296265,3.20,-1.54,9.09,0.19,-0.06,0.00,-6.25,-7.38,-53.38
95789.68501091003,3.19,-1.55,9.08,0.06,0.00,0.00,-5.88,-6.69,-51.75
96106.27174377441,3.19,-1.53,9.11,0.06,0.00,0.06,-6.56,-6.25,-51.75
96422.94931411743,3.20,-1.52,9.10,-0.06,0.06,0.00,-5.56,-5.88,-51.75
96741.92881584167,3.19,-1.54,9.08,-0.06,0.00,-0.13,-5.88,-6.69,-51.38
97062.57343292236,3.21,-1.54,9.11,0.00,-0.19,-0.06,-6.25,-6.25,-52.56
97375.94723701477,3.18,-1.56,9.11,0.00,0.00,0.00,-6.25,-5.25,-53.38
97695.0945854187,3.18,-1.53,9.09,0.00,-0.25,-0.06,-6.56,-5.25,-51.38
98011.0411643982,3.19,-1.54,9.12,0.00,0.00,0.06,-7.00,-6.69,-51.75
98327.52990722656,3.20,-1.55,9.09,0.00,0.13,0.06,-6.25,-5.88,-52.19
98646.4467048645,3.21,-1.54,9.11,0.00,0.00,0.06,-5.56,-7.38,-51.06
98962.80479431152,3.20,-1.55,9.10,0.06,0.06,0.13,-5.88,-5.56,-53.00
99280.10606765747,3.19,-1.54,9.11,-0.06,-0.13,0.00,-6.25,-7.06,-51.38
99598.75679016113,3.21,-1.55,9.11,-0.13,0.06,0.00,-6.56,-5.25,-53.00
99915.64846038818,3.19,-1.53,9.10,0.00,0.06,0.00,-6.25,-6.69,-51.06
100232.47385025024,3.19,-1.55,9.10,-0.06,-0.13,-0.13,-5.56,-5.88,-52.56
100551.32555961609,3.18,-1.53,9.09,-0.06,0.06,0.13,-7.00,-6.69,-52.56
100868.4332370758,3.17,-1.53,9.09,0.13,-0.06,-0.13,-6.56,-7.06,-53.00
101184.90815162659,3.20,-1.54,9.10,-0.06,0.13,0.00,-6.25,-7.06,-52.19
101503.70597839355,3.20,-1.54,9.11,0.19,-0.06,0.00,-6.25,-5.56,-52.25
101821.34795188904,3.19,-1.55,9.11,0.13,0.19,-0.06,-6.56,-5.88,-52.19
102137.29047775269,3.18,-1.53,9.11,0.06,0.19,0.06,-5.88,-6.25,-53.00
102456.19034767151,3.20,-1.52,9.11,-0.13,-0.25,0.13,-6.56,-5.56,-51.75
102772.85838127136,3.19,-1.53,9.13,0.06,0.13,0.06,-6.56,-6.25,-52.56
103090.09051322937,3.18,-1.54,9.11,-0.06,-0.19,0.00,-5.88,-5.88,-53.00
103408.40578079224,3.19,-1.54,9.09,-0.06,0.06,0.00,-6.25,-5.88,-52.56
103725.2345085144,3.20,-1.52,9.09,0.00,0.00,0.19,-5.88,-6.69,-53.38
104042.18673706055,3.19,-1.56,9.11,-0.06,-0.13,0.06,-6.25,-5.56,-51.38
104360.6903553009,3.19,-1.55,9.10,0.00,-0.06,0.00,-5.88,-5.88,-51.06
104677.79207229614,3.20,-1.55,9.12,0.06,-0.06,0.06,-6.25,-5.56,-52.19
104993.8907623291,3.22,-1.56,9.11,0.06,-0.06,0.00,-7.00,-5.56,-53.00
105313.05837631226,3.20,-1.53,9.09,-0.06,0.06,0.00,-6.56,-5.88,-51.06
105630.51319122314,3.19,-1.53,9.11,-0.06,-0.13,-0.19,-6.25,-6.25,-52.25
105947.13830947876,3.19,-1.53,9.11,-0.06,0.00,0.13,-6.25,-7.06,-51.38
106265.09642601013,3.19,-1.55,9.10,0.00,0.06,0.00,-6.25,-5.88,-51.75
106582.09896087646,3.19,-1.54,9.09,-0.06,0.06,-0.19,-6.56,-5.56,-53.00
106898.78845214844,3.19,-1.53,9.09,0.06,0.06,0.06,-6.25,-7.06,-51.75
107217.83900260925,3.18,-1.55,9.09,-0.06,0.06,0.06,-6.56,-6.69,-52.25
107534.63411331177,3.20,-1.53,9.11,0.00,0.00,0.06,-7.00,-5.56,-52.56
107851.78637504578,3.18,-1.53,9.13,-0.06,-0.13,0.00,-5.88,-6.25,-51.75
108170.58277130127,3.19,-1.54,9.11,-0.13,-0.13,-0.13,-6.25,-7.06,-52.25
108487.34140396118,3.20,-1.54,9.14,-0.06,-0.06,0.00,-7.00,-6.25,-52.25
108803.98440361023,3.20,-1.54,9.10,0.06,0.00,-0.06,-6.56,-5.88,-52.56
109122.1022605896,3.19,-1.55,9.11,0.00,0.00,-0.06,-6.25,-7.38,-52.25
109440.27829170227,3.20,-1.56,9.12,0.13,-0.06,0.06,-7.00,-5.25,-51.75
109756.49523735046,3.20,-1.55,9.14,-0.06,0.13,0.00,-6.56,-6.69,-52.25
110075.22344589233,3.19,-1.54,9.10,-0.06,-0.06,-0.06,-6.25,-7.38,-52.56
110392.48538017273,3.17,-1.54,9.08,0.00,-0.06,-0.06,-6.56,-6.69,-52.56
110723.72055053711,3.19,-1.55,9.10,0.00,0.13,0.00,-6.25,-6.69,-53.00
111027.38618850708,3.19,-1.55,9.09,-0.06,0.06,-0.19,-5.88,-5.56,-51.06
111345.34335136414,3.18,-1.55,9.12,-0.13,-0.13,0.06,-6.56,-6.25,-52.56
111662.78958320618,3.17,-1.54,9.10,0.00,0.13,0.06,-5.88,-5.88,-51.06
111980.32689094543,3.16,-1.56,9.10,-0.06,0.00,0.06,-6.25,-6.25,-52.25
112298.82478713989,3.18,-1.53,9.11,0.06,-0.06,-0.13,-6.25,-5.25,-51.75
112616.57929420471,3.19,-1.56,9.13,-0.06,0.00,0.00,-6.25,-6.25,-51.06
112933.73155593872,3.19,-1.54,9.12,-0.06,-0.06,0.00,-5.56,-5.88,-51.75
113251.81937217712,3.19,-1.56,9.13,0.00,0.13,0.00,-6.56,-7.06,-51.38
113571.25115394592,3.18,-1.53,9.10,-0.06,0.06,0.06,-5.88,-6.69,-51.06
113889.98460769653,3.20,-1.53,9.12,-0.06,0.06,0.00,-6.56,-6.69,-52.25
114206.66003227234,3.19,-1.52,9.09,-0.06,0.00,0.06,-7.00,-5.56,-53.38
114525.57110786438,3.16,-1.54,9.12,0.00,-0.13,0.00,-7.00,-5.25,-53.38
114845.80969810486,3.18,-1.54,9.09,-0.06,-0.06,0.06,-6.25,-6.25,-52.56
115165.14563560486,3.18,-1.52,9.12,0.06,-0.06,0.06,-6.56,-5.56,-51.38
115481.93979263306,3.17,-1.53,9.11,-0.06,-0.13,0.06,-6.25,-7.06,-52.56
115799.99804496765,3.19,-1.55,9.11,0.13,-0.06,0.13,-7.00,-6.25,-51.88
116119.4953918457,3.18,-1.53,9.11,-0.06,0.25,-0.06,-5.19,-5.88,-52.56
116439.10121917725,3.20,-1.54,9.11,0.06,0.06,0.13,-5.88,-6.69,-52.25
116755.97620010376,3.20,-1.54,9.11,-0.06,0.13,0.00,-5.56,-6.25,-52.56
117074.22018051147,3.17,-1.53,9.11,-0.13,-0.06,-0.06,-5.88,-5.56,-52.25
117393.27311515808,3.18,-1.53,9.12,0.06,0.06,0.00,-6.25,-7.06,-52.56
117709.42831039429,3.18,-1.53,9.12,-0.13,0.00,0.00,-7.00,-6.25,-52.25
118026.47805213928,3.18,-1.54,9.11,-0.06,0.00,0.06,-7.00,-6.25,-51.75
118351.60899162292,3.17,-1.52,9.09,0.00,-0.19,0.13,-5.88,-7.38,-52.56
118661.78035736084,3.18,-1.53,9.15,0.00,-0.06,0.19,-6.56,-7.38,-53.00
118978.93357276917,3.17,-1.53,9.11,0.06,-0.13,-0.06,-5.88,-6.69,-53.00
119298.0785369873,3.19,-1.53,9.09,-0.06,0.13,0.13,-6.56,-5.88,-52.25
119615.23199081421,3.19,-1.53,9.12,0.00,0.00,-0.13,-6.25,-5.88,-51.06
119931.60271644592,3.19,-1.53,9.12,-0.06,0.19,0.00,-6.25,-6.69,-52.25
120251.06382369995,3.19,-1.55,9.10,-0.06,-0.06,0.06,-6.25,-5.56,-52.25
120568.21465492249,3.18,-1.54,9.11,-0.13,-0.06,0.06,-5.88,-7.06,-52.25
120884.82856750488,3.17,-1.53,9.12,0.06,-0.19,-0.13,-6.56,-6.69,-52.56
121204.07199859619,3.19,-1.55,9.11,-0.06,0.06,-0.06,-6.56,-7.06,-51.75
121520.09797096252,3.19,-1.54,9.10,-0.06,0.06,0.06,-6.56,-6.25,-51.75
121837.64910697937,3.17,-1.54,9.11,-0.25,0.00,-0.06,-6.56,-5.88,-51.88
122154.97136116028,3.18,-1.52,9.11,0.13,-0.06,0.00,-6.56,-6.69,-51.75
122472.8045463562,3.18,-1.54,9.11,0.06,0.00,0.06,-6.25,-6.69,-51.88
122789.91866111755,3.20,-1.53,9.12,0.06,-0.06,0.00,-6.25,-6.25,-52.25
123109.00926589966,3.19,-1.53,9.12,-0.06,-0.13,-0.06,-6.56,-6.69,-50.25
123426.07116699219,3.19,-1.54,9.11,-0.06,-0.06,-0.19,-7.00,-5.88,-51.38
123742.77186393738,3.19,-1.54,9.12,0.00,0.13,-0.06,-5.88,-6.25,-52.25
124060.78124046326,3.18,-1.55,9.13,0.00,0.00,-0.06,-6.25,-7.06,-53.00
124378.71241569519,3.18,-1.53,9.11,0.06,0.00,0.13,-6.25,-7.06,-51.88
124696.20418548584,3.18,-1.52,9.13,-0.06,-0.13,0.00,-6.25,-7.06,-51.88
125013.86404037476,3.17,-1.56,9.10,0.00,0.00,-0.13,-5.88,-6.25,-51.88
125331.50029182434,3.18,-1.53,9.13,0.00,0.00,0.00,-6.25,-7.06,-51.88
125648.75793457031,3.16,-1.54,9.11,0.00,0.25,0.06,-6.25,-6.25,-53.38
125966.34364128113,3.18,-1.53,9.11,-0.06,0.13,0.13,-7.00,-6.25,-52.56
126284.41858291626,3.18,-1.52,9.11,0.00,-0.06,0.00,-6.56,-5.88,-51.88
126602.72598266602,3.16,-1.53,9.12,-0.06,0.06,0.06,-6.25,-5.88,-51.88
126919.7587966919,3.18,-1.53,9.11,0.00,-0.06,0.00,-5.88,-6.25,-53.00
127237.7347946167,3.18,-1.53,9.09,0.00,0.00,-0.13,-6.25,-7.06,-52.56
127557.93595314026,3.19,-1.53,9.10,0.00,-0.19,-0.06,-5.56,-7.06,-51.88
127878.08012962341,3.17,-1.53,9.09,0.00,-0.06,0.13,-7.38,-7.06,-51.88
128200.21939277649,3.18,-1.53,9.10,0.06,0.00,0.00,-5.19,-6.69,-52.25
128513.38171958923,3.17,-1.54,9.13,0.00,0.13,0.00,-6.56,-5.88,-51.88
128841.50505065918,3.17,-1.53,9.10,0.06,-0.25,0.00,-6.25,-5.56,-50.69
129152.67372131348,3.17,-1.53,9.11,0.00,-0.19,-0.06,-5.88,-5.88,-54.19
129466.83311462402,3.16,-1.53,9.11,-0.06,0.06,-0.13,-6.25,-6.69,-51.88
129785.52031517029,3.17,-1.53,9.11,-0.06,-0.06,0.00,-7.00,-6.25,-51.38
130104.56156730652,3.16,-1.53,9.14,0.06,0.00,0.00,-6.56,-5.56,-52.25
130423.83623123169,3.17,-1.52,9.11,0.06,0.13,0.00,-6.56,-6.69,-51.88
130740.6632900238,3.19,-1.53,9.12,0.06,-0.06,0.00,-5.56,-6.69,-51.06
131058.61473083496,3.17,-1.53,9.12,0.00,0.13,-0.06,-5.88,-6.25,-51.88
131377.51245498657,3.17,-1.53,9.11,0.00,0.00,0.06,-6.25,-7.06,-51.06
131694.12779808044,3.17,-1.52,9.12,0.00,0.06,0.00,-6.25,-5.88,-51.06
132012.27807998657,3.18,-1.53,9.10,-0.13,-0.13,0.00,-5.88,-7.06,-52.25
132331.34388923645,3.17,-1.53,9.10,-0.06,-0.06,0.06,-6.25,-5.25,-51.88
132648.446559906,3.17,-1.53,9.13,0.06,-0.13,0.06,-6.56,-5.88,-50.25
132965.69728851318,3.17,-1.54,9.15,0.00,-0.13,-0.06,-6.25,-5.25,-52.25
133283.7152481079,3.18,-1.54,9.12,0.06,0.00,0.06,-6.25,-5.88,-52.56
133600.4500389099,3.18,-1.53,9.12,-0.13,-0.06,0.00,-6.56,-6.69,-53.00
133925.66013336182,3.16,-1.53,9.09,0.00,0.00,-0.06,-5.88,-6.25,-51.88
134235.83126068115,3.17,-1.55,9.10,0.00,0.00,0.06,-6.25,-6.69,-52.56
134552.98399925232,3.16,-1.53,9.12,0.06,-0.06,0.06,-6.25,-6.69,-52.25
134879.1115283966,3.16,-1.53,9.11,0.00,0.19,0.06,-6.25,-5.88,-51.88
135188.6248588562,3.18,-1.53,9.11,0.00,-0.13,0.00,-6.56,-6.25,-52.25
135505.45477867126,3.19,-1.53,9.11,0.06,0.13,0.00,-5.88,-5.56,-52.56
135822.29495048523,3.17,-1.55,9.11,0.00,0.00,-0.13,-5.56,-7.06,-51.88
136141.01910591125,3.15,-1.53,9.11,0.00,-0.06,0.00,-6.25,-7.38,-52.25
136457.79585838318,3.17,-1.55,9.14,-0.06,0.00,-0.06,-5.88,-7.06,-52.56
136775.0961780548,3.18,-1.52,9.11,-0.06,-0.06,-0.06,-5.88,-6.25,-52.56
137093.7201976776,3.17,-1.55,9.10,-0.13,0.00,0.00,-5.56,-7.06,-52.25
137410.71724891663,3.18,-1.52,9.12,-0.06,0.13,0.00,-5.56,-6.69,-52.25
137727.8699874878,3.15,-1.53,9.11,0.06,0.19,0.06,-6.25,-5.25,-53.00
138049.01385307312,3.16,-1.53,9.11,0.06,0.00,0.00,-6.56,-5.88,-53.00
138363.1727695465,3.15,-1.53,9.14,-0.06,-0.06,-0.06,-6.56,-5.88,-51.50
138680.32479286194,3.18,-1.54,9.10,-0.06,-0.06,0.00,-6.56,-6.69,-51.88
139005.455493927,3.17,-1.51,9.09,0.13,0.00,-0.06,-6.25,-7.06,-52.25
139315.62662124634,3.15,-1.52,9.13,-0.06,-0.13,0.25,-5.19,-7.38,-52.25
139632.77888298035,3.15,-1.52,9.13,-0.06,-0.06,0.00,-6.25,-5.88,-52.25
139950.95109939575,3.17,-1.53,9.11,0.00,0.00,0.00,-5.88,-7.75,-51.50
140266.9484615326,3.16,-1.52,9.13,0.00,-0.13,0.00,-6.56,-5.88,-52.25
140584.56110954285,3.16,-1.53,9.12,0.06,0.06,-0.13,-6.56,-6.69,-53.00
140903.1536579132,3.16,-1.54,9.10,0.06,0.00,-0.06,-5.88,-6.25,-52.56
141219.322681427,3.15,-1.53,9.11,0.13,0.06,0.13,-5.56,-5.56,-51.88
141538.5513305664,3.15,-1.53,9.11,0.06,0.19,0.00,-5.88,-6.25,-51.88
141855.72004318237,3.16,-1.54,9.12,0.19,-0.06,0.00,-5.88,-7.06,-51.88
142172.0507144928,3.16,-1.52,9.13,-0.06,-0.06,0.00,-6.25,-7.38,-51.50
142489.05539512634,3.16,-1.52,9.12,0.00,0.00,-0.06,-7.38,-6.69,-51.06
142808.31146240234,3.14,-1.53,9.11,-0.06,0.00,-0.19,-6.25,-5.25,-53.06
143124.4339942932,3.17,-1.51,9.11,0.13,0.06,0.00,-5.88,-5.88,-52.56
143441.40696525574,3.16,-1.53,9.16,0.00,-0.06,-0.06,-6.25,-6.69,-52.56
143760.3509426117,3.17,-1.53,9.11,0.06,0.13,0.13,-6.25,-7.06,-51.50
144077.1245956421,3.17,-1.52,9.11,-0.06,0.00,-0.06,-6.56,-5.88,-52.25
144393.61238479614,3.16,-1.51,9.11,0.00,0.06,0.00,-5.88,-7.06,-52.56
144713.22894096375,3.15,-1.53,9.13,-0.06,-0.06,-0.13,-6.56,-5.25,-53.06
145030.64393997192,3.14,-1.52,9.11,0.13,-0.13,-0.13,-5.88,-5.88,-52.56
145346.7996120453,3.15,-1.52,9.11,0.00,0.06,0.06,-6.56,-5.25,-50.69
145665.27724266052,3.18,-1.53,9.09,0.00,0.00,0.06,-5.88,-6.25,-52.25
145981.703042984,3.16,-1.53,9.12,0.06,0.00,0.00,-5.88,-6.25,-52.56
146298.4709739685,3.15,-1.51,9.13,0.00,-0.06,0.13,-5.88,-6.69,-51.88
146617.47908592224,3.18,-1.54,9.13,0.13,0.25,0.00,-6.25,-7.38,-52.25
146933.90369415283,3.16,-1.52,9.13,0.00,0.00,0.00,-6.56,-5.88,-51.88
147251.2047290802,3.18,-1.52,9.14,-0.06,0.13,0.00,-5.88,-5.88,-51.50
147570.48988342285,3.16,-1.52,9.12,0.00,-0.06,0.00,-6.25,-6.69,-51.88
147886.65056228638,3.16,-1.52,9.13,-0.13,-0.13,0.06,-6.25,-5.88,-50.25
148204.33902740479,3.16,-1.53,9.13,0.06,-0.06,0.06,-5.56,-6.25,-52.25
148522.5477218628,3.16,-1.54,9.09,0.06,0.06,0.00,-6.56,-5.88,-52.69
148839.10012245178,3.16,-1.53,9.11,0.13,-0.06,0.06,-6.56,-5.88,-52.69
149156.05306625366,3.16,-1.53,9.11,-0.06,0.00,0.13,-5.88,-6.69,-52.56
149474.75361824036,3.15,-1.53,9.11,0.06,0.13,0.06,-6.25,-6.25,-51.06
149791.20659828186,3.15,-1.53,9.12,0.00,0.00,0.06,-6.25,-6.25,-51.88
150108.48355293274,3.16,-1.54,9.12,0.06,-0.06,0.00,-6.25,-7.38,-52.25
150427.14643478394,3.16,-1.52,9.11,0.00,0.13,0.00,-5.88,-6.69,-53.38
150743.58296394348,3.16,-1.53,9.13,0.00,0.06,0.00,-6.25,-6.25,-52.69
151061.20991706848,3.15,-1.52,9.16,0.06,-0.06,0.00,-5.88,-6.25,-52.69
151380.03516197205,3.17,-1.53,9.12,-0.13,-0.19,0.06,-5.88,-6.69,-52.25
151696.29383087158,3.17,-1.50,9.13,-0.06,0.13,0.13,-6.56,-5.56,-51.88
152014.4441127777,3.15,-1.53,9.12,0.00,0.13,0.25,-6.56,-6.69,-53.06
152332.5924873352,3.16,-1.53,9.11,0.06,-0.13,0.00,-6.56,-5.88,-52.25
152648.7488746643,3.14,-1.51,9.12,-0.06,0.00,0.06,-6.56,-5.56,-53.06
152966.4168357849,3.16,-1.51,9.13,-0.06,-0.13,0.00,-7.38,-5.88,-51.50
153284.55996513367,3.18,-1.53,9.11,-0.13,-0.13,0.00,-6.25,-5.25,-52.25
153601.06086730957,3.16,-1.54,9.11,0.00,0.13,0.06,-5.56,-6.25,-52.25
153918.32160949707,3.17,-1.54,9.14,-0.06,0.00,-0.13,-6.25,-6.69,-51.50
154236.9909286499,3.15,-1.52,9.12,0.00,0.13,0.00,-6.56,-6.25,-53.06
154553.93242835999,3.15,-1.53,9.12,0.06,0.00,0.06,-5.88,-6.69,-52.69
154870.18823623657,3.15,-1.52,9.14,0.06,-0.13,0.00,-6.25,-7.75,-51.50
155189.18871879578,3.16,-1.53,9.11,0.06,0.06,-0.13,-6.25,-6.25,-51.50
155505.84530830383,3.16,-1.52,9.13,0.00,0.13,0.06,-6.25,-6.69,-52.56
155822.56889343262,3.16,-1.53,9.14,0.00,0.06,0.19,-6.25,-6.69,-51.06
156141.619682312,3.15,-1.51,9.12,0.00,-0.06,0.00,-5.88,-6.69,-52.25
156458.33730697632,3.14,-1.53,9.11,-0.06,0.00,-0.06,-6.25,-7.06,-53.06
156775.88295936584,3.18,-1.51,9.14,-0.13,0.00,-0.06,-6.56,-7.75,-52.69
157093.93978118896,3.14,-1.53,9.12,0.06,0.00,0.06,-5.88,-7.75,-52.25
157410.53080558777,3.15,-1.52,9.12,0.19,0.00,0.13,-5.56,-7.06,-52.56
157728.68156433105,3.14,-1.52,9.15,-0.06,0.13,-0.13,-5.88,-7.06,-52.25
158046.27752304077,3.15,-1.55,9.11,0.06,-0.13,0.06,-5.88,-5.88,-53.38
158362.48993873596,3.13,-1.53,9.12,-0.13,0.06,0.00,-6.25,-6.69,-53.06
158680.19270896912,3.15,-1.53,9.14,0.06,-0.06,-0.06,-6.25,-5.56,-51.88
158999.41277503967,3.15,-1.52,9.11,-0.06,0.06,0.00,-5.88,-5.56,-51.88
159315.29259681702,3.17,-1.52,9.14,0.06,0.00,0.06,-6.25,-5.88,-51.88
159632.3208808899,3.15,-1.53,9.13,-0.06,0.06,0.00,-5.56,-7.06,-52.25
159951.22623443604,3.15,-1.53,9.11,0.00,-0.19,-0.13,-6.56,-5.56,-51.88
160267.36092567444,3.14,-1.52,9.13,0.06,0.19,-0.06,-5.88,-6.69,-51.88
160584.3539237976,3.15,-1.52,9.15,-0.06,0.00,0.19,-6.25,-6.69,-51.06
160903.4206867218,3.15,-1.52,9.11,0.06,-0.06,-0.13,-6.56,-5.88,-52.25
161220.14474868774,3.15,-1.53,9.12,-0.06,0.19,0.13,-5.88,-5.56,-52.69
161536.79633140564,3.14,-1.52,9.14,0.00,-0.06,0.00,-6.25,-6.69,-52.25
161855.7674884796,3.15,-1.52,9.10,0.06,0.06,0.00,-5.88,-7.38,-53.06
162172.75214195251,3.14,-1.51,9.11,0.00,-0.13,-0.06,-5.56,-7.06,-52.25
162488.87968063354,3.13,-1.54,9.13,-0.06,0.00,0.06,-6.56,-6.69,-52.25
162807.99841880798,3.15,-1.51,9.09,-0.13,0.19,-0.06,-6.25,-6.69,-52.69
163124.58395957947,3.13,-1.50,9.13,0.00,0.06,0.06,-6.56,-6.25,-52.25
163441.4598941803,3.14,-1.54,9.14,-0.06,0.19,0.06,-5.56,-6.69,-52.25
163760.19763946533,3.15,-1.53,9.12,0.06,-0.06,0.13,-6.25,-5.88,-52.25
164077.04949378967,3.14,-1.53,9.12,-0.06,0.06,0.00,-6.25,-7.06,-51.88
164394.18721199036,3.14,-1.52,9.14,-0.06,0.06,0.13,-7.00,-5.88,-51.88
164712.39805221558,3.15,-1.54,9.12,0.06,0.13,0.00,-6.25,-6.69,-52.69
165028.733253479,3.14,-1.52,9.13,-0.06,0.00,0.00,-6.56,-5.56,-52.25
165346.17590904236,3.16,-1.52,9.13,0.00,0.06,-0.06,-6.25,-6.25,-53.06
165668.94268989563,3.14,-1.50,9.11,0.00,0.13,0.06,-6.56,-5.88,-52.25
165981.0492992401,3.15,-1.52,9.13,0.00,0.13,0.00,-6.25,-7.06,-52.69
166298.73371124268,3.15,-1.51,9.11,-0.06,-0.13,-0.13,-7.00,-5.56,-51.06
166617.15030670166,3.15,-1.53,9.14,0.00,0.13,0.00,-6.56,-5.56,-51.88
166933.51817131042,3.14,-1.52,9.13,0.06,-0.06,0.00,-6.25,-4.88,-51.88
167250.67043304443,3.16,-1.53,9.12,-0.06,-0.31,0.00,-6.25,-6.25,-53.06
167570.25146484375,3.13,-1.52,9.12,-0.13,-0.06,0.06,-6.25,-7.38,-52.69
167886.40546798706,3.13,-1.53,9.11,0.00,-0.19,0.00,-5.88,-6.69,-52.69
168203.0267715454,3.13,-1.51,9.10,0.00,-0.06,0.00,-7.38,-6.25,-51.88
168521.7273235321,3.15,-1.53,9.10,0.00,-0.13,0.06,-7.00,-6.25,-52.25
168838.35291862488,3.13,-1.51,9.14,0.13,-0.06,0.06,-5.88,-7.75,-51.50
169155.77030181885,3.14,-1.53,9.14,-0.06,0.06,-0.13,-6.25,-7.06,-51.88
169474.10345077515,3.14,-1.53,9.12,-0.06,0.13,0.00,-6.56,-6.69,-51.06
169790.7257080078,3.14,-1.53,9.13,-0.13,0.06,0.00,-7.00,-6.25,-53.06
170107.66196250916,3.14,-1.51,9.13,-0.06,0.00,0.06,-6.56,-5.56,-51.50
170426.5058040619,3.14,-1.53,9.11,-0.06,0.00,-0.06,-7.00,-6.69,-51.50
170761.19256019592,3.12,-1.53,9.13,0.00,-0.06,0.00,-5.88,-7.06,-51.50
171059.76629257202,3.12,-1.51,9.13,0.00,-0.06,0.13,-5.88,-5.56,-51.50
171379.03141975403,3.13,-1.51,9.10,0.06,-0.13,-0.13,-5.56,-7.06,-53.06
171696.48909568787,3.14,-1.52,9.14,-0.06,0.00,0.00,-5.56,-6.69,-52.69
172012.6714706421,3.14,-1.53,9.13,0.00,-0.19,0.06,-5.56,-7.06,-51.88
172331.26735687256,3.16,-1.51,9.11,0.00,0.13,-0.06,-6.25,-7.06,-53.06
172648.668050766,3.15,-1.51,9.14,0.00,-0.19,0.06,-5.56,-5.56,-52.25
172964.95747566223,3.11,-1.51,9.13,-0.06,0.13,0.06,-7.00,-6.25,-52.25
173283.43176841736,3.13,-1.51,9.12,0.13,0.06,0.00,-6.56,-6.25,-53.06
173599.9801158905,3.12,-1.53,9.14,0.06,0.13,0.13,-6.25,-5.25,-51.50
173916.87965393066,3.13,-1.52,9.15,0.00,0.00,0.13,-6.25,-6.25,-51.88
174235.68487167358,3.14,-1.51,9.12,0.00,-0.25,0.00,-5.56,-6.69,-51.50
174552.5987148285,3.14,-1.53,9.16,0.06,0.19,0.00,-6.56,-5.25,-52.69
174869.23170089722,3.13,-1.53,9.12,0.00,0.00,0.06,-6.25,-6.69,-52.69
175188.03191184998,3.14,-1.53,9.14,0.06,0.00,0.00,-6.25,-7.06,-51.88
175505.21540641785,3.14,-1.51,9.15,-0.06,-0.19,0.13,-6.25,-6.25,-52.69
175822.08609580994,3.13,-1.51,9.13,-0.06,-0.13,0.06,-5.88,-5.56,-52.69
176140.9101486206,3.14,-1.53,9.11,0.13,0.06,-0.06,-5.56,-5.88,-51.88
176457.68666267395,3.14,-1.51,9.15,0.13,-0.06,0.06,-5.88,-6.69,-52.25
176774.71089363098,3.12,-1.52,9.15,0.00,0.19,0.13,-6.25,-5.88,-53.75
177092.92602539062,3.14,-1.51,9.12,0.00,-0.13,0.00,-6.56,-7.06,-52.69
177409.88731384277,3.14,-1.53,9.13,-0.06,0.00,-0.06,-7.00,-7.38,-51.88
177726.5326976776,3.14,-1.51,9.15,0.00,-0.38,0.06,-6.56,-6.69,-52.25
178046.160697937,3.12,-1.51,9.14,0.00,-0.19,0.00,-5.88,-6.25,-51.88
178362.3161315918,3.11,-1.51,9.14,0.00,0.00,-0.13,-7.00,-5.88,-51.06
178679.01468276978,3.16,-1.52,9.12,0.19,0.00,-0.06,-6.25,-6.25,-52.69
178997.86067008972,3.14,-1.54,9.12,0.00,-0.13,0.00,-6.25,-5.88,-51.88
179315.01293182373,3.13,-1.52,9.13,0.00,0.00,0.06,-6.25,-5.88,-52.25
179631.16812705994,3.11,-1.52,9.15,-0.06,0.06,0.00,-6.56,-7.06,-51.88
179949.31769371033,3.13,-1.51,9.12,0.00,0.13,0.00,-5.88,-5.25,-52.25
180266.47067070007,3.12,-1.52,9.15,0.06,0.06,0.13,-6.56,-6.69,-52.25
180583.4403038025,3.14,-1.53,9.12,0.00,0.00,-0.06,-6.25,-6.69,-53.06
180902.26531028748,3.12,-1.52,9.12,-0.19,0.00,0.00,-6.25,-5.56,-52.69
181218.54829788208,3.14,-1.51,9.15,0.00,-0.13,0.00,-7.00,-6.25,-51.50
181535.87865829468,3.12,-1.51,9.14,-0.06,0.00,0.00,-5.88,-5.56,-52.69
181854.81905937195,3.13,-1.53,9.13,0.19,-0.06,0.19,-6.25,-6.69,-51.50
182171.41723632812,3.11,-1.50,9.13,0.06,-0.19,0.06,-5.56,-7.38,-52.69
182488.54398727417,3.12,-1.50,9.14,-0.06,-0.06,-0.13,-6.56,-7.38,-52.25
182806.94198608398,3.11,-1.50,9.15,0.00,0.13,0.00,-5.88,-5.88,-52.25
183122.95579910278,3.12,-1.51,9.15,0.06,0.25,0.00,-5.88,-6.25,-52.69
183440.49525260925,3.13,-1.48,9.13,0.06,-0.06,-0.06,-6.56,-7.38,-52.69
183759.64260101318,3.11,-1.49,9.10,-0.06,0.06,-0.13,-6.25,-5.88,-51.88
184076.50113105774,3.12,-1.52,9.16,-0.13,-0.06,-0.06,-6.25,-4.88,-53.88
184392.97652244568,3.11,-1.53,9.14,0.00,-0.06,0.00,-7.00,-4.88,-52.25
184711.59386634827,3.13,-1.51,9.12,0.00,0.06,-0.06,-7.00,-8.19,-52.69
185029.04534339905,3.10,-1.53,9.17,0.13,-0.13,0.06,-6.56,-6.69,-53.06
185345.73364257812,3.12,-1.52,9.16,0.13,0.06,-0.06,-7.75,-7.38,-52.69
185664.28565979004,3.11,-1.52,9.14,0.00,0.00,0.06,-6.56,-5.88,-52.69
185980.39841651917,3.13,-1.51,9.12,0.06,0.19,0.00,-5.88,-6.25,-51.88
186296.54693603516,3.11,-1.50,9.12,-0.13,0.00,0.00,-6.56,-5.56,-53.06
186616.01758003235,3.11,-1.53,9.10,0.00,0.00,-0.13,-5.56,-6.25,-53.38
186932.45935440063,3.12,-1.51,9.12,0.00,0.06,-0.06,-5.56,-5.56,-53.06
187249.62329864502,3.11,-1.51,9.13,0.00,0.06,-0.06,-6.56,-6.69,-52.69
187568.6538219452,3.11,-1.50,9.13,-0.06,0.06,-0.13,-5.88,-7.38,-51.88
187884.8102092743,3.11,-1.52,9.15,0.00,0.06,0.00,-6.25,-6.25,-53.38
188202.21710205078,3.12,-1.52,9.13,-0.06,0.00,0.00,-5.88,-6.25,-51.88
188520.28107643127,3.12,-1.51,9.12,-0.06,0.00,0.13,-6.56,-5.88,-53.38
188837.4466896057,3.11,-1.53,9.13,-0.06,0.00,0.13,-7.00,-5.88,-52.69
189154.38055992126,3.13,-1.50,9.14,0.00,0.06,-0.06,-6.25,-5.88,-51.88
189473.33359718323,3.12,-1.51,9.12,0.00,0.06,-0.13,-5.88,-6.25,-52.69
189789.4721031189,3.10,-1.51,9.17,-0.13,0.13,0.00,-7.00,-7.38,-51.06
190106.67181015015,3.12,-1.51,9.15,-0.06,-0.13,0.00,-6.56,-6.25,-51.88
190425.3499507904,3.12,-1.51,9.14,-0.06,0.13,0.13,-7.00,-6.69,-52.69
190742.2513961792,3.11,-1.51,9.13,0.00,-0.06,-0.13,-6.56,-5.56,-52.69
191059.27801132202,3.11,-1.53,9.11,0.13,0.06,0.06,-6.56,-5.88,-51.50
191378.06129455566,3.12,-1.53,9.12,-0.06,0.13,0.00,-5.88,-7.06,-52.69
191694.3507194519,3.13,-1.50,9.13,0.00,0.13,0.06,-5.88,-7.06,-51.50
192011.2509727478,3.12,-1.51,9.15,0.00,-0.06,0.13,-6.56,-6.69,-52.25
192329.83016967773,3.11,-1.52,9.12,0.06,0.06,0.00,-6.25,-5.56,-53.06
192646.6338634491,3.12,-1.51,9.14,0.00,0.00,0.00,-5.88,-6.69,-53.38
192963.3276462555,3.12,-1.51,9.13,0.00,0.06,0.06,-6.25,-6.69,-52.69
193281.977891922,3.12,-1.52,9.15,0.00,0.06,0.00,-5.88,-5.56,-52.69
193598.8485813141,3.12,-1.53,9.15,-0.06,0.06,0.00,-6.25,-7.38,-52.25
193915.0848388672,3.11,-1.50,9.13,0.06,0.00,0.00,-5.88,-7.06,-53.06
194234.0726852417,3.12,-1.51,9.14,-0.06,0.06,0.06,-5.56,-6.25,-52.25
194551.6357421875,3.12,-1.50,9.14,-0.13,0.13,-0.06,-6.25,-4.88,-52.69
194868.39079856873,3.10,-1.52,9.16,-0.13,0.06,0.00,-6.25,-6.69,-52.69
195187.0813369751,3.12,-1.51,9.13,0.13,0.13,-0.06,-5.88,-5.56,-51.88
195504.4779777527,3.11,-1.52,9.18,0.00,0.06,0.06,-5.88,-5.88,-52.69
195820.82271575928,3.09,-1.50,9.13,0.00,0.00,0.13,-6.56,-7.38,-52.69
196139.6713256836,3.11,-1.52,9.14,-0.13,-0.06,-0.13,-6.25,-5.88,-52.69
196456.83193206787,3.09,-1.50,9.16,0.00,0.06,0.00,-6.56,-7.06,-51.06
196773.70643615723,3.12,-1.49,9.14,0.06,0.00,-0.13,-7.00,-5.25,-53.06
197092.182636261,3.09,-1.51,9.09,-0.13,0.13,-0.13,-5.88,-5.88,-52.25
197409.5859527588,3.11,-1.51,9.12,-0.06,0.13,-0.13,-6.56,-5.56,-51.88
197726.98950767517,3.11,-1.51,9.12,0.00,0.13,0.06,-7.00,-6.69,-52.25
198044.82865333557,3.12,-1.50,9.14,-0.06,0.13,-0.19,-6.25,-5.88,-52.25
198363.83438110352,3.10,-1.51,9.15,0.00,0.06,-0.13,-6.56,-4.88,-53.06
198682.22832679749,3.09,-1.51,9.13,-0.06,0.00,-0.06,-5.88,-5.88,-52.25
199000.36644935608,3.12,-1.51,9.14,0.06,-0.06,0.00,-6.25,-5.56,-51.88
199317.81029701233,3.10,-1.51,9.15,-0.06,0.00,0.13,-6.25,-6.25,-51.88
199637.66193389893,3.10,-1.51,9.18,-0.06,-0.19,-0.06,-6.25,-5.88,-51.88
199957.33523368835,3.09,-1.50,9.15,0.06,0.06,0.00,-5.88,-6.25,-51.88
200276.7083644867,3.11,-1.51,9.17,0.06,0.19,0.00,-6.25,-6.69,-51.50
200593.26028823853,3.09,-1.51,9.12,0.00,0.00,0.00,-6.25,-6.69,-52.25
200911.80229187012,3.07,-1.46,9.00,-0.06,0.19,-0.06,-6.25,-5.88,-53.06
201231.0860157013,3.11,-1.49,9.15,-0.06,0.00,0.00,-6.25,-6.25,-51.88
201550.71425437927,3.12,-1.52,9.11,0.00,0.00,-0.13,-6.25,-5.56,-53.06
201867.5229549408,3.09,-1.50,9.15,-0.06,-0.06,0.06,-5.56,-7.06,-54.56
202185.41955947876,3.09,-1.50,9.17,-0.13,-0.13,0.06,-5.88,-6.69,-52.25
202504.51064109802,3.09,-1.49,9.12,0.06,0.00,0.06,-5.88,-6.69,-53.06
202820.93477249146,3.09,-1.51,9.16,0.13,-0.06,0.00,-6.25,-7.06,-51.06
203138.03911209106,3.09,-1.53,9.16,0.06,0.06,-0.06,-6.25,-5.25,-52.69
203457.43989944458,3.09,-1.52,9.14,-0.06,0.00,-0.06,-6.56,-6.25,-53.50
203773.5936641693,3.11,-1.51,9.15,0.00,0.13,0.00,-5.56,-6.69,-53.50
204090.76404571533,3.09,-1.52,9.15,0.06,0.06,0.06,-6.25,-6.69,-53.88
204409.23953056335,3.12,-1.49,9.13,0.00,0.06,0.06,-6.25,-7.06,-51.50
204726.20487213135,3.11,-1.52,9.17,-0.06,-0.06,-0.13,-6.25,-5.56,-52.69
205043.7388420105,3.11,-1.48,9.14,-0.06,0.06,-0.06,-6.25,-6.69,-52.69
205361.64021492004,3.08,-1.50,9.12,-0.06,0.13,0.06,-6.25,-7.38,-51.88
205679.66747283936,3.09,-1.47,9.14,0.00,-0.06,0.06,-5.88,-6.69,-52.25
205997.06745147705,3.10,-1.50,9.16,0.06,-0.06,0.00,-5.88,-4.50,-53.50
206315.1307106018,3.09,-1.48,9.14,-0.06,-0.13,-0.13,-5.88,-6.25,-52.69
206633.30554962158,3.08,-1.50,9.16,0.06,-0.06,0.06,-6.56,-7.06,-53.50
206952.0242214203,3.09,-1.50,9.17,0.00,0.13,-0.13,-6.25,-6.25,-53.06
207269.44303512573,3.11,-1.49,9.13,-0.06,0.00,0.00,-5.56,-5.88,-52.25
207588.06204795837,3.08,-1.50,9.14,-0.13,0.06,0.06,-6.56,-6.25,-53.06
207907.20915794373,3.11,-1.50,9.16,-0.13,0.19,0.00,-6.56,-7.06,-53.06
208227.05817222595,3.06,-1.53,9.16,0.00,0.06,-0.13,-5.88,-6.69,-51.88
208545.62902450562,3.10,-1.50,9.18,0.00,0.06,-0.25,-6.56,-7.06,-52.25
208861.61947250366,3.09,-1.48,9.13,0.00,-0.06,0.00,-5.88,-6.25,-52.25
209180.72724342346,3.08,-1.50,9.13,0.00,-0.13,0.00,-6.25,-5.25,-52.69
209500.17309188843,3.06,-1.50,9.15,0.06,0.00,0.00,-5.88,-5.88,-52.69
209818.7861442566,3.09,-1.50,9.15,0.06,0.00,0.06,-5.56,-5.88,-52.69
210135.9076499939,3.08,-1.48,9.15,0.00,0.00,-0.06,-6.25,-5.56,-52.25
210453.74536514282,3.09,-1.51,9.17,0.00,0.00,0.06,-5.56,-6.69,-52.69
210773.88262748718,3.06,-1.48,9.17,-0.06,-0.13,-0.06,-5.56,-7.06,-53.06
211090.5466079712,3.08,-1.50,9.15,0.00,0.13,-0.06,-6.56,-5.88,-53.06
211407.47380256653,3.08,-1.48,9.16,0.06,0.00,0.06,-5.88,-5.88,-53.06
211726.28092765808,3.07,-1.50,9.14,-0.19,0.00,0.06,-6.25,-6.25,-52.69
212043.43342781067,3.07,-1.50,9.15,-0.19,0.13,0.06,-6.25,-6.69,-51.88
212359.58886146545,3.09,-1.51,9.16,0.06,0.06,0.06,-7.00,-5.25,-51.88
212678.73525619507,3.08,-1.49,9.13,0.06,0.06,0.00,-6.56,-7.06,-52.25
212995.71776390076,3.09,-1.51,9.16,-0.06,-0.13,0.06,-5.56,-7.06,-53.06
213312.748670578,3.04,-1.51,9.16,0.06,0.06,-0.06,-5.88,-5.88,-52.25
213631.57391548157,3.07,-1.50,9.14,0.19,-0.06,0.00,-5.88,-5.88,-53.06
213948.55618476868,3.07,-1.49,9.15,0.00,-0.19,0.06,-6.56,-5.88,-52.69
214264.6245956421,3.07,-1.49,9.15,0.00,0.00,0.00,-5.88,-7.06,-53.06
214583.3683013916,3.07,-1.50,9.16,-0.06,0.13,0.06,-6.25,-6.69,-52.25
214900.90417861938,3.07,-1.49,9.14,0.13,0.13,-0.13,-6.25,-5.88,-52.25
215217.67663955688,3.08,-1.49,9.14,0.06,-0.25,0.00,-6.25,-6.69,-52.25
215535.57896614075,3.07,-1.48,9.13,0.06,0.13,0.19,-5.88,-6.25,-52.25
215853.08289527893,3.07,-1.51,9.16,0.06,-0.19,0.13,-6.56,-7.06,-51.50
216169.55161094666,3.08,-1.48,9.15,0.13,-0.19,0.00,-5.88,-5.88,-52.25
216488.205909729,3.05,-1.50,9.12,0.00,-0.13,0.06,-6.25,-6.69,-53.50
216805.91464042664,3.06,-1.49,9.17,0.00,0.00,0.06,-5.88,-5.56,-52.69
217122.2779750824,3.09,-1.48,9.16,0.06,-0.19,0.00,-6.56,-5.88,-51.88
217440.5779838562,3.09,-1.49,9.14,0.00,0.00,-0.19,-6.25,-5.88,-52.69
217757.05075263977,3.07,-1.49,9.17,0.06,0.25,0.00,-6.56,-6.25,-51.06
218074.41759109497,3.07,-1.49,9.18,0.00,-0.06,0.13,-5.88,-7.38,-52.69
218393.03278923035,3.08,-1.49,9.18,0.00,0.19,-0.06,-6.25,-6.25,-52.25
218710.58750152588,3.07,-1.47,9.17,0.00,0.13,-0.06,-6.25,-6.69,-52.69
219026.98254585266,3.06,-1.48,9.17,-0.13,0.06,0.00,-6.56,-7.38,-53.50
219345.84712982178,3.07,-1.49,9.16,0.06,-0.13,0.06,-5.56,-5.25,-51.88
219662.0020866394,3.06,-1.49,9.15,0.00,0.00,0.00,-6.25,-5.88,-52.25
219979.8038005829,3.06,-1.49,9.17,-0.06,-0.25,-0.19,-5.56,-6.69,-51.50
220297.3849773407,3.06,-1.47,9.14,0.06,-0.06,0.00,-6.25,-5.56,-53.06
220615.25416374207,3.04,-1.48,9.15,-0.06,-0.06,0.00,-6.25,-4.50,-52.25
220932.41357803345,3.06,-1.49,9.20,0.00,-0.06,-0.06,-5.88,-6.69,-51.88
221250.10704994202,3.06,-1.48,9.17,0.00,-0.13,0.06,-6.56,-6.25,-51.50
221567.2914981842,3.06,-1.47,9.17,0.06,0.13,0.06,-6.25,-6.69,-53.06
221884.97400283813,3.05,-1.48,9.17,0.00,0.00,0.06,-5.88,-6.25,-53.06
222202.48317718506,3.05,-1.50,9.16,-0.06,0.00,0.06,-6.25,-7.06,-52.69
222520.71976661682,3.06,-1.49,9.17,0.00,-0.13,0.00,-5.56,-7.06,-51.88
222839.28418159485,3.03,-1.50,9.19,-0.13,0.06,0.00,-5.56,-5.25,-51.88
223155.88092803955,3.05,-1.50,9.18,0.13,-0.06,0.13,-5.56,-7.06,-52.25
223473.84333610535,3.05,-1.48,9.16,0.00,0.06,0.00,-6.25,-6.25,-52.25
223793.00904273987,3.07,-1.50,9.16,0.00,0.13,0.00,-5.88,-5.88,-52.69
224110.8100414276,3.06,-1.49,9.17,0.13,0.00,0.06,-6.25,-5.88,-53.06
224427.28757858276,3.04,-1.52,9.13,0.50,0.69,0.00,-6.56,-6.25,-53.50
224747.48301506042,2.99,-1.49,9.21,0.31,0.94,-0.06,-5.56,-6.69,-53.06
225067.31915473938,3.03,-1.45,9.24,-0.13,0.56,0.19,-5.88,-5.88,-51.88
225385.33282279968,3.00,-1.53,9.28,0.00,0.13,0.06,-6.25,-7.06,-52.25
225702.36229896545,3.01,-1.43,9.18,0.44,-0.25,1.19,-3.50,-3.38,-31.50
226021.18825912476,2.95,-1.49,9.20,-0.50,-0.88,-0.13,-3.75,-3.38,-32.56
226340.4769897461,3.00,-1.47,9.18,0.00,-0.19,0.19,-3.69,-4.56,-33.25
226659.5778465271,3.01,-1.50,9.17,0.00,0.00,-0.13,-3.38,-3.75,-32.88
226976.48525238037,3.00,-1.41,9.18,6.44,-2.69,17.00,-3.69,-3.75,-32.75
227293.56384277344,3.12,-1.49,9.46,6.06,-3.81,16.81,-9.50,-4.69,-31.19
227613.64769935608,3.00,-1.49,9.18,0.25,0.25,0.00,-13.19,-5.50,-29.50
227929.80480194092,2.91,-1.48,9.16,-1.56,-3.56,0.00,-13.19,-5.88,-31.06
228247.50566482544,3.49,-1.79,8.98,-11.19,-14.06,-7.31,-14.88,-6.25,-28.88
228566.5681362152,3.49,-1.79,8.98,-11.19,-14.06,4,-16.00,-5.75,-26.19
228883.76593589783,3.49,-1.79,8.98,-11.19,-14.06,9,-15.19,-6.56,-28.56
229201.02047920227,3.49,-1.79,8.98,-11.19,-14.06,,-17.25,-4.69,-27.19
229519.56748962402,1.66,-1.07,9.30,6.38,17.25,-0.56,-16.25,-5.75,-29.25
229838.19365501404,1.66,-1.07,9.30,6.38,17.25,-0.06,-15.50,-6.38,-28.56
230156.9275856018,2.59,-1.30,9.36,-0.13,-0.31,0.06,-15.50,-5.69,-27.38
230473.7937450409,2.58,-1.31,9.36,-0.13,-0.31,-0.06,-15.88,-6.38,-28.56
230791.31722450256,2.58,-1.30,9.38,-0.06,-0.31,0.00,-15.50,-4.88,-29.00
231111.483335495,2.63,-1.30,9.36,1.13,2.56,0.00,-15.50,-5.25,-29.00
231429.5690059662,2.57,-1.30,9.35,-0.13,-0.56,0.13,-15.69,-5.56,-27.50
231747.18379974365,2.55,-1.29,9.34,-0.31,-0.88,0.06,-15.25,-5.88,-27.38
232065.33288955688,2.55,-1.29,9.37,0.19,0.31,-0.06,-15.69,-5.06,-27.00
232385.24293899536,2.59,-1.34,9.37,0.06,0.06,0.00,-9.25,-2.56,-53.06
232704.66899871826,2.57,-1.31,9.37,0.00,0.00,-0.06,-7.75,-2.56,-54.69
233659.37161445618,2.58,-1.34,9.36,-0.06,-0.06,0.06,-8.50,-2.25,-54.25
233979.09140586853,2.58,-1.34,9.36,-0.06,-0.06,0.,-10.00,-2.56,-53.50
234295.9921360016,2.59,-1.30,9.36,0.00,0.06,-0.06,-9.25,-3.75,-53.50
234612.82086372375,2.55,-1.31,9.37,0.06,0.00,0.06,-8.88,-3.75,-52.25
234932.14678764343,2.58,-1.30,9.32,-0.06,0.00,-0.06,-8.88,-3.00,-52.25
236200.43110847473,2.59,-1.28,9.36,0.06,0.13,0.06,-9.25,-3.00,-53.06
237154.0231704712,2.59,-1.31,9.38,0.00,0.19,-0.1,-8.88,-2.56,-53.50
237470.8251953125,2.59,-1.31,9.38,0.00,0.19,-0.106,-8.88,-2.25,-53.06
237789.57056999207,2.57,-1.30,9.34,0.00,0.00,-0.06,-8.88,-3.38,-52.25
238106.60552978516,2.59,-1.30,9.34,-0.13,-0.06,0.00,-8.50,-3.38,-52.25
238423.02560806274,2.58,-1.30,9.35,0.13,0.06,-0.06,-8.50,-2.56,-53.06
238741.8510913849,2.60,-1.30,9.34,0.06,-0.06,-0.06,-9.25,-2.56,-52.75
239058.9427947998,2.60,-1.30,9.36,0.06,-0.13,0.00,-8.88,-3.00,-53.50
239375.57554244995,2.58,-1.31,9.33,0.00,0.00,0.00,-8.88,-3.38,-53.50
239696.9563961029,2.58,-1.30,9.36,0.13,0.00,0.00,-8.06,-3.38,-53.88
240011.11555099487,2.59,-1.30,9.37,-0.06,-0.06,0.06,-9.25,-3.38,-52.69
240328.26828956604,2.59,-1.29,9.36,-0.06,0.19,-0.06,-9.25,-3.00,-53.06
240646.41904830933,2.59,-1.31,9.34,0.06,-0.13,0.13,-9.25,-3.75,-53.06
240964.56718444824,2.57,-1.30,9.36,0.00,-0.19,-0.06,-8.88,-1.88,-52.69
241280.25031089783,2.59,-1.31,9.37,-0.13,0.00,-0.06,-8.88,-3.38,-53.88
241599.4794368744,2.59,-1.30,9.33,-0.06,0.00,-0.13,-8.88,-3.00,-52.69
241916.56589508057,2.59,-1.30,9.33,0.06,0.06,0.00,-8.50,-2.25,-54.56
242233.68215560913,2.58,-1.31,9.38,0.06,-0.13,0.13,-8.50,-2.25,-53.88
242551.353931427,2.56,-1.30,9.33,0.06,0.19,0.00,-8.50,-2.56,-52.25
242868.65425109863,2.59,-1.28,9.36,-0.06,0.25,0.06,-8.50,-2.56,-53.88
243185.25505065918,2.59,-1.31,9.35,-0.19,0.19,0.06,-8.88,-3.75,-52.25
243503.74746322632,2.57,-1.33,9.35,0.00,0.13,0.06,-8.50,-4.06,-53.06
243820.5065727234,2.57,-1.28,9.33,-0.13,-0.13,0.13,-8.06,-3.00,-52.69
244136.9559764862,2.58,-1.31,9.38,0.06,0.25,0.06,-8.50,-3.00,-54.25
244455.63006401062,2.57,-1.30,9.30,0.06,0.38,0.06,-8.50,-3.38,-53.50
244772.7324962616,2.56,-1.32,9.35,-0.06,0.00,-0.06,-8.88,-3.75,-52.69
245089.53261375427,2.56,-1.31,9.36,0.00,-0.19,0.06,-9.25,-2.25,-52.69
245407.86862373352,2.58,-1.31,9.33,0.06,0.19,0.06,-9.25,-3.00,-52.69
245724.933385849,2.58,-1.30,9.36,-0.06,0.06,-0.06,-9.25,-3.38,-52.25
246041.70775413513,2.59,-1.31,9.37,-0.06,0.19,0.00,-8.06,-2.56,-52.25
246361.28067970276,2.59,-1.32,9.36,-0.06,-0.06,0.00,-8.06,-3.75,-52.69
246678.23958396912,2.59,-1.32,9.36,0.00,-0.06,0.13,-8.06,-2.25,-52.25
246994.76289749146,2.57,-1.30,9.35,-0.06,0.06,-0.06,-8.88,-3.75,-52.69
247313.5905265808,2.59,-1.30,9.33,-0.06,0.13,0.06,-9.25,-3.38,-53.06
247629.8325061798,2.58,-1.30,9.37,-0.06,0.06,0.06,-8.06,-3.00,-53.06
247946.98429107666,2.58,-1.32,9.36,-0.13,-0.31,-0.06,-8.88,-2.25,-53.50
248264.85967636108,2.57,-1.31,9.35,0.06,0.00,0.06,-8.50,-3.75,-51.56
248583.38284492493,2.58,-1.30,9.38,-0.13,-0.13,-0.06,-8.50,-3.00,-52.25
248900.10929107666,2.59,-1.31,9.35,-0.06,0.00,-0.06,-8.06,-3.75,-52.75
249217.83661842346,2.57,-1.31,9.34,0.00,-0.13,0.06,-8.88,-3.00,-54.25
249534.89661216736,2.61,-1.30,9.36,-0.13,-0.06,0.00,-8.88,-3.00,-53.88
249851.2110710144,2.58,-1.30,9.36,0.00,0.00,0.00,-8.06,-3.38,-53.88
250169.86298561096,2.58,-1.31,9.35,0.00,-0.13,-0.06,-8.50,-2.25,-53.06
250487.33925819397,2.60,-1.31,9.36,0.00,-0.13,-0.06,-8.50,-2.25,-53.88
250803.75933647156,2.58,-1.31,9.33,0.00,0.00,0.13,-8.50,-3.00,-53.50
251123.04210662842,2.58,-1.31,9.37,-0.06,-0.06,-0.06,-8.06,-3.38,-53.06
251439.88871574402,2.58,-1.32,9.36,-0.13,0.06,0.06,-8.88,-2.56,-53.50
251757.18355178833,2.57,-1.30,9.36,-0.13,-0.13,0.00,-9.25,-2.25,-53.50
252075.37484169006,2.60,-1.29,9.33,0.00,0.00,-0.13,-8.88,-3.00,-53.50
252392.76456832886,2.58,-1.32,9.36,-0.13,0.00,0.06,-8.50,-3.38,-53.50
252709.73110198975,2.58,-1.32,9.38,0.06,0.00,0.06,-8.50,-3.00,-53.88
253028.0168056488,2.58,-1.30,9.34,-0.06,-0.06,0.06,-8.06,-4.06,-54.25
253344.9466228485,2.58,-1.31,9.35,-0.06,0.06,0.06,-8.50,-3.75,-53.06
253662.84322738647,2.57,-1.30,9.39,0.13,0.06,0.06,-8.50,-2.25,-53.50
253980.41605949402,2.59,-1.32,9.35,0.13,0.00,-0.06,-8.50,-3.38,-51.88
254298.5918521881,2.58,-1.30,9.36,-0.06,0.00,0.06,-8.50,-4.50,-52.75
254616.89233779907,2.59,-1.30,9.35,0.06,-0.13,0.06,-8.50,-2.25,-53.50
254934.43632125854,2.59,-1.31,9.35,-0.06,0.00,-0.06,-9.25,-4.06,-52.25
255252.2964477539,2.58,-1.30,9.35,-0.13,0.00,-0.06,-8.88,-3.38,-52.69
255572.11995124817,2.57,-1.30,9.35,0.00,-0.19,0.13,-8.88,-2.56,-53.06
255890.94352722168,2.59,-1.29,9.34,0.00,-0.06,0.00,-8.88,-2.56,-53.88
256208.00018310547,2.57,-1.30,9.35,-0.06,-0.13,-0.06,-8.50,-3.00,-53.06
256525.72464942932,2.58,-1.31,9.36,0.00,0.13,0.06,-8.50,-3.00,-53.88
256846.26841545105,2.57,-1.33,9.37,-0.19,-0.19,-0.06,-8.50,-2.25,-51.88
257165.9026145935,2.60,-1.31,9.36,0.00,-0.13,0.06,-8.50,-3.75,-54.25
257484.69424247742,2.59,-1.31,9.37,0.00,0.06,0.06,-8.88,-3.38,-53.88
257801.7499446869,2.59,-1.30,9.35,0.06,0.06,0.06,-8.50,-3.75,-53.88
258119.89855766296,2.55,-1.30,9.36,-0.06,0.13,0.00,-8.06,-2.56,-53.06
258440.04321098328,2.58,-1.32,9.35,0.06,0.00,-0.13,-8.06,-3.75,-52.25
258756.62326812744,2.59,-1.30,9.36,-0.06,0.19,0.13,-8.50,-3.00,-52.25
259074.3899345398,2.59,-1.31,9.34,-0.13,0.00,-0.06,-8.06,-2.56,-52.25
259392.69614219666,2.60,-1.30,9.35,0.00,0.19,0.00,-8.88,-2.56,-52.25
259709.45715904236,2.58,-1.31,9.39,-0.13,0.13,-0.06,-8.06,-3.38,-53.88
260026.74841880798,2.56,-1.29,9.35,0.13,-0.06,0.06,-8.88,-3.75,-52.25
260345.22199630737,2.58,-1.32,9.35,0.13,0.00,0.06,-8.88,-4.06,-53.88
260662.13178634644,2.56,-1.31,9.35,0.00,0.06,-0.06,-8.88,-2.25,-52.69
260978.95002365112,2.57,-1.29,9.36,-0.06,-0.13,0.00,-8.06,-3.00,-52.75
261297.71208763123,2.59,-1.30,9.35,0.00,-0.13,-0.06,-8.88,-2.25,-53.06
261615.398645401,2.58,-1.31,9.35,0.00,0.00,0.06,-8.88,-3.38,-52.25
261932.78694152832,2.58,-1.30,9.34,-0.06,-0.19,0.00,-8.50,-3.38,-53.50
262251.1763572693,2.59,-1.30,9.33,-0.06,0.00,-0.06,-9.25,-2.25,-52.25
262568.62616539,2.58,-1.28,9.35,0.00,0.13,-0.13,-8.88,-4.06,-53.88
262887.1262073517,2.59,-1.28,9.36,-0.13,0.13,0.00,-8.88,-3.00,-53.88
263204.0762901306,2.58,-1.32,9.36,-0.13,0.00,0.13,-8.50,-2.25,-52.75
263522.5088596344,2.57,-1.31,9.36,0.13,-0.19,0.06,-8.06,-3.00,-51.88
263842.3218727112,2.61,-1.31,9.34,0.19,0.00,0.06,-8.88,-2.25,-53.88
264160.5851650238,2.58,-1.29,9.35,0.00,0.00,0.00,-8.50,-3.75,-52.75
264477.7684211731,2.58,-1.32,9.34,0.00,-0.06,0.13,-8.88,-2.25,-53.50
264796.67615890503,2.58,-1.30,9.35,-0.06,-0.19,-0.06,-8.06,-4.88,-52.75
265115.65351486206,2.58,-1.30,9.36,0.00,0.00,-0.06,-8.50,-1.88,-52.75
265435.3654384613,2.57,-1.29,9.36,0.00,-0.13,0.00,-8.50,-3.00,-53.06
265754.0993690491,2.56,-1.30,9.35,0.00,0.00,0.19,-8.50,-2.56,-53.06
266071.40469551086,2.58,-1.32,9.38,0.06,-0.13,-0.06,-8.88,-3.75,-53.50
266390.23423194885,2.58,-1.30,9.37,0.00,-0.13,-0.06,-8.50,-3.00,-52.75
266709.87915992737,2.58,-1.31,9.36,0.06,0.00,-0.06,-9.56,-3.00,-51.88
267026.6408920288,2.58,-1.33,9.33,0.00,0.00,0.00,-8.88,-3.38,-53.88
267343.78004074097,2.56,-1.30,9.35,0.00,0.06,-0.06,-9.25,-3.38,-52.69
267662.73021698,2.57,-1.30,9.35,0.00,-0.06,0.06,-9.25,-3.38,-53.50
267979.88176345825,2.58,-1.31,9.39,-0.13,-0.06,-0.13,-8.88,-3.00,-53.06
268297.3871231079,2.57,-1.30,9.36,-0.06,0.06,0.00,-8.06,-1.88,-53.88
268615.5676841736,2.58,-1.30,9.33,0.06,0.13,0.13,-8.06,-3.00,-53.88
268932.61098861694,2.59,-1.32,9.36,-0.06,0.00,-0.06,-8.88,-3.00,-52.25
269249.3498325348,2.58,-1.33,9.35,0.00,-0.25,0.06,-9.25,-3.00,-53.88
269568.3317184448,2.58,-1.32,9.34,0.00,-0.19,-0.13,-8.06,-3.00,-52.75
269885.0474357605,2.59,-1.30,9.34,-0.06,-0.06,-0.13,-9.25,-3.00,-53.06
270201.75790786743,2.58,-1.32,9.35,0.13,0.13,0.06,-8.06,-2.56,-52.38
270520.41721343994,2.58,-1.31,9.35,0.06,-0.06,0.00,-8.88,-2.56,-52.75
270837.7332687378,2.58,-1.31,9.36,0.06,0.25,-0.06,-8.50,-2.25,-53.50
271154.0992259979,2.58,-1.29,9.36,0.13,0.00,0.00,-8.50,-3.75,-53.06
271473.206281662,2.57,-1.30,9.34,-0.06,-0.19,-0.06,-8.50,-3.00,-51.88
271791.20540618896,2.56,-1.32,9.35,-0.13,0.13,0.00,-9.56,-3.00,-52.75
272109.3554496765,2.58,-1.32,9.37,-0.06,-0.31,0.00,-9.25,-3.00,-55.06
272426.5356063843,2.60,-1.33,9.36,0.06,-0.13,0.06,-8.50,-2.56,-53.06
272745.1865673065,2.57,-1.34,9.39,-0.13,-0.13,0.00,-9.25,-2.56,-53.50
273065.04583358765,2.58,-1.30,9.35,0.00,0.13,-0.06,-8.06,-3.38,-52.75
273384.0081691742,2.60,-1.30,9.35,0.13,-0.13,0.00,-8.50,-3.38,-54.25
273701.57980918884,2.59,-1.31,9.35,0.00,0.13,0.00,-8.06,-4.06,-53.50
274019.1128253937,2.58,-1.30,9.36,0.00,-0.25,0.06,-8.88,-3.75,-53.88
274338.8068675995,2.57,-1.30,9.38,-0.06,-0.25,0.00,-9.25,-3.00,-53.88
274658.99443626404,2.57,-1.30,9.33,-0.19,-0.13,0.13,-9.25,-3.75,-52.75
274978.12819480896,2.59,-1.33,9.35,0.00,-0.25,-0.06,-9.25,-3.38,-53.06
275295.3882217407,2.57,-1.31,9.36,0.06,0.06,-0.06,-8.06,-3.75,-52.25
275613.5399341583,2.57,-1.31,9.35,-0.13,0.19,-0.06,-8.88,-3.38,-53.06
275932.8570365906,2.58,-1.30,9.34,0.00,0.00,0.06,-8.06,-3.00,-53.50
276249.7341632843,2.59,-1.30,9.37,-0.06,-0.19,0.00,-8.50,-3.38,-52.25
276567.0175552368,2.58,-1.31,9.36,0.13,-0.06,0.00,-9.25,-1.88,-53.06
276885.26463508606,2.60,-1.30,9.37,0.06,0.06,0.06,-7.38,-3.00,-52.75
277202.3892402649,2.56,-1.31,9.34,0.00,-0.06,0.00,-10.00,-3.00,-53.06
277519.22941207886,2.58,-1.30,9.35,-0.06,0.00,-0.13,-8.50,-2.56,-53.06
277838.3765220642,2.60,-1.30,9.33,0.00,-0.06,0.00,-8.50,-3.00,-52.75
278156.14652633667,2.56,-1.30,9.38,-0.06,0.06,-0.06,-9.25,-3.75,-53.06
278472.71609306335,2.58,-1.33,9.34,0.06,0.06,0.06,-9.25,-2.25,-53.06
278791.66650772095,2.57,-1.31,9.33,-0.13,0.13,0.06,-8.88,-3.00,-52.25
279108.8526248932,2.58,-1.30,9.36,-0.13,-0.06,-0.13,-8.50,-4.50,-53.50
279427.7935028076,2.57,-1.30,9.37,-0.06,0.13,0.00,-8.50,-2.56,-54.25
279744.99011039734,2.57,-1.30,9.35,-0.06,-0.19,-0.06,-8.50,-3.75,-53.06
280063.26365470886,2.57,-1.33,9.38,0.00,0.06,0.19,-8.88,-2.56,-53.50
280382.8945159912,2.58,-1.32,9.38,0.06,-0.13,0.06,-8.88,-3.38,-52.25
280702.39424705505,2.56,-1.30,9.37,-0.06,0.19,-0.13,-8.50,-3.38,-53.88
281020.44439315796,2.56,-1.33,9.33,0.06,0.00,0.00,-9.56,-1.88,-53.88
281337.71228790283,2.60,-1.30,9.33,0.00,0.06,-0.06,-9.25,-3.00,-53.06
281657.6609611511,2.57,-1.29,9.34,-0.06,0.00,-0.13,-8.88,-3.00,-53.50
281975.96979141235,2.57,-1.33,9.34,0.06,0.00,0.06,-8.88,-3.75,-52.75
282295.8724498749,2.59,-1.29,9.35,0.06,0.00,0.06,-8.50,-3.75,-53.06
282612.62559890747,2.60,-1.31,9.36,0.00,0.00,-0.06,-8.50,-2.56,-53.06
282930.6242465973,2.59,-1.29,9.35,0.06,-0.19,0.13,-9.56,-3.38,-53.06
283250.0915527344,2.59,-1.32,9.36,0.00,-0.13,0.06,-9.56,-3.38,-52.75
283566.44678115845,2.58,-1.33,9.38,0.13,-0.06,0.00,-8.88,-3.38,-52.25
283884.12284851074,2.57,-1.28,9.33,-0.06,-0.13,0.06,-8.06,-2.56,-53.50
284202.34537124634,2.59,-1.30,9.35,0.06,-0.13,0.00,-8.88,-4.50,-53.06
284519.3974971771,2.57,-1.30,9.35,0.06,0.06,0.13,-8.06,-2.56,-53.88
284836.67159080505,2.59,-1.33,9.36,-0.06,-0.06,-0.06,-8.88,-3.00,-53.06
285155.09963035583,2.57,-1.31,9.34,0.00,0.00,0.00,-8.88,-3.38,-53.50
285472.27931022644,2.58,-1.32,9.36,-0.06,-0.06,0.00,-8.50,-2.25,-53.06
285789.22867774963,2.59,-1.29,9.33,-0.13,0.06,-0.06,-9.25,-3.38,-53.06
286108.05082321167,2.57,-1.30,9.33,-0.06,0.06,-0.13,-9.56,-3.00,-53.50
286424.8251914978,2.59,-1.31,9.37,-0.13,-0.06,0.00,-8.88,-3.00,-52.25
286741.9514656067,2.58,-1.30,9.35,-0.06,0.06,-0.06,-10.00,-2.25,-53.50
287059.5688819885,2.57,-1.32,9.36,0.06,0.00,-0.06,-8.06,-3.00,-52.25
287377.72607803345,2.58,-1.34,9.37,0.06,0.00,0.06,-9.25,-1.88,-51.88
287695.0454711914,2.57,-1.32,9.35,-0.13,0.00,-0.06,-9.25,-3.38,-53.06
288013.4778022766,2.58,-1.32,9.36,-0.06,-0.13,-0.06,-8.88,-3.38,-53.06
288331.3477039337,2.58,-1.30,9.34,0.00,0.00,0.00,-8.50,-2.25,-53.50
288650.50983428955,2.58,-1.31,9.32,-0.06,-0.19,0.06,-8.88,-3.38,-54.25
288967.26155281067,2.58,-1.33,9.36,-0.06,-0.06,0.00,-8.06,-3.00,-53.06
289285.89391708374,2.58,-1.33,9.35,-0.06,-0.06,0.06,-8.50,-3.00,-53.06
289605.2031517029,2.57,-1.31,9.35,0.00,0.13,-0.13,-8.88,-2.56,-52.25
289924.8535633087,2.59,-1.30,9.37,0.06,0.19,-0.06,-8.50,-2.25,-54.25
290243.81017684937,2.59,-1.30,9.34,0.00,-0.06,0.06,-8.88,-2.56,-53.06
290560.80532073975,2.57,-1.32,9.35,-0.06,-0.06,-0.13,-8.06,-1.88,-52.25
290879.78410720825,2.59,-1.30,9.36,-0.13,-0.19,-0.06,-8.06,-2.25,-55.06
291200.5443572998,2.57,-1.31,9.37,0.06,0.13,0.00,-9.25,-3.75,-52.75
291518.4223651886,2.58,-1.31,9.36,0.06,-0.06,0.00,-8.50,-2.56,-53.50
291834.9266052246,2.57,-1.32,9.36,0.06,0.06,0.06,-8.88,-1.88,-53.06
292153.0315876007,2.57,-1.31,9.38,-0.06,-0.06,0.06,-9.25,-3.38,-52.75
292472.31674194336,2.60,-1.30,9.37,0.00,0.00,-0.13,-8.88,-3.38,-53.06
292788.9823913574,2.61,-1.31,9.34,-0.06,0.19,0.00,-8.50,-3.38,-53.50
293106.6677570343,2.57,-1.31,9.34,-0.06,0.06,0.06,-9.25,-3.00,-53.50
293425.0831604004,2.59,-1.29,9.34,-0.06,-0.06,0.06,-9.25,-3.75,-52.75
293741.6181564331,2.56,-1.34,9.36,0.00,0.00,-0.13,-8.88,-2.56,-53.50
294058.554649353,2.59,-1.31,9.35,0.00,0.06,0.06,-8.50,-2.56,-53.50
294377.73847579956,2.58,-1.30,9.36,-0.06,-0.06,0.06,-8.88,-2.25,-53.88
294694.8528289795,2.56,-1.31,9.36,0.06,0.00,0.13,-9.56,-3.38,-53.50
295013.0023956299,2.57,-1.30,9.34,0.00,0.00,0.00,-8.88,-3.38,-53.88
295330.15489578247,2.58,-1.31,9.33,0.00,0.06,0.06,-7.75,-3.00,-53.06
295647.3071575165,2.59,-1.30,9.39,-0.06,0.13,0.00,-8.88,-2.56,-53.88
295966.45402908325,2.59,-1.32,9.36,-0.06,-0.06,-0.06,-8.50,-2.25,-52.75
296283.60652923584,2.57,-1.30,9.37,0.13,0.00,-0.06,-9.25,-2.25,-53.06
296601.7565727234,2.56,-1.32,9.37,0.00,0.06,-0.19,-8.50,-3.38,-53.56
296921.90051078796,2.55,-1.32,9.34,0.00,-0.06,0.13,-8.88,-2.56,-52.75
297240.05007743835,2.57,-1.30,9.36,-0.13,0.06,0.00,-8.50,-3.75,-51.88
297557.2021007538,2.58,-1.32,9.37,0.13,-0.19,-0.06,-8.88,-2.56,-54.25
297875.3516674042,2.58,-1.33,9.35,0.13,0.00,0.13,-8.50,-2.25,-53.50
298195.50013542175,2.57,-1.30,9.34,-0.13,0.19,0.13,-8.88,-2.25,-54.69
298514.6429538727,2.58,-1.31,9.36,0.00,0.06,0.13,-8.88,-2.56,-53.06
298835.7849121094,2.57,-1.31,9.35,-0.06,-0.31,0.00,-8.50,-3.38,-53.06
299149.94525909424,2.56,-1.31,9.36,0.19,0.00,0.00,-8.88,-2.56,-53.06
299469.092130661,2.58,-1.29,9.34,-0.06,0.06,0.06,-8.88,-3.00,-52.75
299788.65599632263,2.57,-1.31,9.35,0.00,0.00,0.00,-8.88,-3.38,-52.75
300107.4240207672,2.60,-1.30,9.37,0.00,0.06,0.00,-8.88,-3.38,-53.50
300422.5814342499,2.60,-1.31,9.33,0.00,0.00,-0.13,-8.88,-4.06,-53.06
300741.7278289795,2.57,-1.31,9.35,0.00,0.06,-0.06,-9.25,-2.56,-52.75
301058.88080596924,2.59,-1.32,9.38,0.06,0.13,-0.06,-8.88,-3.75,-53.50
301375.03719329834,2.58,-1.31,9.34,0.00,0.00,0.00,-8.50,-2.56,-52.38
301693.18437576294,2.57,-1.32,9.35,0.13,-0.06,0.00,-9.25,-3.75,-53.06
302011.3341808319,2.57,-1.31,9.35,0.06,-0.06,-0.06,-8.06,-4.50,-52.75
302327.4898529053,2.58,-1.30,9.35,-0.06,0.06,0.06,-8.50,-3.38,-53.50
302646.3305950165,2.58,-1.30,9.35,-0.06,0.00,-0.06,-8.50,-3.00,-52.75
302962.25810050964,2.58,-1.30,9.37,0.00,0.31,0.00,-9.25,-3.00,-53.06
303279.08086776733,2.56,-1.30,9.35,0.00,0.19,0.13,-8.50,-2.56,-53.06
303597.65219688416,2.57,-1.31,9.34,0.00,-0.19,0.13,-8.06,-3.38,-53.88
303914.8037433624,2.59,-1.33,9.38,-0.06,-0.06,0.06,-8.88,-2.56,-52.75
304231.3461303711,2.58,-1.30,9.36,-0.06,0.06,0.06,-8.50,-2.56,-53.88
304550.4937171936,2.56,-1.32,9.35,0.00,-0.31,-0.06,-8.06,-4.06,-53.50
304866.6479587555,2.57,-1.30,9.37,-0.06,0.06,-0.06,-8.88,-3.38,-53.88
305183.8011741638,2.57,-1.32,9.35,0.06,0.00,-0.13,-9.25,-2.25,-52.75
305501.9509792328,2.57,-1.32,9.35,-0.06,0.06,0.06,-8.88,-3.38,-53.50
305820.0993537903,2.59,-1.30,9.37,0.06,-0.19,-0.06,-10.00,-2.25,-52.75
306138.2508277893,2.56,-1.31,9.37,-0.06,0.19,0.00,-8.88,-4.06,-53.50
306455.40142059326,2.59,-1.31,9.36,0.06,0.00,0.00,-8.88,-3.38,-53.88
306772.55368232727,2.58,-1.32,9.36,0.06,0.06,0.06,-8.50,-2.56,-52.25
307090.70467948914,2.58,-1.28,9.36,-0.06,0.06,0.06,-8.88,-3.00,-53.88
307407.8562259674,2.58,-1.31,9.35,0.06,0.00,0.06,-8.88,-4.06,-51.88
307726.00650787354,2.56,-1.31,9.36,-0.13,0.13,0.06,-8.88,-3.75,-52.00
308045.15266418457,2.59,-1.30,9.34,0.00,0.00,0.06,-8.06,-2.56,-54.25
308362.3056411743,2.58,-1.31,9.35,-0.06,0.06,0.06,-8.06,-2.25,-52.38
308680.3071498871,2.55,-1.31,9.35,-0.06,-0.06,0.00,-9.25,-2.56,-53.06
308999.25661087036,2.58,-1.31,9.37,0.00,-0.13,0.00,-8.50,-2.25,-53.50
309319.4580078125,2.59,-1.32,9.36,0.00,0.00,0.13,-8.50,-3.38,-53.88
309637.5150680542,2.57,-1.30,9.38,0.13,0.00,-0.06,-8.88,-2.56,-52.75
309954.7746181488,2.58,-1.29,9.34,0.06,0.06,0.19,-8.06,-3.00,-52.25
310273.4491825104,2.59,-1.31,9.34,-0.19,0.19,-0.06,-8.88,-2.56,-53.06
310591.8004512787,2.55,-1.30,9.36,0.06,0.00,0.13,-9.25,-2.56,-52.75
310910.9456539154,2.56,-1.31,9.36,-0.06,-0.06,0.00,-8.50,-3.75,-52.38
311228.2567024231,2.59,-1.30,9.36,0.00,0.00,0.06,-8.50,-3.75,-53.50
311546.27776145935,2.60,-1.31,9.38,-0.13,0.00,0.19,-9.25,-3.38,-53.06
311865.4251098633,2.57,-1.30,9.34,-0.06,0.00,0.00,-8.88,-2.56,-53.50
312182.57761001587,2.58,-1.31,9.37,0.06,-0.13,0.13,-9.25,-3.00,-53.06
312503.7190914154,2.57,-1.32,9.36,-0.13,-0.13,0.06,-9.25,-2.56,-52.75
312817.7924156189,2.56,-1.31,9.33,0.00,-0.13,0.00,-8.06,-3.00,-52.75
313134.9139213562,2.56,-1.29,9.38,0.19,0.13,0.00,-9.56,-2.25,-53.56
313452.43787765503,2.58,-1.30,9.35,-0.06,0.06,-0.06,-8.50,-1.88,-53.56
313770.5891132355,2.58,-1.32,9.32,-0.13,0.06,-0.06,-8.50,-3.00,-53.88
314087.5165462494,2.57,-1.30,9.37,-0.06,0.00,-0.06,-8.88,-1.88,-53.06
314404.39558029175,2.60,-1.31,9.35,0.06,-0.25,0.13,-9.25,-3.75,-53.19
314722.6195335388,2.60,-1.32,9.34,0.00,0.13,-0.06,-9.25,-3.00,-53.19
315040.24291038513,2.56,-1.30,9.35,0.06,0.06,0.00,-9.25,-3.38,-53.06
315357.59472846985,2.57,-1.31,9.34,-0.13,0.00,0.06,-8.88,-3.00,-53.56
315675.74429512024,2.57,-1.31,9.33,0.06,-0.13,-0.06,-8.50,-2.56,-52.75
315991.8987751007,2.59,-1.31,9.33,0.06,0.19,0.06,-8.88,-4.06,-53.06
316309.50927734375,2.58,-1.31,9.33,0.13,0.00,0.00,-8.50,-2.25,-53.06
316627.54225730896,2.58,-1.30,9.34,-0.13,0.13,0.00,-8.50,-4.06,-52.38
316945.2793598175,2.57,-1.29,9.37,-0.06,0.00,-0.06,-8.50,-3.75,-52.38
317262.7806663513,2.57,-1.30,9.35,0.00,0.06,0.06,-8.88,-2.56,-52.75
317580.92999458313,2.56,-1.30,9.36,-0.06,0.25,-0.06,-8.88,-2.56,-52.38
317899.07932281494,2.59,-1.32,9.38,0.00,0.06,0.19,-8.88,-3.75,-54.25
318217.2315120697,2.59,-1.31,9.33,0.00,-0.13,0.13,-10.00,-2.56,-52.38
318534.38091278076,2.57,-1.29,9.34,0.13,0.00,0.13,-8.88,-3.38,-53.06
318851.850271225,2.56,-1.28,9.36,0.06,0.13,0.00,-8.50,-3.38,-53.06
319171.8940734863,2.57,-1.31,9.36,0.00,0.06,-0.06,-8.50,-2.56,-53.06
319490.6840324402,2.58,-1.30,9.35,0.06,0.00,-0.06,-8.88,-2.56,-51.56
319807.83796310425,2.57,-1.33,9.37,-0.06,-0.13,0.06,-8.88,-3.38,-53.56
320126.1737346649,2.57,-1.32,9.37,0.06,0.00,-0.06,-8.88,-3.75,-52.00
320445.06216049194,2.58,-1.31,9.40,0.06,-0.06,0.00,-8.88,-3.38,-53.06
320764.99032974243,2.58,-1.31,9.37,-0.19,0.13,0.00,-8.88,-3.38,-52.75
321083.0488204956,2.58,-1.32,9.34,-0.06,0.06,0.06,-8.88,-3.00,-53.06
321399.8091220856,2.58,-1.31,9.36,0.00,0.19,0.13,-8.06,-3.38,-53.06
321718.62721443176,2.57,-1.31,9.32,0.00,-0.19,0.06,-8.88,-2.25,-52.75
322038.37156295776,2.57,-1.31,9.36,0.00,-0.25,0.00,-8.88,-3.75,-53.06
322354.7694683075,2.57,-1.31,9.38,-0.06,0.00,0.00,-8.50,-2.56,-55.06
322671.5521812439,2.59,-1.32,9.35,0.19,0.19,0.00,-8.06,-3.75,-52.38
322990.96488952637,2.57,-1.32,9.34,0.13,0.19,-0.06,-8.50,-3.75,-53.88
323307.9490661621,2.57,-1.32,9.35,-0.06,-0.13,0.06,-9.25,-3.38,-53.88
323624.6838569641,2.58,-1.30,9.35,0.00,0.19,0.00,-9.25,-4.06,-53.88
323942.8288936615,2.57,-1.31,9.33,0.06,0.00,0.00,-8.88,-3.75,-52.75
324260.12444496155,2.58,-1.30,9.35,-0.06,0.06,-0.06,-8.88,-2.56,-53.56
324577.2762298584,2.58,-1.29,9.37,0.00,-0.06,0.00,-8.88,-3.75,-52.75
324895.4269886017,2.59,-1.31,9.36,-0.13,0.19,0.00,-9.25,-3.38,-52.38
325212.5782966614,2.58,-1.30,9.35,0.00,-0.06,0.00,-9.25,-4.06,-53.06
325529.73103523254,2.57,-1.30,9.36,0.13,-0.06,0.00,-8.88,-2.56,-52.75
325847.8813171387,2.57,-1.33,9.35,0.00,0.06,-0.06,-8.50,-2.56,-53.56
326166.02993011475,2.58,-1.32,9.38,-0.06,-0.19,0.00,-9.25,-3.38,-53.88
326482.18536376953,2.58,-1.32,9.37,0.13,0.00,-0.06,-8.88,-3.75,-52.38
326801.33271217346,2.59,-1.32,9.35,-0.06,-0.06,0.00,-9.25,-4.06,-52.75
327117.48695373535,2.59,-1.31,9.37,0.06,-0.13,0.00,-8.88,-2.56,-52.75
327434.64040756226,2.57,-1.32,9.35,0.00,-0.13,-0.06,-9.25,-3.75,-53.56
327753.7865638733,2.57,-1.32,9.36,-0.06,-0.06,-0.06,-8.88,-2.56,-52.75
328071.9368457794,2.57,-1.29,9.35,0.00,0.19,-0.06,-8.06,-3.38,-52.75
