t,Ax,Ay,Az,wx,wy,wz,Bx,By,Bz,qw,qx,qy,qz,
0.886296034,-1.13,0.75,9.65,-13.5,-4.06,19.38,4.38,12.88,-46.69,-1,-0.05,-0.05,0.04,
1.210865498,-0.33,0.67,9.51,7.75,-4.38,21.19,2.88,13.56,-47.06,-1,-0.05,-0.02,-0.02,
1.538086176,-0.83,1.46,9.51,11.5,22.88,17.31,6.25,10.69,-47.5,-0.99,-0.08,-0.06,-0.07,
1.864873171,-1.24,1.9,9.09,-1.56,-6.19,22,11.06,8.06,-45.88,-0.98,-0.09,-0.08,-0.12,
2.189487934,-0.38,1.38,9.5,-16.44,-2.25,21.25,9.25,9.56,-48.25,-0.98,-0.07,-0.04,-0.18,
2.514919281,-0.96,0.68,9.68,-7.13,14.31,18.69,12.56,11.06,-45.06,-0.97,-0.03,-0.06,-0.24,
2.844661474,-0.77,0.78,9.38,12.69,-11,22.94,15.25,9.19,-44.75,-0.95,-0.04,-0.06,-0.29,
3.167615175,-0.4,1.88,9.39,6.13,16.13,18.31,14.5,5.06,-45.5,-0.93,-0.08,-0.06,-0.35,
3.491834164,-1.46,1.56,9.34,-8.56,8.44,17.69,20.75,3.25,-42.69,-0.91,-0.05,-0.11,-0.39,
3.818676233,-0.52,1.09,9.4,-8.06,-22.81,23.44,18.19,2.88,-44.25,-0.89,-0.05,-0.05,-0.45,
4.143893242,-0.38,0.91,9.61,-2.38,23.06,16.88,17.06,2.88,-44.75,-0.87,-0.04,-0.04,-0.5,
4.468550682,-1.33,1.11,9.49,6.94,6.13,18.38,22.75,0.56,-42.38,-0.83,-0.01,-0.1,-0.54,
4.796935797,-0.5,1.53,9.24,5.56,-11.13,20.38,21.56,-3.06,-44.75,-0.8,-0.05,-0.08,-0.6,
5.121443272,-0.82,1.56,9.44,-7.38,17.75,12.88,20.75,-5.25,-43.06,-0.76,-0.04,-0.09,-0.64,
5.448005915,-1.08,1.15,9.53,-6.44,-14.19,17.44,24.06,-5.25,-42.38,-0.73,-0.02,-0.08,-0.68,
5.77285552,-0.2,0.95,9.37,-1.69,10,14.88,20.19,-6.06,-44.38,-0.7,-0.03,-0.06,-0.71,
6.098522425,-1.3,1.08,9.5,8,11.75,14.94,24.56,-8.56,-42,-0.66,0.01,-0.1,-0.75,
6.42800355,-0.69,1.64,9.43,4.38,-10.06,19.94,23.06,-12.56,-41.25,-0.61,-0.02,-0.1,-0.78,
6.751328468,-0.71,1.64,9.15,-8.88,4.25,17.38,19.38,-15.25,-41.25,-0.57,-0.03,-0.09,-0.82,
7.075790167,-0.79,0.9,9.73,-10.44,9.69,18.19,20.88,-14.88,-42.88,-0.53,0.01,-0.07,-0.85,
7.400553942,-0.95,0.83,9.5,3.44,0.69,21.81,20.5,-16,-42.5,-0.48,0.02,-0.07,-0.88,
7.725807428,-0.5,1.22,9.24,9.63,-0.69,23.81,17.88,-19.38,-42.75,-0.42,0,-0.08,-0.9,
8.052497149,-0.95,1.79,9.48,-1.13,11.94,21.88,16.5,-23,-39.56,-0.36,0.01,-0.11,-0.93,
8.378368855,-0.9,1.42,9.37,-11.94,-2.19,25.88,15,-24.19,-40.75,-0.29,0.02,-0.09,-0.95,
8.703845978,-0.5,0.84,9.51,-8.81,5.44,25.63,10.5,-22.69,-43.06,-0.2,0.02,-0.06,-0.98,
9.028009176,-1.01,0.72,9.43,9.13,4.94,27.44,8.69,-23.06,-43.06,-0.13,0.05,-0.06,-0.99,
9.354127169,-0.61,1.74,9.3,8.19,1.5,28.25,6,-27.19,-41.19,-0.04,0.03,-0.09,-0.99,
9.679472446,-0.89,1.73,9.56,-11.38,14.19,24.63,3,-28,-41.19,0.04,0.05,-0.09,-0.99,
10.00626802,-1.01,0.97,9.39,-11.63,-6.56,27.69,0.5,-25,-43.5,0.11,0.06,-0.06,-0.99,
10.33072448,-0.46,0.71,9.44,0.56,2.56,27.44,-4.06,-23.19,-44.25,0.19,0.04,-0.04,-0.98,
10.65747619,-0.87,1.18,9.51,9.81,13,27.06,-6.69,-23.06,-43.56,0.27,0.07,-0.05,-0.96,
10.98148108,-0.9,1.79,9.37,1.75,1.06,28.13,-6.56,-23.88,-42.38,0.34,0.08,-0.07,-0.93,
11.3085742,-0.73,1.56,9.48,-13.75,6.88,25.56,-10.38,-21.75,-43.06,0.41,0.08,-0.06,-0.91,
11.63412499,-1,0.73,9.38,-8.69,-2,27.25,-11.06,-16.5,-45.5,0.48,0.07,-0.02,-0.88,
11.96589184,-0.4,0.9,9.59,6.75,0.56,27.69,-16,-14.25,-45.5,0.54,0.05,-0.03,-0.84,
12.28565717,-0.91,1.45,9.36,6.19,21.94,24.63,-14.88,-14.25,-44.69,0.6,0.09,-0.03,-0.79,
12.61217499,-1.09,1.71,9.42,-1.75,-7,29.44,-14.75,-12.5,-45.88,0.66,0.11,-0.03,-0.74,
12.93710113,-0.56,1.42,9.38,-11.44,1.06,27.25,-16.56,-9.5,-44.56,0.72,0.08,-0.04,-0.69,
13.26257467,-0.83,0.84,9.4,-8.31,12.69,25.19,-17,-2.75,-45.38,0.77,0.07,0,-0.64,
13.58852983,-0.81,0.88,9.58,4.06,-4.69,28.38,-15.5,-0.19,-46.19,0.81,0.07,0.01,-0.58,
13.91359687,-0.54,1.33,9.57,9.56,10.81,26.63,-15.88,0.19,-47,0.85,0.09,-0.01,-0.52,
14.23858118,-1.23,1.78,9.17,-1.19,10.75,26.31,-11.75,0.19,-46.19,0.88,0.12,0.01,-0.45,
14.56527972,-0.7,1.52,9.43,-14.44,-14.81,30.13,-11,4.25,-47.5,0.92,0.09,0,-0.38,
14.89003229,-0.5,0.68,9.52,-11.69,20.88,25.13,-12.06,9.06,-45.5,0.95,0.05,0.01,-0.31,
15.21601176,-1.21,0.64,9.56,10.44,-1.25,29.06,-4.25,11.69,-48.25,0.97,0.06,0.05,-0.24,
15.54067612,-0.4,1.68,9.41,12.94,-4.5,28.75,-5.06,9.5,-47.88,0.98,0.1,0.01,-0.16,
15.86692095,-0.91,1.87,9.24,-8.75,20.88,22.38,-1.75,8.38,-48.69,0.99,0.11,0.04,-0.09,
16.19223356,-1.1,1.27,9.39,-16.38,-4.19,26.63,2.69,11.25,-46.69,1,0.07,0.06,-0.02,
16.52045345,-0.47,0.54,9.53,-5.56,-2.81,26.88,3.75,14.38,-45.75,1,0.04,0.03,0.06,
16.84260607,-0.76,0.89,9.65,14.69,11.06,26.44,5.69,14,-45,0.99,0.05,0.05,0.13,
17.16884804,-0.86,1.91,9.23,8.31,6.75,26.44,11.56,8.5,-46.56,0.97,0.09,0.07,0.2,
17.49349618,-0.95,1.84,9.24,-14,5.38,25.06,14.19,6.56,-47.38,0.96,0.08,0.08,0.27,
17.82116103,-0.79,0.84,9.51,-16,-3.19,25.88,16.06,8.75,-45.38,0.94,0.04,0.06,0.34,
18.14422441,-0.61,0.66,9.67,2.19,2.56,26.31,16.38,8.56,-45.75,0.91,0.02,0.05,0.41,
18.47091436,-0.84,1.11,9.5,13.38,10.63,25.81,19,4.5,-44.19,0.88,0.04,0.08,0.47,
18.79589939,-0.81,1.92,9.15,3.13,3.5,26.06,21.69,-0.75,-45.38,0.84,0.06,0.1,0.53,
19.12203312,-0.9,1.51,9.38,-13.75,8.31,23.94,22.38,-3.25,-44.19,0.8,0.04,0.1,0.59,
19.44678164,-0.82,0.97,9.63,-11.88,-9.88,26.75,23.06,-3,-44.56,0.76,0.02,0.07,0.65,
19.77322793,-0.42,0.66,9.52,1.81,10.38,25.25,20.5,-5.19,-46.19,0.71,0.01,0.05,0.7,
20.10219526,-1.02,1.17,9.4,11.88,12.19,25.94,22.38,-9,-42.69,0.66,0,0.09,0.75,
20.42416143,-0.95,1.85,9.31,3.69,-4.44,27.56,22.75,-16,-42.19,0.6,0.02,0.11,0.79,
20.74871659,-0.61,1.6,9.32,-13.88,3.81,25.25,19.38,-17.5,-42.25,0.54,0.02,0.09,0.83,
21.07626414,-0.92,0.84,9.62,-13.5,12.81,23.69,18.25,-16.69,-43,0.48,-0.02,0.07,0.87,
21.40111089,-0.79,0.71,9.5,4.5,-11.5,27.75,17.5,-17.06,-43.5,0.42,-0.02,0.06,0.91,
21.72848797,-0.42,1.2,9.37,11.5,14.56,25,13.5,-21.25,-43,0.34,0,0.08,0.94,
22.05431223,-1.26,1.8,9.3,5.19,7,25.88,14.19,-25.25,-40.25,0.26,-0.03,0.12,0.96,
22.37903094,-0.63,1.82,9.4,-16.5,-3.81,26.56,10.06,-26.06,-39.75,0.17,-0.02,0.1,0.98,
22.7040236,-0.88,0.63,9.5,-16.06,9.75,24.25,6.75,-23.06,-44.19,0.1,-0.04,0.05,0.99,
23.03030849,-0.66,0.37,9.58,9.13,-3.69,27.19,3.75,-22.06,-43.38,0.01,-0.04,0.04,1,
23.35519004,-0.77,1.7,9.27,14.69,11,25.63,1.19,-25,-42.06,-0.06,-0.05,0.08,0.99,
23.68146443,-1.03,1.91,9.44,-2.56,4.06,26.56,-0.25,-28,-41.75,-0.14,-0.07,0.1,0.98,
24.0070827,-0.75,1.28,9.19,-17.38,1.63,25,-4.06,-25.69,-42.19,-0.21,-0.06,0.07,0.97,
24.33420897,-0.79,0.84,9.68,-11.56,10.81,23.63,-5.56,-19.75,-44.5,-0.28,-0.06,0.03,0.96,
24.65929294,-0.82,0.8,9.63,11.19,-14.69,27.44,-8.56,-18.69,-45.69,-0.35,-0.06,0.03,0.94,
24.98634505,-0.23,1.63,9.43,10,21.88,21.81,-12.19,-20.69,-42.88,-0.41,-0.06,0.07,0.91,
25.31130528,-1.41,1.86,9.26,-4.5,12.5,22.25,-9.25,-19.75,-44.5,-0.47,-0.12,0.05,0.87,
25.63822675,-0.73,1.49,9.61,-12.25,-28.31,29.56,-12.19,-16.75,-44.5,-0.53,-0.07,0.05,0.84,
25.96451449,0,0.79,9.36,-10.81,27.88,22.94,-18.19,-12,-44.06,-0.59,-0.04,0.03,0.8,
26.2891686,-1.61,0.67,9.62,9.06,0.63,27,-11.38,-9.06,-47.25,-0.64,-0.09,-0.01,0.76,
26.61626315,-0.11,1.6,9.32,11.81,-18.06,28.5,-15.88,-9.69,-46.5,-0.69,-0.07,0.06,0.72,
26.940979,-0.68,1.73,9.48,-8.06,40.94,16.94,-15.88,-8.69,-46.5,-0.73,-0.1,0.03,0.67,
27.2670393,-1.57,1.36,9.17,-7.94,-23.13,28.19,-10.56,-4.88,-48.06,-0.77,-0.11,-0.01,0.63,
27.59222245,0.16,1.02,9.47,-7.75,2.94,24.06,-18.75,-0.5,-46.19,-0.81,-0.05,0.04,0.58,
27.91675758,-1.2,0.73,9.82,3.63,30.56,20.5,-14.38,2.38,-47.69,-0.84,-0.08,-0.03,0.53,
28.2438488,-1.07,1.49,9.26,12.56,-23.25,28.31,-10.25,0.88,-47.75,-0.87,-0.1,-0.01,0.48,
28.56862044,-0.08,1.84,9.29,-6.81,14.06,19.13,-14.75,1.69,-47,-0.9,-0.1,0.03,0.43,
28.895123,-1.45,1.23,9.26,-12.25,16.13,17.5,-7.69,6.06,-47,-0.92,-0.09,-0.04,0.38,
29.21978378,-0.56,0.85,9.62,-2.75,-25.38,23.88,-8.06,9.5,-47,-0.94,-0.06,-0.02,0.33,
29.54554296,-0.19,1.08,9.61,6.25,22.31,19.06,-9.56,9.88,-46.19,-0.96,-0.07,0,0.27,
29.87028146,-1.53,1.39,9.18,6.19,11,19.88,-2.88,9.88,-48.25,-0.97,-0.1,-0.06,0.22,
30.19684029,-0.64,1.84,9.48,-5.25,-21,26.31,-2.06,8.38,-46.69,-0.98,-0.1,-0.01,0.16,
30.52279258,-0.46,1.04,9.52,-15.94,28.13,16.13,-3.56,11.25,-46.69,-0.99,-0.07,-0.02,0.1,
30.84850001,-1.47,0.55,9.38,1.75,-8.63,19.38,4.5,14.69,-45,-1,-0.05,-0.07,0.05,
31.17603374,-0.05,1.31,9.73,12.13,-11,19,2,12.38,-46,-1,-0.07,-0.01,0,
31.49954104,-0.96,1.62,9.09,0.5,36.44,9.44,5.25,9.88,-46.69,-0.99,-0.09,-0.06,-0.04,
31.82581377,-1.29,1.58,9.37,-7.63,-27.88,19.31,10.06,10.19,-45.88,-0.99,-0.08,-0.07,-0.08,
32.15556979,0.09,1,9.44,-7,10.69,13.69,5.25,11.25,-46.56,-0.99,-0.06,-0.01,-0.13,
32.47560406,-1.57,0.76,9.7,1.69,12.38,11.06,11.56,12.06,-45.38,-0.98,-0.04,-0.08,-0.17,
32.80164027,-0.4,1.34,9.33,7.75,-19.06,15.44,10.88,9.56,-45.06,-0.98,-0.07,-0.04,-0.21,
33.13053107,-0.77,1.35,9.6,-2.19,25.69,5.5,10.88,8.75,-44.19,-0.97,-0.07,-0.06,-0.24,
33.453794,-1.64,1.32,9.27,-5,-18.06,11.94,16.38,9.19,-43.88,-0.96,-0.05,-0.09,-0.27,
33.77871847,0.25,1.13,9.45,-1.13,-5.06,9.56,10.88,8.75,-46.25,-0.95,-0.06,-0.01,-0.3,
34.10548282,-1.26,0.91,9.71,-0.31,29.88,3.19,16.06,8.75,-44.25,-0.94,-0.04,-0.08,-0.32,
34.43008685,-0.96,1.41,9.47,5.94,-30.31,12.88,17.5,7,-45.06,-0.94,-0.05,-0.07,-0.34,
34.7557075,-0.15,1.37,9.36,-3.5,18.75,3.5,13.5,5.5,-45.06,-0.93,-0.07,-0.04,-0.36,
35.08061147,-1.51,1.24,9.47,-2.31,-1.56,8.19,18.69,6.19,-43.56,-0.92,-0.04,-0.09,-0.38,
35.40696168,-0.2,1.21,9.33,-0.31,-6.81,9,15.69,5.75,-44.69,-0.91,-0.05,-0.05,-0.41,
35.73212504,-0.84,1.36,9.56,-2.06,19.81,6.56,17.19,5.75,-44.69,-0.9,-0.04,-0.07,-0.43,
36.05790353,-1.12,1.08,9.35,0.5,-16.19,12.38,20.5,4.69,-43.06,-0.89,-0.03,-0.08,-0.45,
36.38310957,-0.4,1.29,9.62,0.38,2.25,11.06,17.5,3.25,-45.5,-0.87,-0.05,-0.05,-0.48,
36.70896292,-1.03,1.24,9.17,-0.94,7.69,11.13,19,2.06,-43.88,-0.86,-0.04,-0.08,-0.51,
37.03486729,-0.84,1.33,9.71,-0.75,2.69,11.44,21.38,0.56,-42.69,-0.84,-0.03,-0.08,-0.54,
37.36117554,-0.49,1.19,9.1,-0.81,-2.94,14.31,20.56,-0.5,-41.56,-0.82,-0.04,-0.07,-0.57,
37.68559027,-1.15,1.34,9.75,-2.13,5.25,12.75,21.69,-1.56,-41.56,-0.8,-0.03,-0.08,-0.6,
38.01275706,-0.72,1.17,9.34,0.25,-3.31,13.63,20.88,-3.06,-42.25,-0.77,-0.03,-0.07,-0.63,
38.33798051,-0.67,1.17,9.39,-0.06,10.5,12.5,20.19,-4.88,-42.69,-0.75,-0.03,-0.08,-0.66,
38.66399336,-1.1,1.37,9.53,1.38,-0.31,13.69,22.5,-5.69,-40.38,-0.72,-0.02,-0.09,-0.68,
38.98909402,-0.51,1.28,9.23,-2.44,-1.19,14.63,20.25,-7.19,-41.06,-0.7,-0.03,-0.08,-0.71,
39.31518006,-1.08,1.35,9.65,-5.19,2.56,12.31,20.88,-7.88,-40,-0.67,-0.01,-0.08,-0.74,
39.64028931,-0.69,1.04,9.31,2.19,-8.38,12.13,20.25,-9.06,-40,-0.65,-0.02,-0.07,-0.76,
39.96718287,-0.94,1.43,9.85,1.13,16.88,4.69,19.06,-10.56,-38.38,-0.63,-0.01,-0.09,-0.77,
40.29131603,-0.97,1.26,9.39,1.94,-3.38,6.63,18.75,-11,-37.56,-0.61,0,-0.09,-0.78,
40.61844373,-0.4,1.36,9.18,-0.13,-3.06,4.19,16.88,-12.5,-37.56,-0.6,-0.03,-0.08,-0.79,
40.94357181,-0.87,1.27,9.32,-4.81,10.13,-2.94,16.06,-11.69,-36.75,-0.6,0,-0.08,-0.8,
41.26973271,-1.04,1.12,9.5,-1.56,-16.25,0.56,16.88,-9.5,-35.88,-0.61,0,-0.08,-0.79,
41.59421539,-0.04,1.22,9.79,2.63,8.19,-6.94,12.06,-9.75,-36.5,-0.6,-0.02,-0.06,-0.8,
41.92095876,-1.17,1.05,10.87,10.5,36.56,38,15.75,-10.19,-33.56,-0.58,0.02,-0.1,-0.81,
42.24709153,-0.73,1.79,9.6,-3.25,-28.5,43.94,14.69,-13.19,-33.25,-0.48,-0.01,-0.11,-0.87,
42.57221746,-0.07,1.19,9.17,-16.81,25,31,8.38,-15.06,-34.06,-0.37,-0.02,-0.07,-0.93,
42.89837861,-1.76,0.74,9.8,-5.38,23.25,29.56,12.06,-14.06,-34,-0.28,0.08,-0.07,-0.95,
43.22419429,-0.2,0.98,9.42,9.31,-48.5,19.94,7.19,-16.56,-34.75,-0.21,0,-0.07,-0.98,
43.54943871,0.28,1.59,9.34,7.5,44.19,-0.94,2,-18.5,-33.5,-0.18,-0.02,-0.08,-0.98,
43.87489843,-2.34,1.66,8.71,3.63,2.75,-6.75,12.69,-18.5,-31.56,-0.19,0.1,-0.12,-0.97,
44.19999599,0.02,1.72,9.81,-4.88,-51.63,3.94,7.5,-19.25,-32,-0.19,-0.02,-0.1,-0.98,
44.52620006,-0.18,1.25,9.35,-18.63,54.19,-14.13,5.69,-17,-34.38,-0.21,0.01,-0.07,-0.98,
44.85127163,-1.8,0.23,9.46,4.56,-26.25,-3.31,12.38,-14.06,-34,-0.23,0.08,-0.05,-0.97,
45.17742109,0.39,1.3,9.22,15.94,-19.31,-3.69,5.25,-15.88,-34.69,-0.23,-0.03,-0.06,-0.97,
45.50273085,-1.03,1.55,9.34,2.5,46.69,-14.81,7.5,-17.38,-32.38,-0.26,0.03,-0.1,-0.96,
45.82989383,-1.46,1.23,9.44,-14.69,-38.94,-5.38,11.56,-14.38,-32,-0.28,0.05,-0.08,-0.96,
46.1541698,0.44,0.57,9.53,-3.44,0.44,-7.31,5.75,-12.88,-35,-0.3,-0.03,-0.03,-0.95,
46.48097014,-1.41,0.71,9.27,11.06,26.94,-8.5,11.25,-12.19,-33.06,-0.32,0.05,-0.06,-0.94,
46.80612659,-0.89,1.74,9.39,15.69,-33.06,-0.25,11.69,-14.06,-32.25,-0.33,0.01,-0.09,-0.94,
47.13219047,-0.21,1.89,9.47,-7.25,22.31,-10.63,8.69,-15.19,-32.56,-0.35,-0.02,-0.1,-0.93,
47.4575026,-1.58,1.07,9.44,-12.06,-6.38,-6.44,13.19,-13.25,-32.19,-0.37,0.04,-0.08,-0.92,
47.78349853,-0.04,0.85,9.25,-2.19,-16.56,-3.63,9.69,-11.75,-33.19,-0.39,-0.01,-0.04,-0.92,
48.10858107,-0.97,0.76,9.87,5.81,24.81,-9.19,11.19,-11.06,-33.56,-0.4,0.02,-0.06,-0.91,
48.43470645,-0.95,1.49,9.1,13.13,-13.31,-3.06,13.06,-12.56,-32.5,-0.42,0.01,-0.09,-0.9,
48.75987315,-0.56,1.83,9.54,-0.06,2.44,-6.06,11.19,-13.69,-33.69,-0.43,-0.01,-0.1,-0.9,
49.0861609,-1.07,1.31,9.21,-11.31,5.13,-7.5,13.5,-12.56,-32.88,-0.45,0.02,-0.09,-0.89,
49.41171885,-0.59,0.72,9.53,-5.31,-18.19,-2.63,12.69,-11,-34.06,-0.46,0.01,-0.05,-0.88,
49.73617673,-0.59,0.96,9.64,7.44,13.38,-6.75,12.69,-9.5,-34.06,-0.48,0,-0.06,-0.88,
50.06240535,-1.42,1.39,9.48,11.38,5.25,-4,15,-11.38,-33.19,-0.49,0.03,-0.1,-0.87,
50.38849568,-0.48,1.8,9.15,1.5,-22.81,-1.19,13.5,-13.19,-32.88,-0.5,-0.03,-0.09,-0.86,
50.714221,-0.66,1.5,9.29,-13.63,24.06,-10.5,12,-12.06,-34.38,-0.51,-0.01,-0.08,-0.86,
51.0403738,-1.26,0.61,9.78,-4.19,-14.44,-5.69,16.75,-8.38,-34.06,-0.53,0.03,-0.07,-0.85,
51.36524129,-0.16,0.91,9.25,9.38,-10,-5.56,13.06,-8.5,-36.38,-0.54,-0.02,-0.05,-0.84,
51.69137001,-1.07,1.55,9.74,9.25,26.69,-10.94,14.56,-10.25,-34.88,-0.56,0,-0.09,-0.82,
52.01749825,-1.18,1.75,9.01,0.88,-24.56,-0.81,17.19,-11.06,-33.69,-0.57,0,-0.11,-0.81,
52.34362745,-0.14,1.46,9.45,-10.31,-1.88,-6.44,13.5,-10.25,-36.06,-0.58,-0.04,-0.06,-0.81,
52.66875601,-1.06,0.78,9.58,-9.06,25.31,-11.19,16.06,-7.75,-35.56,-0.6,0.02,-0.07,-0.79,
52.99429107,-1.15,0.79,9.68,11.38,-31.19,-1.44,18.56,-5.5,-34.06,-0.62,0.01,-0.07,-0.78,
53.31911898,0.11,1.54,9.21,10.5,5.5,-8.25,12.56,-8.5,-36.75,-0.63,-0.05,-0.06,-0.77,
53.64514589,-1.72,1.62,9.23,-3.56,22.19,-11.31,18.56,-8.88,-34.38,-0.65,0,-0.11,-0.75,
53.97036982,-0.62,1.37,9.58,-4,-41.25,-0.81,18.56,-7,-36,-0.66,-0.02,-0.07,-0.75,
54.29748154,-0.03,1.09,9.39,-7.44,26.69,-10.19,14,-6.56,-36.69,-0.67,-0.03,-0.04,-0.74,
54.62153506,-1.72,0.73,9.65,4.94,-2.44,-6.19,20,-4.38,-35.06,-0.69,0.03,-0.09,-0.72,
54.94866061,-0.15,1.41,9.27,11.44,-27.56,-2.94,15.5,-5.56,-37.06,-0.7,-0.05,-0.05,-0.71,
55.27315855,-0.6,1.66,9.38,-2.94,33.75,-13.75,15.25,-6.25,-38.56,-0.71,-0.04,-0.08,-0.7,
55.59892249,-1.61,1.25,9.36,-5.44,-16.25,-5.31,20.25,-4,-36.25,-0.73,0.01,-0.1,-0.67,
55.92504954,-0.06,1.08,9.56,-0.94,-15.44,-5.06,16.19,-2.88,-37.88,-0.74,-0.04,-0.04,-0.67,
56.25117683,-0.89,1.05,9.45,2,20.44,-9.94,17.69,-1.19,-37,-0.76,-0.02,-0.06,-0.65,
56.57631063,-1.2,1.29,9.42,6.13,-11.25,-4.31,19.19,-1.5,-35.75,-0.77,-0.02,-0.08,-0.63,
56.90167904,-0.29,1.42,9.5,1.5,-3.13,-5.88,17.25,-1.38,-38.56,-0.78,-0.05,-0.06,-0.62,
57.22690248,-1.07,1.46,9.42,-4.81,13.88,-9.44,18.06,-1.75,-38.88,-0.79,-0.02,-0.08,-0.6,
57.55269694,-0.99,0.97,9.46,-2.44,-19.81,-3.19,19.19,0.38,-37.69,-0.8,-0.02,-0.07,-0.59,
57.87783074,-0.14,1.25,9.4,3.13,0.69,-5.81,15.88,0.38,-40.06,-0.81,-0.04,-0.04,-0.58,
58.20431042,-1.1,1.13,9.4,4.06,16.63,-7.94,18.75,0.75,-38.38,-0.82,-0.02,-0.08,-0.56,
58.52926588,-0.97,1.66,9.74,0.38,-16.19,-1.69,19.56,0,-38.19,-0.83,-0.03,-0.09,-0.55,
58.85521412,-0.31,1.15,9.36,-2.19,-3.75,-4.94,14.75,1.06,-40.19,-0.84,-0.05,-0.05,-0.54,
59.18064713,-1.1,1.12,9.44,-3.13,13,-6.25,17,2.19,-38.19,-0.84,-0.03,-0.07,-0.53,
59.50713253,-0.76,1.2,9.44,2.81,-14.13,-2.44,17,3,-39.75,-0.85,-0.03,-0.06,-0.52,
59.83160472,-0.54,1.26,9.47,2.38,9.88,-6.06,15.5,2.56,-40.19,-0.86,-0.04,-0.06,-0.51,
60.15836763,-1.23,1.45,9.59,-0.25,0.19,-4.13,18.5,2.56,-39,-0.86,-0.03,-0.09,-0.5,
60.48350286,-0.8,1.03,9.29,-1.06,-18.81,-2,17,3.25,-40.19,-0.87,-0.04,-0.06,-0.49,
60.8099885,-0.24,1.36,9.35,0.06,14.88,-5.13,13.88,3.25,-40.88,-0.87,-0.05,-0.05,-0.48,
61.13513803,-1.38,1.19,9.52,-0.13,8.81,-5.5,18.69,4.75,-40.06,-0.88,-0.02,-0.09,-0.47,
61.4612484,-0.75,1.32,9.46,0.94,-23.38,0.75,16.88,4.06,-40.06,-0.88,-0.04,-0.06,-0.47,
61.78638506,-0.38,1.15,9.37,-0.13,15.25,-4.94,14.69,4.06,-42,-0.89,-0.05,-0.05,-0.46,
62.1125052,-1.47,1.26,9.53,2.5,-1.5,-1.94,18.69,4.38,-40.38,-0.89,-0.03,-0.09,-0.45,
62.43716025,-0.08,1.44,9.21,1.38,-15.13,1,16.06,3,-42.38,-0.89,-0.06,-0.05,-0.45,
62.76395869,-0.95,1.26,9.57,-5.88,32.44,-6.81,15.75,4.75,-42.5,-0.89,-0.03,-0.08,-0.44,
63.08908939,-1.36,0.95,9.53,0.19,-29.19,3.88,19.56,6.25,-40.38,-0.89,-0.02,-0.08,-0.44,
63.41470861,-0.02,1.02,9.26,4.63,-4.94,1.13,13.19,5.88,-42.75,-0.9,-0.06,-0.02,-0.44,
63.74011374,-1.14,1.1,9.52,1.06,31.19,-11.38,15.75,5.19,-41.25,-0.9,-0.04,-0.08,-0.42,
64.06695986,-1.32,1.43,9.21,0.94,-21.06,-2.19,18.69,4.75,-40,-0.91,-0.04,-0.09,-0.41,
64.39194727,-0.16,1.27,9.78,-4.06,-8.69,-3.44,13.56,5.19,-43.19,-0.91,-0.06,-0.04,-0.4,
64.71848536,-0.84,1.04,9.28,-2.63,18.44,-6.81,14.25,7,-40.88,-0.92,-0.04,-0.06,-0.38,
65.04353142,-1.13,1.11,9.58,7.5,-19.63,0.06,16.88,7,-42.38,-0.92,-0.04,-0.07,-0.37,
65.36978173,-0.18,1.44,9.39,0.31,9.88,-5.56,12.38,5.88,-43.69,-0.93,-0.06,-0.04,-0.36,
65.69439983,-1.35,1.31,9.47,-2.75,9.38,-5.56,15.06,6.25,-41.25,-0.93,-0.04,-0.09,-0.35,
66.02070379,-0.75,1.18,9.55,-2.19,-23.19,0.5,14.69,7.38,-42.06,-0.94,-0.05,-0.05,-0.34,
66.34573197,-0.23,1.15,9.35,3.88,10.94,-2.94,10.88,7,-42.5,-0.94,-0.05,-0.03,-0.34,
66.67286515,-1.19,1.39,9.59,2.56,13.56,-3.88,14.69,6.69,-41.38,-0.94,-0.04,-0.08,-0.33,
66.99700069,-0.95,1.4,9.13,-1.25,-20.38,2.13,15.75,7,-41.38,-0.94,-0.05,-0.07,-0.33,
67.32415485,-0.21,1.24,9.73,-4,7.44,-1.94,11.25,7.75,-42.5,-0.94,-0.06,-0.04,-0.33,
67.64827466,-1.26,0.84,9.12,0.63,7.75,-1,14.69,7.75,-40.88,-0.94,-0.03,-0.07,-0.32,
67.97541451,-0.6,1.37,9.68,6.25,-18.56,3.06,13.19,6.69,-43,-0.94,-0.06,-0.05,-0.32,
68.3005116,-0.53,1.4,9.22,-3.5,22.5,-4.38,11.69,6.69,-43.25,-0.94,-0.06,-0.05,-0.32,
68.6266408,-1.5,1.28,9.44,-2.69,-5.88,1.13,16.06,7,-41.69,-0.94,-0.04,-0.09,-0.32,
68.95132446,-0.24,0.84,9.42,2.44,-29.56,5.31,12.06,7.75,-42.88,-0.94,-0.06,-0.02,-0.33,
69.27803969,-0.18,1.49,9.37,-1.5,49.81,-6.44,10.56,6.69,-43.25,-0.94,-0.05,-0.05,-0.33,
69.60322618,-2.01,1.12,9.46,4.25,-29.5,9.56,18.38,8.5,-40.56,-0.94,-0.03,-0.11,-0.33,
69.92896366,0.13,1.39,9.17,-2.19,-10.94,4.25,10.19,6.25,-44.06,-0.93,-0.08,-0.01,-0.35,
70.25616503,-1.05,1.06,9.37,-9.81,51.75,-6.31,12.38,5.88,-42.19,-0.93,-0.03,-0.08,-0.35,
70.5823257,-1.61,1.04,9.6,9.38,-50.06,16,18.75,7.75,-39,-0.93,-0.03,-0.09,-0.36,
70.90602136,0.72,1.54,8.86,5.75,-1.19,6.88,9.5,4.06,-44.25,-0.92,-0.09,0.01,-0.39,
71.23210955,-1.41,1.48,9.89,-7.63,55.56,-3.19,15.88,3.75,-41,-0.91,-0.04,-0.1,-0.4,
71.55774069,-1.86,1.01,8.79,1.13,-47.63,15.25,22.25,5.25,-37.56,-0.9,-0.02,-0.11,-0.42,
71.88372684,1.23,1.5,9.63,-4.13,4.81,6.56,10,3.75,-43.88,-0.89,-0.08,0.01,-0.45,
72.20756459,-2.2,0.69,9.61,0.44,43.44,1.13,18.69,4.5,-39.06,-0.88,-0.01,-0.11,-0.46,
72.53818417,-0.54,1.6,9.33,9.69,-42.19,14.25,18.38,2.69,-41.5,-0.87,-0.05,-0.07,-0.48,
72.85944676,-0.01,1.7,9.25,-6,21.31,2,13.56,0.75,-41.88,-0.86,-0.07,-0.05,-0.5,
73.1860621,-1.79,0.99,9.24,-9.5,19.56,1.06,20.56,1.88,-38.38,-0.85,0,-0.12,-0.51,
73.51171041,-0.29,0.95,9.65,8.25,-54.19,14,18.75,2.25,-39.56,-0.85,-0.04,-0.05,-0.53,
73.83820391,-0.05,1.61,9.65,-2.25,36.19,-1.19,12.38,0.06,-41.06,-0.84,-0.06,-0.04,-0.54,
74.16301441,-1.94,1.05,9.06,-0.06,28.94,-1.13,22,0.38,-37.56,-0.83,0.01,-0.13,-0.54,
74.4890089,-0.7,1.5,9.47,9.94,-75.69,17.13,17.88,-1.06,-38,-0.82,-0.06,-0.06,-0.56,
74.81494999,1.26,1.48,9.14,-16.31,61.75,-8.25,8.88,-2.25,-39.56,-0.82,-0.09,-0.01,-0.57,
75.14022088,-3.63,0.4,9.03,5.5,-10.94,1.88,24.06,1.75,-33.19,-0.82,0.04,-0.14,-0.56,
75.46529388,1.7,1.82,8.93,12.94,-21.13,5.88,13.75,-1.06,-38.56,-0.81,-0.09,-0.03,-0.57,
75.79224968,-1.85,1.91,10.59,-7,24.19,-7.13,15.88,-2.56,-37.56,-0.81,-0.04,-0.1,-0.57,
76.11768174,-0.69,0.76,7.92,-10.56,-5.13,-1.06,17.06,-0.75,-37.06,-0.82,-0.02,-0.08,-0.57,
76.44403386,-1.33,0.77,10.95,2.25,-11.19,-0.19,16.25,1.19,-36.25,-0.82,-0.01,-0.07,-0.57,
76.76943445,1.01,1.45,8.16,6.56,-0.56,-1.81,12.25,0.06,-38,-0.82,-0.07,-0.03,-0.57,
77.09578633,-2.42,1.32,10.09,-3.44,29.56,-4.13,18.56,-0.25,-35.06,-0.82,0.01,-0.13,-0.55,
77.4209764,-0.62,1.33,9.11,10.44,-58.94,6.25,17.5,0.06,-35.06,-0.83,-0.04,-0.07,-0.56,
77.74686503,0.48,1.7,9.45,-11,30.5,-8.94,10.38,-2.5,-38.19,-0.83,-0.08,-0.03,-0.56,
78.07217479,-2.43,0.84,9.65,-6.88,29.56,-10.69,18.56,1.19,-34.56,-0.84,0.03,-0.13,-0.53,
78.39843798,-0.2,1,9.15,13.13,-71.63,10.13,15.56,0.75,-36.56,-0.84,-0.05,-0.04,-0.54,
78.72321367,0.53,1.65,9.38,-1.56,71.5,-12.81,9.19,-1.75,-38.5,-0.84,-0.07,-0.04,-0.54,
79.04886794,-3.3,1.22,8.91,4.75,-34,6.75,21.88,0.38,-33.69,-0.84,0.01,-0.15,-0.53,
79.37465882,1.27,1.65,8.85,-2.56,-24.13,6.25,10.38,-2.19,-38.19,-0.83,-0.1,-0.02,-0.55,
79.7012701,-1.15,1.13,10.16,-16.38,53.81,-4.88,14.56,0.06,-37.75,-0.83,-0.02,-0.08,-0.55,
80.0263586,-1.68,0.72,9.26,4.94,-25.56,3.75,20.88,2.25,-34.19,-0.83,0.02,-0.1,-0.55,
80.35255384,0.13,1.14,9.19,11.06,-29.06,5.5,12.69,0.06,-38.5,-0.83,-0.07,-0.02,-0.56,
80.67729664,-0.04,1.42,9.73,-0.38,63.06,-8.38,13,-1.5,-37.69,-0.82,-0.05,-0.06,-0.56,
81.00380182,-2.67,1.46,8.6,1.63,-26.13,9.19,23.69,-0.69,-33,-0.82,0.01,-0.15,-0.56,
81.32923317,1.03,1.68,10.18,-6.5,-33.63,11.63,13.75,-2.5,-37.69,-0.81,-0.09,-0.02,-0.59,
81.65879703,-0.42,0.73,9.29,-12.88,70.94,-3.81,15.75,-0.25,-37.69,-0.8,-0.01,-0.06,-0.59,
81.98071194,-2.06,1.1,8.78,18.56,-61.81,15.69,20.69,1.56,-35.38,-0.79,0,-0.09,-0.6,
82.30652547,1.37,1.83,9.39,0.69,36.63,-1.06,10.38,-4.38,-39.69,-0.78,-0.1,-0.03,-0.62,
82.6352756,-2.58,1.33,9.98,-7.19,22.5,0.06,23,-2.88,-35.38,-0.77,0.02,-0.14,-0.62,
82.95854092,-0.12,1.47,9.31,2.19,-74.63,17.81,18.06,-3.25,-35.5,-0.76,-0.06,-0.05,-0.65,
83.28626513,0.24,1.31,8.74,-12.5,64.88,-0.81,11.75,-4,-39,-0.75,-0.06,-0.03,-0.66,
83.61253715,-2.23,0.41,9.94,7.5,-17.63,7.38,23.19,-1.75,-35.75,-0.74,0.04,-0.11,-0.66,
83.93663669,0.18,1.55,9.21,12.25,-21.81,8.75,16.06,-5.06,-38.5,-0.73,-0.06,-0.05,-0.68,
84.26588416,-0.94,1.92,9.59,-10.13,40.31,-5.69,16.88,-6.88,-37.38,-0.72,-0.04,-0.09,-0.69,
84.58608294,-1.14,0.9,9.12,-4.31,-22.94,4.44,21.38,-4.69,-37.38,-0.72,0,-0.09,-0.69,
84.91195893,0,1.07,9.53,-1,-5.63,3,15.38,-4.75,-39.38,-0.71,-0.04,-0.04,-0.7,
85.23673964,-0.75,1.1,9.85,1.88,44.13,-2.81,18.38,-5.06,-39.38,-0.71,0,-0.08,-0.7,
85.56330419,-2.21,1.34,9.05,11.75,-34.69,9.63,24.69,-5.06,-34.19,-0.7,0.02,-0.12,-0.71,
85.88917708,1.12,1.97,9.68,-2.19,-21.25,7.81,13.88,-9.5,-39.69,-0.68,-0.1,-0.04,-0.72,
86.21607471,-0.96,1.13,8.99,-20.44,72.56,-10.81,17.56,-7.25,-38.5,-0.68,0.01,-0.09,-0.73,
86.54123449,-1.65,0.52,10.13,9.38,-60.25,10.63,25.06,-4.38,-35.75,-0.68,0.04,-0.09,-0.73,
86.86659765,1.19,1.11,8.84,10.38,9.63,-0.69,13.19,-7,-41.19,-0.67,-0.08,-0.03,-0.74,
87.19194531,-2.08,1.83,10.07,-0.19,41.13,-4.56,21,-8.88,-37.69,-0.66,0.02,-0.12,-0.74,
87.51853108,-0.41,1.36,8.51,-1.13,-55.38,16.94,21,-9.56,-37.75,-0.64,-0.04,-0.08,-0.76,
87.84358692,-0.03,1.28,9.74,-15.25,42.38,-0.88,15.06,-9.56,-41.56,-0.63,-0.04,-0.05,-0.78,
88.16922331,-0.03,1.28,9.74,-15.25,42.38,-4,25.38,-7.38,-36.5,-0.62,0.06,-0.1,-0.78,
88.49524736,-0.02,1.47,9.31,13,-31.5,9.94,19.88,-9.56,-40.06,-0.6,-0.03,-0.06,-0.79,
88.82185626,-0.38,1.89,9.71,-6.19,22.63,-2.56,16.5,-12.88,-41.19,-0.59,-0.04,-0.08,-0.8,
89.14630961,-1.8,0.76,8.32,-5.06,6.81,2.25,22.88,-10.69,-38,-0.59,0.03,-0.1,-0.8,
89.47336507,-0.34,1.29,10.09,0.25,-12.13,2.19,20.19,-11.06,-39.19,-0.58,0,-0.08,-0.81,
89.79760861,-0.52,1.18,9.53,2,10.25,1.56,20.19,-11.06,-39.19,-0.58,-0.01,-0.08,-0.81,
90.12408614,-1.4,1.38,9.4,3.13,-11.69,1.88,22.06,-11.75,-39.19,-0.57,0.01,-0.09,-0.81,
90.44932461,-0.05,1.62,9.19,-2.44,-9.94,1.56,17.56,-12.88,-41.25,-0.57,-0.05,-0.06,-0.82,
90.77763557,-0.76,0.77,9.62,-7.94,46.25,-5.19,19.88,-11.06,-40.75,-0.57,0.02,-0.08,-0.82,
91.10088563,-1.06,0.81,9.54,10.94,-40.19,3.5,23.88,-9.88,-37.69,-0.57,0.02,-0.09,-0.81,
91.42635584,0,1.89,8.97,6.38,-2.38,-2.69,16.5,-13.69,-41.25,-0.57,-0.06,-0.07,-0.82,
91.75369453,-1.3,1.75,9.73,-15.63,30.5,-8.88,19.5,-13.25,-39.38,-0.58,0,-0.1,-0.81,
92.07846117,-0.84,0.5,8.93,-1.88,-30.69,-0.25,21.69,-8.5,-40.5,-0.59,0.01,-0.07,-0.8,
92.40319777,-0.35,0.91,9.93,9,19.75,-6.63,19.06,-9.19,-40.06,-0.6,-0.01,-0.06,-0.8,
92.72918797,-1.68,1.71,9.43,9,-0.13,-0.19,24.19,-11.06,-37.38,-0.6,0.01,-0.12,-0.79,
93.05557847,-0.64,1.61,8.62,-3.38,-29.38,3.94,19.75,-12.88,-39.38,-0.6,-0.04,-0.08,-0.79,
93.38200998,0.07,1.44,9.87,-13.13,33.75,-8.56,16,-11.06,-42.06,-0.61,-0.04,-0.06,-0.79,
93.70675755,-2.29,0.54,9.27,-0.06,3,-3.94,26.06,-8.06,-38.19,-0.62,0.06,-0.1,-0.78,
94.03265858,0.01,1.19,9.53,15.25,-36.19,2.5,19.75,-9.56,-41,-0.62,-0.04,-0.05,-0.78,
94.3587122,0.17,1.68,9.72,0.94,36.63,-8.38,16,-11.38,-41.75,-0.63,-0.05,-0.07,-0.77,
94.68285584,-2.89,1.57,8.88,1.13,3.06,-11.06,28.56,-10.38,-35.88,-0.64,0.04,-0.15,-0.75,
95.00909257,0.3,1.28,9.47,-11.44,-51.19,8.94,20.06,-10.38,-41.5,-0.65,-0.06,-0.05,-0.76,
95.66002464,-2.53,0.77,9.05,10.5,2.25,3.19,27.88,-7,-37.25,-0.64,0.08,-0.12,-0.75,
95.98739338,0.2,2.02,9.57,11.19,-79.31,14.56,17,-11.19,-40.69,-0.63,-0.09,-0.05,-0.77,
96.31227612,0.57,1.39,9.14,-19.44,95,-16.06,10.69,-11.88,-43.5,-0.63,-0.06,-0.05,-0.78,
96.63833356,-2.1,0.71,8.51,6.38,-29.88,5.38,28.88,-5.56,-37,-0.65,0.06,-0.11,-0.75,
96.96255016,0.32,1.65,10.22,7.94,-53.63,2.31,18.88,-9.25,-41.69,-0.64,-0.07,-0.04,-0.76,
97.28958607,-0.17,1.37,9.53,-9.13,63.56,-14.31,16.69,-9.25,-41.69,-0.66,-0.04,-0.06,-0.75,
97.61465406,-2.11,0.87,9.18,8.63,-30.94,-1.94,27.19,-6.69,-37.38,-0.67,0.03,-0.11,-0.73,
97.94086504,0.83,1.94,9.86,-5.19,-23.69,-5.06,16.38,-8.56,-43.69,-0.68,-0.08,-0.03,-0.73,
98.26611257,-1.65,0.69,8.81,-9.25,70.13,-19.31,21.25,-5.19,-40.88,-0.7,0.02,-0.09,-0.71,
98.59228301,-1.17,1.37,9.73,19.38,-76.38,3.5,25.19,-4.5,-39.25,-0.72,0,-0.08,-0.69,
98.91756034,0.81,1.73,8.82,-0.81,19.81,-12.38,13.5,-7.88,-43.69,-0.72,-0.1,-0.03,-0.68,
99.2452929,-2.44,1.59,9.29,-16.5,34.63,-18.81,25,-3.69,-39.75,-0.75,0.03,-0.12,-0.65,
99.56897664,-0.16,0.62,10.11,9.31,-62.75,1.81,22.25,-0.38,-40.5,-0.76,-0.02,-0.05,-0.64,
99.89529753,-0.36,1.12,8.57,-0.19,36.81,-14.75,16,-2.19,-44.06,-0.78,-0.05,-0.04,-0.63,
100.2204878,-1.21,1.24,9.39,1.69,5.69,-10.13,22.25,-1.06,-42.88,-0.8,-0.01,-0.1,-0.6,
100.5467918,-0.66,1.34,10.11,6.56,-46,-2,20.06,-0.75,-42.5,-0.81,-0.05,-0.06,-0.58,
100.8721151,0.7,1.63,9.09,-5.19,36.69,-14.5,13.5,-0.75,-45.25,-0.82,-0.07,-0.03,-0.57,
101.1982436,-2.33,1.07,9.16,-9.13,3.44,-8.69,26.38,3.69,-40.5,-0.84,0.03,-0.12,-0.53,
101.5225708,0.1,0.6,9.04,14.88,-74.63,5.5,17.38,4,-43.56,-0.85,-0.06,-0.01,-0.53,
101.8524163,0.15,1.86,10.29,-0.5,94.56,-21.56,11.88,0.25,-45.69,-0.85,-0.06,-0.05,-0.52,
102.1736538,-2.21,1.24,7.72,5.19,-18.38,4.81,26,3.38,-39.38,-0.86,0,-0.15,-0.49,
102.5009983,1.04,2.02,11.02,-5.38,-43.38,5.63,15.5,0.75,-44.5,-0.86,-0.08,-0.02,-0.51,
102.8272641,-1.24,1.02,8.19,-10.13,56.38,-7.88,16.69,2.69,-43.69,-0.86,-0.02,-0.08,-0.5,
103.15153,-1.43,0.81,9.38,9.06,-65.63,11.31,21.5,4.06,-43.69,-0.86,-0.02,-0.07,-0.5,
103.4766047,1,1.35,10.11,-2.56,43.69,-6.19,9.56,2.19,-47.25,-0.86,-0.07,-0.01,-0.51,
103.8066313,-1.99,1.12,8.35,5.06,19.31,0.75,24.06,3,-41.38,-0.86,0,-0.13,-0.5,
104.1272752,-0.56,2.16,9.98,2.75,-56.69,6.88,22.19,1.19,-42.5,-0.86,-0.05,-0.08,-0.51,
104.4540293,0.43,0.8,8.91,-12.19,15.19,-2.94,13,1.19,-46.06,-0.86,-0.07,-0.01,-0.51,
104.7791264,-1.27,0.98,10.31,-4.44,38.38,-5.25,18.88,4.5,-43.38,-0.86,0.01,-0.09,-0.5,
105.1058035,-2.09,1.12,9.21,16,-49.19,7.94,24.06,4.06,-41,-0.86,-0.01,-0.1,-0.5,
105.4311762,1.55,1.65,8.66,-0.75,16.31,-2.44,10.75,-0.25,-44.88,-0.85,-0.09,-0.01,-0.52,
105.7585416,-3.01,1.09,10.28,-6.88,13.44,-2.31,23.75,3.06,-41.06,-0.85,0.01,-0.13,-0.5,
106.0829058,0.15,1.28,8.68,12,-54.75,9.63,16.38,1.56,-44.19,-0.85,-0.07,-0.03,-0.52,
106.4095545,-0.2,1.61,9.44,-16,71.38,-13.69,14.69,1.19,-45.69,-0.85,-0.05,-0.06,-0.52,
106.7341688,-2.61,0.5,8.47,0.25,-21.25,0.88,27.75,5.69,-39.06,-0.85,0.04,-0.14,-0.5,
107.0606873,1.2,1.74,10.89,13.81,-45.06,3.94,15.06,2.69,-45,-0.86,-0.08,0,-0.51,
107.3851924,-1.26,1.27,7.49,1.19,61.13,-11.25,16.06,0.5,-43.88,-0.86,-0.06,-0.08,-0.5,
107.7124269,-0.9,2,10.81,-3.13,-35.25,4.5,22.06,0.75,-42.25,-0.86,-0.05,-0.1,-0.49,
108.0370562,-0.08,0.98,8.69,-14.31,13.5,-1.44,16.5,1.56,-45,-0.87,-0.04,-0.05,-0.5,
108.3635795,-0.99,0.73,9.83,0.5,-12.75,0.63,19.19,5.25,-42.56,-0.87,-0.01,-0.06,-0.49,
108.6889191,-0.75,0.94,9.33,8.63,-6.5,-1.19,17.69,3.88,-45,-0.87,-0.04,-0.05,-0.49,
109.0144677,-0.57,1.44,9.89,16.44,8.81,-3.19,17,1.56,-44.56,-0.87,-0.06,-0.06,-0.49,
109.3403912,-0.48,2.23,8.95,-10.75,27.31,-6.19,19.56,-0.25,-43.75,-0.86,-0.06,-0.1,-0.49,
109.6661429,-2.48,0.85,9.21,-7.88,-52.56,4.38,23.56,4.06,-41.06,-0.87,-0.01,-0.1,-0.48,
109.9905748,1.67,0.56,9.82,-2.31,13.13,0,10.69,4.88,-46.25,-0.87,-0.07,0.03,-0.48,
110.3177695,-2.23,0.98,9.3,10.69,33.19,-2.88,21.06,4.06,-41.56,-0.87,-0.01,-0.11,-0.48,
110.6424723,0.03,2.42,9.04,7.31,-34.56,9.69,19.56,0.88,-43.19,-0.86,-0.08,-0.07,-0.49,
110.9691141,-1.24,1.3,9.79,-16.19,20.69,-5.88,18.5,1.25,-43.5,-0.87,-0.05,-0.07,-0.49,
111.2939115,-0.69,0.5,9.1,-4.5,-7.13,0.06,18.5,5.38,-43.06,-0.87,-0.02,-0.05,-0.49,
111.6202495,-0.39,1.39,10.49,8.94,-9.13,-0.81,17.25,4.56,-43.75,-0.87,-0.04,-0.04,-0.49,
111.9483988,-1.3,1.13,8.1,5.63,30.38,-5.31,18.06,2.75,-43.5,-0.87,-0.03,-0.09,-0.48,
112.2729268,-0.34,1.83,9.88,1.13,-21.56,2.63,21.06,1.69,-42.56,-0.87,-0.05,-0.09,-0.48,
112.5966249,-1.74,1.23,9.59,-9.75,-8.5,-1.19,19.19,3.19,-43.75,-0.87,-0.04,-0.07,-0.48,
112.9231296,0.71,1.1,9.1,-5.81,-4.81,0.44,13.69,4.19,-45.38,-0.88,-0.06,-0.01,-0.48,
113.2481136,-1.83,0.66,9.42,6.75,45.06,-2.94,19.56,5,-44.25,-0.88,0,-0.1,-0.47,
113.5747349,-0.44,1.83,9.81,13.5,-33.69,6.56,20.19,3.19,-43.75,-0.87,-0.05,-0.09,-0.48,
113.9014983,-0.41,1.62,9.04,-10.88,7.13,-2.5,17,0.88,-45.38,-0.87,-0.07,-0.06,-0.48,
114.229615,-1.48,0.88,9.86,-4.81,-2.94,-2.81,20.25,4.25,-43.06,-0.88,-0.02,-0.07,-0.48,
114.5497553,0.29,1.07,9.51,0.44,5.13,-1.25,15.75,4.69,-46.19,-0.88,-0.04,-0.03,-0.47,
114.876925,-1.37,1.23,9.06,4.88,18.75,-5.25,20.25,4.69,-42.56,-0.88,-0.02,-0.09,-0.46,
115.2021158,-0.16,1.86,10.09,-2.81,-22.13,3.31,20.25,3.56,-45,-0.88,-0.04,-0.07,-0.47,
115.5286863,-1.5,0.89,9.19,5.94,-4.44,-1.13,18.5,3.25,-43.75,-0.88,-0.04,-0.07,-0.47,
115.8536851,-0.04,1.36,8.97,-1.25,2.88,-0.19,15.19,3.56,-45.75,-0.88,-0.07,-0.04,-0.47,
116.1808767,-0.97,1.45,10.36,-10.13,28.56,-4.81,19.19,3.56,-44.19,-0.88,-0.02,-0.09,-0.46,
116.5055101,-1.49,0.67,9.52,1.94,-19.31,1.5,22.5,5.75,-42.56,-0.89,0,-0.09,-0.46,
116.8317611,0.23,1.46,9.03,10.25,-14.81,1.88,14,4,-45.75,-0.88,-0.07,-0.02,-0.46,
117.156883,-1.06,1.12,10.13,2.88,26.56,-6,16.88,2.38,-47,-0.88,-0.05,-0.07,-0.46,
117.482733,-0.64,1.49,8.4,-3.38,0.63,-0.38,19.5,2.75,-43.06,-0.88,-0.04,-0.09,-0.46,
117.808253,-1.54,1.07,10.15,-9.06,-2.25,-2.75,21,4.19,-43.06,-0.89,-0.02,-0.09,-0.45,
118.1347358,0.01,1.46,9.21,-1.88,-23.25,0.75,16.06,6.06,-45.75,-0.89,-0.04,-0.02,-0.46,
118.4595075,-0.88,0.42,9.68,5.63,23.69,-4,15.69,5.69,-45,-0.89,-0.03,-0.05,-0.45,
118.7856717,-0.97,1.64,9.39,15.06,-6,0.44,18.69,3.19,-44.25,-0.89,-0.05,-0.08,-0.45,
119.1116254,-0.65,2.26,9.13,-12,19.56,-8.31,18,0.88,-44.25,-0.89,-0.07,-0.09,-0.44,
119.4380281,-1.29,0.19,9.46,-10.13,-44.31,2.13,20.56,6.88,-42.25,-0.9,-0.03,-0.06,-0.44,
119.7644393,0.69,0.73,9.77,2.25,15.81,-4.56,11.75,7.19,-47,-0.9,-0.05,0,-0.43,
120.0881598,-1.73,1.18,9.18,14.69,6.69,-2.31,18.75,5.38,-44.69,-0.9,-0.04,-0.09,-0.42,
120.4144471,-0.26,2.11,9.04,2.56,-10.19,-0.75,17.69,3.5,-44.38,-0.9,-0.08,-0.07,-0.42,
120.7395885,-1.41,1.57,9.88,-15.06,21.63,-9.31,18.75,4.19,-43.88,-0.91,-0.04,-0.09,-0.41,
121.0689197,-0.11,0.6,8.97,-2.5,-43.88,1.38,16.56,7.56,-44.56,-0.91,-0.04,-0.02,-0.41,
121.3911786,0.44,1.26,9.89,3.75,36.13,-7.19,10.56,7.56,-46.56,-0.91,-0.06,-0.01,-0.4,
121.7167535,-1.9,1.15,8.96,15.44,19.19,-0.13,21.38,6.88,-43.06,-0.91,-0.02,-0.13,-0.39,
122.0485744,-0.91,2.18,9.02,-4.56,-33.25,1.69,19.5,3.56,-43.75,-0.91,-0.07,-0.09,-0.39,
122.3677244,0.08,1.11,10.41,-12.06,9.13,-1.44,13.19,6.06,-46.56,-0.92,-0.06,-0.03,-0.39,
122.6940994,-1.31,0.58,9.78,-2.63,6.13,0.5,17.56,9.5,-45,-0.92,-0.01,-0.07,-0.39,
123.0213268,-1,1.1,9.13,18.88,-12.5,2.06,16.5,8,-45,-0.92,-0.04,-0.06,-0.39,
123.3463624,-0.02,2.34,9.29,-5.19,20.25,-6.56,14.25,4.69,-46.56,-0.92,-0.08,-0.06,-0.39,
123.6708529,-2.12,0.94,9.64,-12.88,7.75,-9.69,21.38,7.56,-43.06,-0.92,-0.02,-0.12,-0.37,
123.9985683,-0.15,0.7,9.44,8.06,-66.5,4.44,12.75,9.19,-43.5,-0.93,-0.06,0.01,-0.36,
124.3213701,0.87,1.49,8.87,3.38,71.5,-15.38,5.75,7,-47,-0.93,-0.09,0.01,-0.35,
124.6484931,-3.43,1.44,9.59,6.69,-8.38,-1.94,23.56,8.5,-41.5,-0.93,-0.02,-0.17,-0.32,
124.9732649,0.63,1.86,8.98,-6.69,-46.44,8,13.88,6.56,-45.5,-0.94,-0.09,-0.02,-0.33,
125.2995801,-0.5,1.03,9.32,-9.13,49.19,-7.88,10.19,8.5,-45.06,-0.94,-0.05,-0.04,-0.32,
125.6250446,-1.72,0.38,10.47,10.19,-43.25,7.44,17.19,10.25,-43.56,-0.94,-0.03,-0.07,-0.32,
125.9510405,0.29,1.91,8.13,6.38,24.81,-4.56,10.19,6.19,-46.19,-0.94,-0.09,-0.03,-0.33,
126.2767818,-1.2,1.74,10.12,-10.31,14,-3.19,16.88,6.56,-44.19,-0.94,-0.05,-0.1,-0.32,
126.6044004,-1.57,0.97,10.07,-10.94,-28.94,5.19,16.5,10,-42.56,-0.94,-0.03,-0.07,-0.32,
126.928889,0.85,0.35,8.03,10.94,-12.69,2.81,7.06,10.06,-45.06,-0.94,-0.07,0.04,-0.33,
127.2539356,-1.31,1.72,10.03,9.31,58,-7.13,13.5,7.06,-43.88,-0.94,-0.06,-0.08,-0.33,
127.5799067,-2.14,2.14,9.74,-1.31,-34.56,15,20.88,6.25,-40.75,-0.93,-0.06,-0.13,-0.34,
127.9055843,1.2,1.56,9.14,-19.56,-7.31,9.81,10.06,5.56,-45.06,-0.92,-0.08,0.01,-0.38,
128.2317374,-1.79,-0.07,9.15,-1.69,20.38,1.19,15.25,9,-43.88,-0.92,-0.01,-0.06,-0.39,
128.558131,-0.81,0.77,9.75,18.31,-35,13.81,15.56,7.19,-43.19,-0.91,-0.05,-0.04,-0.41,
128.8830991,0.39,2.4,8.97,1.06,53.38,-7.31,11.69,2.69,-44.69,-0.9,-0.09,-0.05,-0.42,
129.2093849,-2.06,1.43,9.47,-4.88,-14.5,6.75,23.19,4.19,-40.38,-0.9,-0.02,-0.14,-0.42,
129.53424,-0.86,0.6,9.48,-9.94,-51.69,12.44,17.19,5.69,-42,-0.9,-0.05,-0.04,-0.44,
129.8605187,0.59,0.69,8.92,-1.13,35.69,2.31,8.88,6.5,-43.56,-0.89,-0.06,0.02,-0.45,
130.1846423,-2.48,1.23,9.94,13.13,33,-1.63,20.06,5.38,-38.75,-0.88,-0.01,-0.13,-0.45,
130.5112638,0.13,2.09,9.09,9.56,-43.81,13.69,17.75,0.56,-41.56,-0.87,-0.08,-0.07,-0.47,
130.8366516,-1.41,1.2,9.51,-20.69,16,-3,15.25,0.88,-40.75,-0.87,-0.06,-0.07,-0.48,
131.1627445,-1.17,0.92,9.87,-3.88,-13.06,3.06,16.38,5.5,-39.19,-0.88,-0.02,-0.05,-0.48,
131.4871523,0.03,0.72,8.66,5.38,7.06,1,13.5,4.75,-41.19,-0.88,-0.05,-0.03,-0.48,
131.8133616,-1.2,1.45,10.3,6.88,21.63,-1.94,17.88,3,-39.56,-0.87,-0.03,-0.09,-0.48,
132.1388345,-1.15,1.53,9.02,0.56,-19.19,5.38,20.06,2.25,-37.56,-0.87,-0.04,-0.1,-0.48,
132.4655077,-0.4,1.16,9.1,-1,-17.56,3.44,14.06,2.19,-40.75,-0.87,-0.07,-0.04,-0.49,
132.7916732,-0.04,1.39,9.34,-7.5,29.13,-3.25,13,2.5,-40.38,-0.87,-0.05,-0.05,-0.5,
133.1205239,-1.83,0.93,10.02,0,-7.56,1.75,19.69,4,-37.19,-0.86,0,-0.1,-0.49,
133.44154,-0.27,0.86,9.33,5.63,-20.63,5.38,15.38,2.5,-38.69,-0.86,-0.04,-0.05,-0.5,
133.7687161,-0.64,1.66,9.78,0.25,27.13,-4.19,13.56,1.38,-40,-0.86,-0.05,-0.07,-0.5,
134.0939364,-1.35,1.6,9.49,-0.94,-1.81,1.81,17,2.19,-36.06,-0.86,-0.03,-0.1,-0.5,
134.4212496,0.53,0.95,8.66,0.69,-29.63,9.69,11.5,1,-37.19,-0.86,-0.07,-0.02,-0.51,
134.744386,-0.43,1.35,10.25,-9.06,67.5,-8.19,13.5,0.88,-38.75,-0.85,-0.02,-0.08,-0.51,
135.0713968,-2.95,1.14,8.45,7.69,-65.13,17.94,20.88,2.19,-33.19,-0.85,0.01,-0.12,-0.52,
135.3949335,1.95,1.44,9.15,8.69,8.31,8.5,7.88,-1.69,-38,-0.83,-0.11,0,-0.55,
135.721843,-2.55,1.52,9.36,-5.5,50.88,1.56,17.06,-1.69,-33.06,-0.81,-0.01,-0.14,-0.56,
136.0481079,-0.04,1.34,9.73,-3.69,-43.69,22.38,16.75,-3.56,-35.25,-0.8,-0.04,-0.09,-0.6,
136.3745468,-0.67,1.38,9.95,-13,17,11.38,11.56,-2.19,-35.25,-0.77,-0.04,-0.06,-0.63,
136.6997879,-0.8,0.48,8.61,2.94,24.63,12.44,15,-2.19,-34.06,-0.75,0.01,-0.08,-0.66,
137.026123,-0.68,1.78,9.39,10.38,-33.56,34.31,15.69,-5.19,-33.38,-0.71,-0.03,-0.09,-0.7,
137.3506677,-0.53,1.07,8.94,-9.19,30.63,17.06,12.06,-7.75,-34.56,-0.66,-0.04,-0.08,-0.75,
137.67659,-0.81,1.42,10.54,1.69,10.13,19.44,15,-8.56,-34.5,-0.61,0,-0.11,-0.79,
138.0023749,-1.03,1.42,8.98,-3.31,-24,29.69,15.38,-10.88,-32.88,-0.55,-0.01,-0.1,-0.83,
138.3294332,-0.42,1.2,9.42,-10.25,16.44,20.44,10.88,-11.88,-33.25,-0.49,-0.02,-0.07,-0.87,
138.6562762,-1.1,0.66,8.86,5.06,4.25,21.88,13.56,-11.38,-33.69,-0.44,0.03,-0.08,-0.89,
138.9790499,-0.55,1.6,10.34,4.13,-4.88,20,9.06,-14.19,-34.5,-0.37,0,-0.09,-0.93,
139.3041215,-1.02,1.54,9.83,0.19,21.63,18.69,10.56,-17.06,-34.06,-0.31,0.03,-0.1,-0.95,
139.6317563,-0.59,1.35,8.24,-9.06,-23.56,25.94,7.56,-17.56,-32.5,-0.24,0,-0.09,-0.97,
139.9555871,-0.22,0.77,9.79,-10.06,31.13,14.88,4.25,-16.25,-34.06,-0.19,0.01,-0.06,-0.98,
140.2809944,-2.07,0.99,9.84,4.94,-4.94,22.19,8.69,-16,-34.5,-0.13,0.08,-0.06,-0.99,
140.6075985,0.79,1.14,10,19.19,-16.75,24.38,2.06,-17.88,-35.56,-0.06,-0.01,-0.09,-0.99,
140.9327188,-1.35,2.17,7.72,-10.81,48.31,8.56,2.38,-21.38,-31.69,0,0.08,-0.11,-0.99,
141.2635918,-1.17,1.09,10.61,-15.63,-35.44,30.75,5.56,-19.25,-33.56,0.07,0.09,-0.07,-0.99,
141.5845695,0.08,0.93,8.86,-2.13,-14.88,24.94,-5.25,-18.06,-34.69,0.16,0,-0.06,-0.99,
141.9095733,-1.72,0.34,10.65,1.75,43.81,-1.56,-3.38,-15.69,-36.69,0.19,0.07,-0.04,-0.98,
142.2383335,0.05,1.51,9.5,17,1.88,-6.06,-2,-18.56,-35.25,0.19,0.07,-0.08,-0.98,
142.561579,-0.64,2.14,8.22,-4.75,-3.06,-21.19,-1.19,-22.5,-32.5,0.13,0.05,-0.11,-0.98,
142.8880374,-1.09,0.86,9.86,-16.38,-12,-24.75,1,-20.56,-34.75,0.07,0.05,-0.07,-0.99,
143.2183945,-0.77,0.49,9.91,4.88,2.63,-23,2.5,-17.69,-37.19,0,0.04,-0.04,-1,
143.5398314,-0.77,1.21,10.05,19.44,-14.19,-21.5,5.5,-19.88,-34.75,-0.07,0.03,-0.07,-0.99,
143.8655348,-0.94,1.85,8.48,-0.69,11.56,-26.13,6.5,-21.88,-32.5,-0.13,0.03,-0.1,-0.99,
144.1905377,-0.53,1.34,9.89,-7.69,-27,-20.69,9.06,-19.75,-35.25,-0.2,0.02,-0.08,-0.98,
144.5156767,-0.51,0.63,9.09,-3.5,17.81,-25.06,9.5,-18.25,-36.38,-0.26,0.02,-0.05,-0.96,
144.842591,-1.34,0.9,10.58,13.56,-29.38,-21.63,14,-16.06,-35.25,-0.32,0.03,-0.07,-0.94,
145.1670506,0.23,1.51,8.66,8.38,4,-22.25,10.88,-17.56,-34.75,-0.38,-0.04,-0.08,-0.92,
145.4942491,-1.64,1.73,9.12,-10.44,-8.06,-23.94,16.88,-15.75,-32.75,-0.44,0.01,-0.1,-0.89,
145.819699,-0.04,0.65,9.96,-9.38,-0.13,-21.75,15.06,-12.5,-36.38,-0.5,0,-0.05,-0.87,
146.1460147,-1.21,0.93,9.23,13.25,0.19,-20.31,18.38,-10.19,-34.38,-0.55,0.02,-0.07,-0.83,
146.4719183,-0.79,1.47,8.96,12.44,-16.25,-18.38,17.19,-10.5,-35.19,-0.59,-0.03,-0.08,-0.8,
146.796365,-0.4,2.08,9.87,-9.13,5.5,-23.75,16.06,-10.56,-35.88,-0.64,-0.04,-0.08,-0.76,
147.12166,-1.16,1.02,8.71,-5.06,3.38,-24.19,19.06,-6.56,-34.69,-0.69,0,-0.08,-0.72,
147.4482358,-0.24,1,9.79,-1.44,-21.63,-18.81,16.06,-3.88,-37.5,-0.73,-0.03,-0.04,-0.68,
147.7735491,-0.48,1.18,10.87,5.44,37.63,-23.75,15.38,-1.25,-37.88,-0.77,-0.02,-0.06,-0.63,
148.0989351,-1.23,1.07,7.67,14.75,-30.44,-14.75,18.5,-0.88,-35.88,-0.8,-0.03,-0.08,-0.59,
148.4233847,0.09,1.61,8.92,4.63,0.81,-21.5,12.88,-1.69,-38.25,-0.83,-0.09,-0.05,-0.55,
148.75087,-1.36,2.19,11.08,-19.56,10.25,-20.94,15.5,0.19,-37.88,-0.86,-0.04,-0.08,-0.5,
149.076122,-1.16,0.73,7.87,-11.88,-20.19,7.5,15.5,5.88,-37,-0.88,0,-0.05,-0.47,
149.4010108,-0.43,0.33,9.67,13.69,-16.38,9.31,10.56,6.25,-36.69,-0.87,-0.03,-0.01,-0.48,
149.7254014,-0.12,1.75,9.03,13.5,48,1.81,12.06,2.19,-37.5,-0.86,-0.05,-0.06,-0.5,
150.0521884,-2.29,1.6,8.42,9.5,-26.75,12,18.69,-0.38,-34,-0.85,-0.04,-0.13,-0.5,
150.3778563,1.48,2.34,9.63,-20.56,-4.25,4,10.25,-1.88,-38.25,-0.85,-0.1,-0.03,-0.52,
150.7026477,-2.7,0.29,9.77,-18.69,33.06,-6.88,17.25,3.56,-34.69,-0.85,0.04,-0.11,-0.51,
151.0271945,0.79,0.34,9.25,20.63,-82.5,14,13,4.88,-35.75,-0.85,-0.04,0.01,-0.52,
151.3541346,-0.15,1.8,9.51,8.5,109,-11.25,10.38,-0.25,-36.06,-0.84,-0.05,-0.07,-0.54,
151.6806183,-3.08,2.31,9.07,11.75,-62.81,33.19,21.56,-1.06,-31.69,-0.82,-0.02,-0.17,-0.54,
152.0059888,1.64,1.84,8.81,-16.25,11.56,15.75,8.88,-5.19,-37.19,-0.79,-0.12,-0.03,-0.59,
152.3317122,-1.78,0.61,9.05,-28.44,34,15.19,15.88,-0.19,-32.75,-0.77,0.02,-0.08,-0.63,
152.6573071,-1.42,0.49,10.06,13.94,-53.94,21.13,18.25,1.56,-33.25,-0.75,0.02,-0.05,-0.66,
152.9826338,0.62,0.88,8.95,15.63,33.75,10.19,11.19,-3.88,-35.25,-0.71,-0.05,-0.04,-0.7,
153.3087959,-1.88,1.86,8.91,6.88,1.25,23.31,18.69,-7.25,-31.69,-0.67,-0.01,-0.13,-0.73,
153.6333005,-0.73,2.44,9.66,-7.5,-1.69,19.88,16,-9.5,-31.38,-0.63,-0.04,-0.11,-0.77,
153.9646904,-0.53,0.53,8.61,-20.44,3.75,-39.5,16.38,-6.88,-33,-0.64,-0.01,-0.07,-0.77,
154.2874618,-0.43,0.53,10.19,2.94,1.19,-32.25,16,-2.38,-34.5,-0.71,0.01,-0.05,-0.7,
154.6115921,-1.35,0.85,9.7,22.75,-11.81,-30.38,15.69,-0.38,-33.69,-0.77,0,-0.08,-0.63,
154.9375992,-0.12,2.01,9.13,12.06,-0.69,-20.94,13.56,-2.25,-34.06,-0.81,-0.07,-0.08,-0.57,
155.2625694,-1.12,1.88,9.45,-8.88,-9.06,-17.25,14.56,-2.38,-31.75,-0.84,-0.05,-0.1,-0.53,
155.5883031,-1.03,1.23,9.45,-14.31,-10.06,-15.5,12.69,1.69,-33.69,-0.87,-0.03,-0.06,-0.49,
155.9139397,0.09,0.57,9.58,-4.19,12.19,-18.81,9.69,4.69,-35.38,-0.89,-0.02,-0.03,-0.45,
156.2440155,-1.9,0.45,9.5,11.19,-6.56,-10.75,14.69,6.06,-33.75,-0.91,0,-0.08,-0.4,
156.5644298,0.5,1.8,9.16,24.81,-27.88,-12.5,9.5,3.06,-36.06,-0.92,-0.1,-0.01,-0.38,
156.8960636,-1.58,2.6,8.83,-12.25,55.25,-28.75,11,0.5,-36.88,-0.93,-0.08,-0.1,-0.33,
157.2168083,-1.25,1.16,10.05,-9.88,-62.63,-6.56,14.56,5.69,-36.06,-0.95,-0.04,-0.07,-0.3,
157.5439975,0.83,0.35,9.65,-8.06,7.31,-13.25,3.88,8,-38,-0.96,-0.04,0.04,-0.27,
157.8701038,-1.15,0.88,9.16,11.5,32.5,-15.13,9,9.38,-36.06,-0.97,-0.03,-0.06,-0.24,
158.1931584,-1.76,1.37,9.28,20.31,-23.31,10.31,12.06,7.19,-38.06,-0.97,-0.06,-0.08,-0.22,
158.5172427,0.74,2.51,9.36,0.19,2,8.81,5.25,2.75,-40,-0.96,-0.12,-0.01,-0.24,
158.8432798,-2.41,1.54,10.28,-27.44,40.63,-4.81,12.5,5.69,-37.19,-0.96,-0.04,-0.11,-0.25,
159.1700103,-0.63,0.18,8.7,1,-69.63,15.44,9.75,9.06,-36.75,-0.96,-0.02,-0.02,-0.28,
159.4937589,1.11,0.88,9.07,13.06,51.25,4,2.75,8,-39.56,-0.95,-0.06,0.03,-0.3,
159.8204715,-2.91,1.81,9.68,7.44,28.5,10.13,17.19,5.75,-37.19,-0.93,-0.03,-0.16,-0.32,
160.1455042,-0.05,2,9.53,4.38,-85.88,33.69,14.56,2.06,-37.88,-0.92,-0.11,-0.04,-0.37,
160.4722557,0.62,1.77,9.05,-31.88,82.88,-2.31,7.19,2.56,-40.25,-0.91,-0.07,-0.02,-0.41,
160.7975173,-2.7,0,8.83,3.44,-30.75,13,20.19,7,-34,-0.9,0.03,-0.11,-0.43,
161.1223781,1.37,1.33,9.03,18.44,-9.69,9.13,9.38,4.75,-40.06,-0.89,-0.08,0.01,-0.45,
161.4473114,-1.51,1.68,10.59,0.81,45.38,-4.19,14.19,1.5,-38.56,-0.88,-0.05,-0.1,-0.46,
161.7750025,-1.32,1.48,8.6,-2.5,-20.06,8.56,19.75,1.06,-36.56,-0.87,-0.04,-0.12,-0.47,
162.1002111,-0.7,1.21,9.43,-10.63,-29.81,9,15,1.75,-38.25,-0.86,-0.06,-0.04,-0.5,
162.4271071,0.99,0.84,9.64,-3.69,47.5,2.69,10.38,2.56,-39.5,-0.86,-0.05,-0.02,-0.51,
162.7503319,-2.86,0.63,9.23,5.31,7.44,10.06,21.88,3,-34.25,-0.84,0.04,-0.14,-0.52,
163.0777194,0.4,1.82,9.09,17.56,-66.94,23.44,13.75,-1.88,-40.69,-0.82,-0.1,-0.03,-0.56,
163.4022563,0.49,2.11,9.27,-17.69,88.56,-13.63,10.38,-3.38,-38.88,-0.81,-0.08,-0.05,-0.58,
163.7285759,-3.55,0.39,8.99,2.19,-45,13.63,24.75,0.69,-32.25,-0.8,0.05,-0.15,-0.58,
164.0530999,2.12,1.85,9.03,7.56,-35.31,9.38,11.5,-2.56,-40.88,-0.79,-0.11,0.01,-0.61,
164.3804495,-1.54,1.08,9.99,-14.63,100,-15.19,17.75,-1.88,-36.56,-0.79,0,-0.11,-0.6,
164.7060657,-1.99,1.17,8.48,17.69,-90.13,17.94,24.56,-0.25,-32.19,-0.79,0,-0.12,-0.6,
165.0332983,1.67,1.84,9.26,-3.69,22.31,-0.94,8.38,-4.75,-39.69,-0.77,-0.12,-0.01,-0.62,
165.3583734,-2.17,1.34,10.06,-16.38,68.81,-11.94,19.5,-2.5,-37.75,-0.78,0.03,-0.13,-0.61,
165.6831553,-1.49,1.06,8.89,8.13,-80.13,15.56,22.56,-0.38,-36.56,-0.77,0.01,-0.09,-0.63,
166.007488,1.29,0.87,8.77,3.81,22.25,-1.19,9.56,-3,-42.5,-0.76,-0.09,-0.01,-0.64,
166.3349698,-2.32,1.89,10.01,-3.94,43.88,0.56,20.88,-3.69,-35.06,-0.75,0.02,-0.13,-0.64,
166.6599541,-0.62,1.06,8.84,6.75,-70.06,16.5,22.25,-3.69,-35.75,-0.74,-0.03,-0.08,-0.66,
166.9855709,0.63,1.71,9.21,-8.81,60.31,-2.69,13.5,-6,-40.25,-0.73,-0.06,-0.05,-0.68,
167.3105752,-2.67,0.68,10.03,-0.19,-0.06,2.44,24.88,-3.69,-33.38,-0.72,0.06,-0.14,-0.68,
167.6380646,0.07,1.73,8.98,7.88,-62.38,13.19,15.88,-5.56,-38.19,-0.71,-0.07,-0.04,-0.7,
167.962043,0.32,1.01,8.69,-10.38,75.94,-10.13,11.88,-6.38,-38.56,-0.71,-0.05,-0.05,-0.7,
168.288847,-2.99,1.1,10.12,8.5,-23.31,1.44,25.19,-3.38,-33.06,-0.71,0.06,-0.14,-0.68,
168.613622,0.54,1.48,9.37,4.13,-46.5,8.94,16.56,-6,-38.56,-0.71,-0.07,-0.05,-0.7,
168.9395225,-0.39,1.41,8.94,-8.56,66.94,-9.44,15.06,-7.06,-39,-0.7,-0.03,-0.07,-0.71,
169.2657883,-1.72,1.09,9.16,-0.13,-34.06,8,22.75,-5.19,-33.38,-0.7,0.02,-0.11,-0.7,
169.5914061,0.03,1.08,9.67,4,-13.38,4.56,14.25,-5.56,-37,-0.69,-0.05,-0.04,-0.72,
169.9172051,-0.76,1.26,10.09,-4.75,50.69,-2.38,16.5,-6,-37.75,-0.69,-0.01,-0.08,-0.72,
170.2419829,-1.5,1.23,8.49,8.06,-30.06,6.69,22.06,-5.56,-34.19,-0.68,0.01,-0.11,-0.72,
170.567215,0.11,1.79,9.39,-0.56,-33.13,6,14.25,-8.19,-36.19,-0.67,-0.08,-0.04,-0.74,
170.8950152,-0.22,0.65,9.64,-15.88,70.38,-11.19,13.88,-6,-37,-0.68,-0.01,-0.07,-0.73,
171.219177,-2.23,1.06,9.2,11.25,-37.13,6.81,23.19,-3.38,-32.19,-0.68,0.04,-0.11,-0.72,
171.545449,1.22,1.43,9.45,9.81,-20.69,2.25,11.69,-7.06,-37.69,-0.68,-0.09,-0.03,-0.73,
171.8712678,-1.63,1.55,9.4,-7,73.56,-10.75,16.5,-7.56,-34.69,-0.68,0,-0.11,-0.72,
172.1983583,-2,1.42,8.91,3.81,-77,17.5,21.06,-6.06,-31.06,-0.68,0,-0.11,-0.73,
172.5222898,1.47,1.21,9.36,-8.31,33.44,2.5,9.19,-7.56,-37.38,-0.66,-0.09,-0.02,-0.74,
172.8483145,-3.14,0.89,9.4,-2,20,5,20.75,-4.56,-31.88,-0.65,0.06,-0.12,-0.74,
173.1734371,0.62,1.28,9.64,14.81,-56.25,22.13,17.06,-7.56,-34.19,-0.63,-0.05,-0.06,-0.78,
173.4996786,-0.61,1.86,8.93,-9.56,43.81,1.44,12.19,-10.5,-33.69,-0.6,-0.05,-0.08,-0.79,
173.8248427,-1.27,0.76,9.21,-8.38,6.06,6.31,18.06,-9.06,-31.38,-0.59,0.03,-0.09,-0.8,
174.1514709,-0.72,1.36,10.41,3,-32.5,14.94,15.19,-8.25,-33.25,-0.56,-0.01,-0.06,-0.82,
174.4759369,-0.17,0.71,8.98,0.81,15.19,7.38,11.75,-10.19,-34.19,-0.54,-0.03,-0.05,-0.84,
174.8021729,-1.29,1.6,9.32,5.44,19.19,5.81,16.19,-10.5,-32.19,-0.52,0.02,-0.1,-0.85,
175.1274366,-1.17,1.44,9.92,-1.81,-34.19,15.81,15.56,-11,-31.06,-0.5,0,-0.1,-0.86,
175.4586468,0.51,1.33,8.78,-6.44,19.81,9,10,-12.5,-33.06,-0.47,-0.04,-0.06,-0.88,
175.7784748,-2.01,0.8,9.82,-2.81,8.63,7.69,14.88,-10.69,-31.88,-0.45,0.05,-0.09,-0.89,
176.1053565,-0.37,1.42,9.5,3.69,-20.69,12.38,12.25,-12.19,-32.69,-0.42,-0.01,-0.07,-0.91,
176.4331141,-0.41,1.07,8.93,0.63,16.94,7.56,10.38,-13,-31.06,-0.4,-0.01,-0.07,-0.92,
176.7565131,-1.71,1.34,9.87,-0.88,3.63,6.63,12.5,-13,-31.06,-0.38,0.04,-0.09,-0.92,
177.0820873,-0.13,1.36,9.78,5.13,-8.69,11,10.25,-13.69,-32.06,-0.35,-0.01,-0.08,-0.93,
177.4073329,-1.17,1.88,8.62,10.63,11.63,3.44,9.5,-15.19,-29.75,-0.33,0.01,-0.12,-0.93,
177.7330272,-0.83,2.05,9.42,-9.69,-6.13,12.44,10.25,-16.38,-29.75,-0.31,0.01,-0.12,-0.94,
178.0598643,-0.95,1.34,9.47,-23.5,-0.63,6.75,9.19,-14.88,-31.38,-0.28,0.02,-0.08,-0.96,
178.3840389,-0.71,0.19,9.81,-0.63,6.81,8.13,8.56,-12.75,-34.5,-0.26,0.03,-0.04,-0.96,
178.7110391,-0.59,1.18,9.22,17,-8.44,12.13,7.75,-15.38,-31.75,-0.23,0.02,-0.06,-0.97,
179.034692,-0.68,1.64,9.27,7.38,14,5.94,6.69,-18.5,-31,-0.21,0.02,-0.1,-0.97,
179.3621297,-1.54,1.63,9.24,-7.5,-4.5,8.38,10.38,-18.38,-30.56,-0.18,0.05,-0.1,-0.98,
179.6877069,0.1,1.35,9.72,-11.81,-12.63,9.56,5.56,-18,-32.5,-0.16,0,-0.07,-0.99,
180.0149148,-1.31,0.5,9.79,-4.06,30.63,5.38,7.06,-17,-34.06,-0.14,0.06,-0.05,-0.99,
180.3381891,-0.69,1.18,8.97,14.56,-34.63,14.19,7.5,-18.5,-33,-0.11,0.03,-0.07,-0.99,
180.6655753,0.12,1.56,9.52,-2.88,24.5,0.56,1.56,-20.19,-31.75,-0.09,0,-0.08,-0.99,
180.9889567,-1.68,1.43,9.45,-2.31,4.69,5.19,6.69,-19.88,-32.5,-0.08,0.07,-0.08,-0.99,
181.3160074,-0.43,0.94,9.22,-0.06,-27.88,10.06,3.69,-20.19,-33.69,-0.06,0.01,-0.07,-1,
181.6416638,-0.35,1.73,9.72,-5.75,31.19,0.5,1.88,-20,-32.56,-0.03,0.02,-0.07,-1,
181.9671469,-1.62,0.7,8.98,3.75,-4.31,5.13,6.25,-19.88,-33.25,-0.03,0.08,-0.06,-0.99,
182.2912211,0.3,1.22,10.06,1.56,-20.06,6.81,2.25,-20.19,-33.19,-0.01,0,-0.07,-1,
182.6175871,-1.29,0.91,10.06,2.69,20.13,2,2.69,-20.56,-34,0.01,0.05,-0.07,-1,
182.9432116,-1.58,1.47,9.64,-0.63,-9.63,6.81,3.69,-22.06,-34,0.02,0.07,-0.08,-0.99,
183.2687035,0.33,1.82,8.62,-3.31,-0.63,5.88,-1.06,-22.06,-32.88,0.04,0.01,-0.08,-1,
183.5958216,-1.24,0.58,9.47,-15.69,18.25,4,2.25,-19.06,-34.38,0.05,0.07,-0.05,-1,
183.9213591,-1.16,0.64,10.06,14.88,-39.06,8.38,2.56,-18.5,-36.75,0.06,0.04,-0.04,-1,
184.2464283,-0.15,1.34,9.24,9.38,29,-1.94,-3.38,-21.5,-34.06,0.08,0.01,-0.08,-0.99,
184.5715685,-2,1.82,9.94,2.13,1.56,-1.13,3.25,-23,-31.75,0.08,0.09,-0.09,-0.99,
184.8966582,0,1.53,8.88,-13.5,-16,4.19,-0.69,-22.56,-31.75,0.09,0.03,-0.08,-0.99,
185.2233086,-0.9,0.87,9.69,-13.31,14.44,-1.19,-0.38,-18.75,-35,0.09,0.04,-0.04,-0.99,
185.5514648,-0.69,0.39,9.6,12.5,-6.06,3.25,0.75,-18.19,-36.06,0.1,0.05,-0.03,-0.99,
185.8750429,-0.79,1.91,9.83,16,-2.69,1.69,-1.5,-21.19,-33.75,0.1,0.04,-0.08,-0.99,
186.1997504,-0.61,1.59,9.39,-7.56,18.75,-4.06,-1.06,-23.38,-33.25,0.1,0.05,-0.09,-0.99,
186.5268717,-0.81,2.02,8.62,-8.38,-23.88,0.69,0.75,-21.56,-34.06,0.09,0.05,-0.07,-0.99,
186.8513944,-0.71,0.21,9.73,-16.25,24.38,-9.13,-1.06,-18.88,-34.56,0.09,0.04,-0.02,-1,
187.1779273,0.06,0.86,9.85,25.69,-26.94,-2.63,-1.06,-18.69,-35.69,0.07,0.01,-0.03,-1,
187.5025675,-1.2,1.01,9.69,1.63,31.69,-17.69,1.06,-20.88,-32.56,0.04,0.06,-0.07,-1,
187.8294899,-1.45,2.21,9.37,2.81,-24.94,-9.31,3.69,-22.06,-31.38,0.01,0.06,-0.08,-0.99,
188.1544123,-0.06,0.67,9.28,-15.5,12.56,-12.44,1.88,-21,-32.56,-0.03,0.02,-0.06,-1,
188.4814565,-0.81,0.83,10.14,-0.81,-2.38,-15.63,5.56,-19.06,-33,-0.06,0.05,-0.04,-1,
188.806519,0.05,1.08,9.5,12.06,-3.44,-9.88,4.75,-18.75,-33.38,-0.09,0.03,-0.05,-0.99,
189.1317177,-1.6,1.34,8.72,7.81,-14.13,-7.88,7.38,-19.88,-29.88,-0.13,0.04,-0.08,-0.99,
189.4567006,0.33,1.77,9.19,-8.25,7.88,-12.69,5.19,-20.56,-31.06,-0.15,0,-0.08,-0.99,
189.7846992,-2.2,0.8,10.08,-4.69,-13.13,-11.31,10,-16.88,-32.19,-0.19,0.06,-0.06,-0.98,
190.108479,0.76,0.62,9.81,7.94,-6.56,-6.94,5.88,-17.25,-33.38,-0.21,-0.02,-0.05,-0.98,
190.4359906,-1.98,1.68,8.73,-0.38,21.75,-13.75,10.88,-17.25,-30.19,-0.24,0.05,-0.08,-0.96,
190.7609448,-0.05,1.39,10.4,7.94,-21.56,-1.5,9.38,-17.25,-32.06,-0.25,0.01,-0.08,-0.96,
191.0860643,-1.21,1.48,7.99,-11.63,1.94,-6.81,9.25,-17.69,-30.19,-0.27,0.01,-0.08,-0.96,
191.4114306,0.03,0.36,9.85,-4.69,20.38,-6,8.25,-14,-34.88,-0.28,0.02,-0.05,-0.96,
191.7388003,-1.63,1.73,9.08,22.5,-27.88,8.81,11.56,-13.75,-30.19,-0.29,0.03,-0.08,-0.95,
192.0620682,0.97,2.35,9.93,8.5,15.56,-2.44,7.19,-19,-29,-0.28,-0.04,-0.11,-0.95,
192.3886757,-2.69,2.3,8.14,-13,6.69,-3.38,13.88,-19,-28.69,-0.28,0.07,-0.14,-0.95,
192.7151706,-0.1,1.06,10.39,-17.44,-37.81,8.69,9.38,-16.5,-31.38,-0.26,0,-0.07,-0.96,
193.0405076,-0.14,0.2,9.49,-9.5,38.06,7.13,6.88,-14.25,-33.75,-0.25,0.01,-0.03,-0.97,
193.3657444,-1.41,0.84,8.9,11.44,-0.94,4.94,11.25,-14.25,-32.19,-0.24,0.07,-0.05,-0.97,
193.6961453,0.05,1.63,9.99,21,-22.75,10.44,7,-17.56,-32.19,-0.21,-0.01,-0.09,-0.97,
194.0179219,-1.07,1.93,8.32,-12.69,44.94,-5.38,7,-20.19,-28.69,-0.2,0.04,-0.11,-0.97,
194.3464251,-1.46,1.46,10.28,-7.25,-53.94,5.25,10.19,-18,-32.56,-0.2,0.04,-0.08,-0.98,
194.6683915,-0.03,0.56,8.74,-3.94,29.75,-3,5,-17,-32.56,-0.19,0,-0.05,-0.98,
194.9945486,-1.06,0.87,9.26,-1.13,-15.19,11.44,7.56,-15.69,-33.06,-0.19,0.04,-0.06,-0.98,
195.3219121,-0.2,0.82,11.32,18.13,36.75,1.75,6.06,-17,-33.38,-0.16,0.05,-0.08,-0.98,
195.6513047,-1.77,2.81,6.73,3.25,-44.19,12.31,9.5,-21,-28.25,-0.14,0.05,-0.14,-0.98,
195.971276,0.51,0.48,9.76,-12.94,45.56,-2.81,2.88,-19.56,-33.06,-0.13,0,-0.1,-0.99,
196.2987804,-1.78,2.24,8.45,9.81,-19.19,10.94,9.69,-17.75,-30.25,-0.13,0.09,-0.1,-0.98,
196.6282017,-0.26,1.46,10.03,5.44,-13.56,8.69,6.06,-19.5,-32.19,-0.09,0.02,-0.1,-0.99,
196.951813,-1.17,2.34,8.56,-2.25,18.44,5.94,4.88,-19.5,-30.25,-0.08,0.05,-0.11,-0.99,
197.2748892,-1.31,1.24,10.91,-8.56,-7.44,-1.25,6.38,-19.19,-31.88,-0.06,0.07,-0.09,-0.99,
197.5997396,-0.51,1.2,8.91,-11.88,-12.75,7.5,4.5,-17.75,-31.75,-0.05,0.03,-0.06,-1,
197.9254391,-0.89,0.43,9.62,-0.69,25.25,-1.88,3.25,-16.56,-34.5,-0.05,0.04,-0.04,-1,
198.2517805,-0.49,1.51,9.97,16.69,-12.69,2.94,5.56,-18.5,-32.56,-0.04,0.05,-0.07,-1,
198.5764301,-1.47,1.2,8.39,6.13,9.31,-0.31,4.75,-20,-31,-0.04,0.06,-0.1,-0.99,
198.9030056,-0.26,1.77,10.89,-8.38,-26.5,4.63,3.25,-20.25,-31.25,-0.04,0.02,-0.09,-0.99,
199.2308273,-0.89,1.64,8.47,-10.69,23.25,-5.31,3.75,-19.19,-31.25,-0.04,0.04,-0.07,-1,
199.5548837,-0.77,0.63,8.74,-3.38,-18.25,3.69,5.69,-17.25,-32.5,-0.05,0.04,-0.04,-1,
199.8794506,-0.47,0.09,10.93,8.75,9.13,-5.13,3.06,-17.69,-34.06,-0.04,0.02,-0.04,-1,
200.2045028,-0.21,2.66,8.81,9.56,3.56,-0.44,3.38,-19.19,-31,-0.05,0.02,-0.1,-0.99,
200.5310619,-2.34,0.84,10.2,1.5,5.25,-9.63,7.19,-21.38,-31,-0.06,0.08,-0.1,-0.99,
200.8568397,0.5,1.41,8.5,-4.88,-31.5,-1.56,1.5,-20.25,-30.5,-0.08,-0.03,-0.1,-0.99,
201.1829746,-0.38,0.77,10.21,-26.5,54.44,-18.38,2.75,-18.38,-31,-0.11,0.02,-0.05,-0.99,
201.509676,-1.73,-0.16,9.47,19.38,-46.56,-15,9.38,-14.38,-32.88,-0.14,0.07,-0.03,-0.99,
201.8356366,1.02,1.34,10.04,12.63,18.75,-19.5,2.75,-17.75,-32.88,-0.19,-0.04,-0.07,-0.98,
202.1603959,-3,2.46,8.64,4.69,2.31,-24.63,12.06,-19.25,-29,-0.25,0.08,-0.13,-0.96,
202.484961,0.04,1.61,8.78,-14.38,-25.81,-1.06,9.19,-19,-30.5,-0.26,0,-0.1,-0.96,
202.8160357,-1.05,0.85,10.08,-17.75,10.88,-5.88,8.06,-15.19,-33.25,-0.28,0.02,-0.05,-0.96,
203.1376183,-0.48,0.65,9.71,7.63,1.81,-8,9.19,-14.19,-33.69,-0.29,0.03,-0.03,-0.96,
203.4635234,-1.35,0.98,10.12,16.19,-2.44,-3.31,11.06,-16,-32.88,-0.3,0.04,-0.07,-0.95,
203.7887979,-0.1,2.22,8.15,16.13,-2.44,-12.63,9.56,-19.56,-31.25,-0.31,-0.02,-0.11,-0.94,
204.1144266,-1.75,1.52,9.51,-23.69,9.19,-15.06,12.19,-18.69,-29.75,-0.34,0.03,-0.11,-0.93,
204.4410107,0.73,0.39,10.02,-6.19,-15.06,-7.5,10.25,-14.56,-33.19,-0.37,-0.01,-0.05,-0.93,
204.7660029,-2.35,1.17,9.28,7.13,14.13,-10.13,14.38,-13.56,-32.75,-0.39,0.05,-0.07,-0.92,
205.0919154,0.36,0.67,8.82,14.69,-29,-0.19,11.88,-15.5,-34,-0.39,-0.04,-0.07,-0.92,
205.4174304,-0.52,2.51,9.85,-4.88,36.25,-6.25,11.5,-16.88,-32.75,-0.4,-0.01,-0.1,-0.91,
205.7433128,-2.59,1.05,9.3,-0.13,-28.63,-2.88,17.75,-16.06,-31.69,-0.41,0.05,-0.11,-0.91,
206.0688233,0.54,1.18,8.71,-9.31,-13.13,-1.81,9,-16.5,-34.38,-0.4,-0.06,-0.05,-0.91,
206.3938336,-1.42,0.37,10.39,5.5,58.63,2.44,13.06,-14,-35.5,-0.41,0.03,-0.07,-0.91,
206.7213168,-1.96,1.6,9.84,15.81,-51.69,10.5,19.19,-15.88,-30.56,-0.4,0.03,-0.11,-0.91,
207.0455821,1.34,1.86,8.54,-12.5,-8.88,1.69,7.69,-18.75,-33.69,-0.37,-0.1,-0.07,-0.92,
207.3724117,-1.91,0.49,9.39,-6.25,66.81,-6.13,15.75,-15.19,-34.06,-0.39,0.07,-0.09,-0.91,
207.69719,-2.03,1.04,9.66,11.56,-90.25,16.94,19.25,-15.19,-30.19,-0.37,0.04,-0.1,-0.92,
208.0227699,2.78,1.25,9.93,-13.88,35.75,-6.38,2.56,-17.06,-34.56,-0.36,-0.13,-0.04,-0.92,
208.3484175,-3.95,1.09,8.85,3.06,59.56,-9.5,17.38,-14.06,-30.56,-0.38,0.13,-0.12,-0.91,
208.6747108,0.06,1.33,8.44,13.69,-105.88,29.94,14.69,-16.25,-30.56,-0.35,-0.03,-0.1,-0.93,
209.0000613,0.56,2.57,9.78,-15.88,82.25,-0.38,3.5,-18.19,-32.06,-0.31,-0.06,-0.09,-0.94,
209.3254266,-3.32,0.44,9.5,0.44,4.88,2.5,18,-14,-28.56,-0.31,0.14,-0.11,-0.93,
209.6505501,-0.19,2.94,7.84,42.69,-74.94,14,12,-18.88,-28.56,-0.31,-0.05,-0.15,-0.94,
209.9773493,0.37,3.07,9.21,-29.63,88.75,-26.69,6.19,-23.25,-29.56,-0.32,-0.05,-0.16,-0.93,
210.3030457,-3.43,0.49,10.09,-35.44,-37.5,-6.44,21,-14.69,-28.25,-0.36,0.14,-0.1,-0.92,
210.6292849,0.17,0.73,8.18,-4.06,-80.44,0.19,8.56,-12.75,-32.88,-0.35,-0.06,0.01,-0.94,
210.9576941,0.49,-0.46,9.07,12.5,112.56,4.88,3.56,-12.25,-36.75,-0.33,0,-0.01,-0.94,
211.2804313,-3.56,2.75,7.94,48.13,-31.75,21.5,21.25,-15.88,-28.69,-0.33,0.13,-0.16,-0.92,
211.604985,2.03,3.08,9.39,1.44,-62,37.69,7.06,-25.19,-29.38,-0.26,-0.12,-0.17,-0.94,
211.9323952,-1.13,1.98,10.27,-56.5,114.75,-9.56,7.69,-22.25,-32.06,-0.24,0.03,-0.11,-0.96,
212.2594388,-2.8,-0.81,8.24,-17.5,-80.25,16.13,19.19,-14.19,-30.69,-0.2,0.15,-0.02,-0.97,
212.5845311,2.84,0.33,9.1,21.06,-36.38,16.19,-2.75,-14.19,-36.56,-0.15,-0.14,0.01,-0.98,
212.9097776,-1.48,0.54,10.87,35.63,145,4.38,4,-17.56,-35,-0.1,0.09,-0.08,-0.99,
213.2364261,-3.18,3.73,7.76,26.69,-82.31,71.38,14.25,-25.25,-25.19,-0.05,0.14,-0.21,-0.97,
213.56129,1.63,3.06,7.72,-54.06,11.88,29.25,-5.19,-27.38,-24.25,0.07,-0.06,-0.18,-0.98,
213.8875589,-1.52,-1.32,11.29,-52.38,45.25,-14.69,1.75,-15.75,-35.5,0.04,0.06,0.01,-1,
214.2136188,-1.36,-0.95,9.04,17.75,-5.13,-13.5,6.56,-9.75,-35.5,0,0.09,0.04,-0.99,
214.5409679,0.45,0.95,9.09,60.94,-62.5,-12.81,0.25,-16.06,-33.88,-0.04,-0.05,-0.08,-1,
214.8654354,-0.57,3.58,9.41,23.19,102.63,-32.56,0.69,-23.88,-28.38,-0.08,0.03,-0.2,-0.98,
215.1943233,-3.18,3.6,7.02,-16.38,-52.75,3.44,14.5,-25.25,-22.56,-0.12,0.14,-0.21,-0.96,
215.5210879,0.94,0.66,10.28,-50.75,-39.31,13.06,1.56,-21.69,-32.25,-0.11,-0.05,-0.08,-0.99,
215.8496199,-0.52,0.57,9,-14.31,74.44,5.94,2.88,-15.56,-36.69,-0.09,0.04,0,-1,
216.1730366,-2.1,-1.11,9.59,37.13,-56.94,16.31,10,-16.38,-35.38,-0.06,0.1,-0.02,-0.99,
216.5000641,2.32,3.09,8.69,28.75,1.5,-2.06,-2.75,-24.56,-30.75,-0.03,-0.08,-0.14,-0.99,
216.8286102,-2.93,1.84,9.57,-17.75,44.75,-20.31,7.25,-26.69,-29.88,-0.06,0.09,-0.14,-0.98,
217.1518745,-1.91,1.46,9.4,-21.5,-40.38,0.38,8.25,-21.88,-32.19,-0.07,0.07,-0.08,-0.99,
217.4779899,1.8,0.33,9.02,-2.56,-14.06,0.0.38,8.25,-21.88,-32.19,-0.07,0.08,-0.04,-0.99,
217.8036029,-2.03,0.54,8.94,5.88,83.31,-6.13,5.69,-18.56,-33.5,-0.07,0.11,-0.05,-0.99,
218.1298454,-1.71,2.05,9.2,26.63,-93.69,26.63,8.88,-23.38,-31.88,-0.05,0.06,-0.11,-0.99,
218.4552019,1.88,1.6,9.56,-6.69,45.94,0,-5.19,-24.75,-30.25,-0.02,-0.07,-0.12,-0.99,
218.7798893,-2.62,1.51,9.19,-18.31,41.88,0.31,10,-22.19,-33.06,-0.02,0.13,-0.08,-0.99,
219.1060135,-0.98,0.89,9.1,-7.56,-92.19,28.56,4.75,-20.69,-35.5,0.03,0.03,-0.06,-1,
219.4307177,1.19,0.43,9.43,6.25,64.06,18.69,-7.06,-20,-35.5,0.1,-0.05,-0.05,-0.99,
219.7575336,-2.08,2.33,8.35,16.44,27.31,27,4.38,-21.06,-33.06,0.14,0.14,-0.07,-0.98,
220.0829749,-1.6,1.26,8.74,-1.69,-74.06,10.56,0.38,-23,-33.88,0.17,0.08,-0.09,-0.98,
220.4088249,2.44,1.68,11.05,-6.19,32.06,1.63,-12.06,-20.69,-31.88,0.2,-0.05,-0.11,-0.97,
220.7337625,-1.28,1.04,9.87,-21.56,68.81,-85.06,0.38,-23,-33.19,0.02,0.07,-0.07,-0.99,
221.0609338,-1.58,0.87,8.78,23.63,-79.25,-60.88,9.88,-19.75,-33.06,-0.17,0.04,-0.05,-0.98,
221.3849857,0.73,1.75,8.91,4.56,32.75,-76.5,6.19,-21.06,-34.38,-0.34,-0.05,-0.08,-0.94,
221.7125053,-3.05,1.25,9.6,0.25,-13.81,-66.13,19.56,-14.19,-30.75,-0.51,0.07,-0.12,-0.85,
222.0374885,0.76,1.03,9.9,8.94,-57.13,-49.94,14.06,-8.38,-34.38,-0.63,-0.06,-0.03,-0.77,
222.365099,-0.68,1.45,8.88,-2.31,56.88,-64.56,14.06,-5.69,-34.06,-0.74,-0.04,-0.08,-0.67,
222.6886077,-1.84,1.33,9.07,8.38,-61.94,-26.19,16.56,-0.88,-31.56,-0.81,-0.02,-0.1,-0.58,
223.0157642,0.87,1.34,9.59,-1.94,27.88,-35.81,8.88,-0.75,-35.69,-0.86,-0.08,-0.02,-0.51,
223.3391738,-3.65,1.32,8.94,-0.06,2.56,-12.06,15.19,2.56,-31.69,-0.89,-0.02,-0.12,-0.43,
223.6654847,-0.12,0.87,8.88,-3.31,-64.38,25.69,13.38,3.69,-33.56,-0.88,-0.04,-0.03,-0.47,
223.9902122,-0.02,1.18,8.68,8.44,64.31,10,10.06,1.5,-35.88,-0.86,-0.05,-0.03,-0.51,
224.3214946,-2.83,1.6,10.41,10.63,-26.44,23.5,20.06,-0.25,-33.56,-0.83,-0.01,-0.13,-0.55,
224.6425936,0.73,2.11,8.33,-6.19,-12.06,22.25,12.56,-3.19,-36.69,-0.79,-0.1,-0.03,-0.6,
224.9687195,-0.63,1.17,10.48,-16.38,26.31,11.94,15.88,-2,-36.19,-0.77,-0.03,-0.05,-0.64,
225.293169,-1.2,0.31,8.32,4,20.25,14.94,22.06,-2,-35,-0.74,0.03,-0.09,-0.67,
225.6201715,0.17,1.84,10.64,9.56,-62.19,26.69,16.88,-3.88,-37,-0.71,-0.07,-0.04,-0.7,
225.9444938,0.31,1.36,8.8,-0.13,74.19,8.63,17.38,-9.38,-37.75,-0.66,-0.05,-0.06,-0.74,
226.2704372,-3.77,1.6,8.96,0.69,-48.56,37.88,26.19,-9,-32.69,-0.62,0.04,-0.13,-0.78,
226.5971527,2.4,1.76,8.62,-6.19,-10.88,-7.88,10.25,-14.06,-39.75,-0.55,-0.11,-0.02,-0.82,
226.9260573,-2.37,1.01,9.85,-8.38,77.81,-13.06,21.88,-9.56,-36.88,-0.58,0.06,-0.1,-0.8,
227.2473857,-1.27,1.59,9.51,17.13,-82.31,9.63,23.56,-10.69,-35.38,-0.59,0.02,-0.1,-0.8,
227.5738549,1.93,1.83,8.48,-3.44,14.31,-2.31,9.88,-14.5,-40.88,-0.57,-0.13,-0.02,-0.81,
227.900481,-3.23,0.84,9.42,-12.88,58.94,-14.69,24.38,-10,-34.56,-0.59,0.06,-0.11,-0.8,
228.2249861,0.15,1.21,9.93,9.44,-80.06,15.31,21.25,-10.75,-37.25,-0.59,-0.02,-0.06,-0.81,
228.5500321,0.28,1.1,8.37,-0.19,69.56,-4.63,15.38,-13.06,-39.19,-0.57,-0.03,-0.07,-0.82,
228.8773928,-2.29,1.53,10.41,6.31,-27.31,15.63,25.75,-11.88,-34.56,-0.57,0.05,-0.13,-0.81,
229.2017813,0.41,2.13,8.93,-8.06,-29.63,11.13,16.38,-15.25,-37.69,-0.54,-0.06,-0.08,-0.84,
229.5289245,-1.87,0.31,9.01,-11.56,36.63,-4,19.06,-11.88,-38.06,-0.53,0.03,-0.08,-0.84,
229.8526678,-0.07,0.76,10.24,1.88,-9.31,1.94,20.19,-11.19,-38.5,-0.53,0.02,-0.06,-0.84,
230.1787446,-1.52,1.33,9.27,13.19,5.31,-1.5,20.88,-11.88,-38.06,-0.54,0.02,-0.09,-0.84,
230.8311198,-0.96,1.7,9.73,-10.5,-5.63,6.69,18.19,-14.56,-36.5,-0.52,-0.02,-0.08,-0.85,
231.1563556,-1.13,1.41,10.02,-18,10.13,2.88,19.25,-11.88,-36.88,-0.51,0.02,-0.06,-0.86,
231.4817491,-1.08,-0.49,9.44,11.69,13.13,3.19,20.5,-10.38,-36.5,-0.5,0.05,-0.05,-0.86,
231.8079717,0.16,2.27,9.62,17.5,-46.44,17.13,15.25,-16,-36.56,-0.47,-0.05,-0.07,-0.88,
232.1346145,-0.71,2.31,8.84,-11.5,69.69,-8.25,15.25,-18.38,-37,-0.46,-0.02,-0.1,-0.88,
232.4588377,-2.14,0.84,9.29,-5.25,-45.31,8.13,22.25,-14.19,-34.19,-0.46,0.06,-0.09,-0.88,
232.7903149,1.66,0.79,8.82,-3.31,-13.44,8.81,9.69,-15.75,-38.06,-0.42,-0.08,-0.01,-0.9,
233.1097727,-2.64,1.09,10.34,3.19,81.31,-1.31,20.06,-14.56,-36.56,-0.41,0.08,-0.08,-0.9,
233.4359572,-1.09,1.29,8.57,18.81,-71.13,33.25,20.75,-19.06,-33,-0.37,0.02,-0.1,-0.92,
233.7624261,0.51,2.43,8.4,-10.88,22.31,12.75,7.75,-22.38,-37,-0.32,-0.08,-0.09,-0.94,
234.0881343,-2.13,0.74,10.06,-29.19,50.19,-1.25,16.69,-19.06,-35.69,-0.3,0.1,-0.07,-0.95,
234.4137247,-0.91,0.02,9.75,19.94,-72.5,13.56,16.25,-17.56,-36.69,-0.28,0.05,-0.04,-0.96,
234.7382586,0.85,2.47,9.57,3.63,16.25,0.56,4.69,-21.69,-37.75,-0.25,-0.07,-0.07,-0.96,
235.0640936,-2.05,0.67,8.04,-10.31,66.38,-15,17,-19.5,-34.69,-0.28,0.1,-0.09,-0.95,
235.3908544,-1.21,1.22,9.92,18.13,-94.56,5.13,17.69,-19.88,-35.38,-0.29,0.04,-0.09,-0.95,
235.7176726,2.54,1.9,9.5,-10.44,25.38,-13.13,2.25,-22.06,-38.06,-0.29,-0.11,-0.06,-0.95,
236.042969,-3.6,0.87,8.77,-4.06,50.25,-18.19,21.19,-17.56,-34.19,-0.35,0.14,-0.11,-0.92,
236.3677008,-0.72,1.97,9.99,16,-128.44,20.25,15.25,-18.69,-35.75,-0.35,-0.02,-0.08,-0.93,
236.6943767,1.73,0.86,8.03,-19.06,73.94,-15.75,1.88,-20.19,-38.5,-0.35,-0.1,-0.04,-0.93,
237.0235336,-3.39,1.02,10.02,-0.19,31.81,-10.13,23.69,-15.06,-33.75,-0.38,0.14,-0.1,-0.91,
237.3454914,0.25,1.25,9.5,29.75,-98.13,14.81,16.88,-18.5,-37,-0.37,-0.04,-0.08,-0.92,
237.6714299,0.66,2.3,8.69,-18.5,61.13,-23.25,7.25,-21.5,-36.56,-0.38,-0.08,-0.09,-0.92,
237.9998953,-2.65,0.28,8.72,-16.13,-0.19,-13.31,22.75,-15.5,-35,-0.43,0.1,-0.09,-0.89,
238.3236353,-0.09,0.99,10.15,14.75,-48.5,-6.06,16.38,-14,-38.56,-0.45,-0.01,-0.04,-0.89,
238.6486576,0.74,1.53,9.71,6.69,41.06,-16.94,12.38,-15.88,-38.5,-0.48,-0.05,-0.07,-0.88,
238.9742486,-2.83,1.32,8.02,9.88,-0.81,-13.88,25,-15.5,-33.5,-0.5,0.07,-0.14,-0.85,
239.2991412,0.07,2.4,9.91,-1.94,-68.56,9.94,16.38,-17,-36.56,-0.52,-0.08,-0.08,-0.85,
239.6261783,1.42,1.11,9.3,-32.75,76.31,-21.81,10.88,-14,-41,-0.54,-0.06,-0.03,-0.84,
239.9508564,-3.65,-0.5,9.11,17.88,-18.13,-15.81,29.69,-6.69,-33.06,-0.58,0.14,-0.1,-0.8,
240.2768431,1.18,1.47,8.87,35.13,-88.13,-2.75,13,-11.88,-40.56,-0.6,-0.12,-0.03,-0.79,
240.6021988,0.12,3.43,9.37,-19.75,110.19,-47,10.75,-16,-39.75,-0.63,-0.09,-0.1,-0.76,
240.9285624,-3.93,-0.13,8.76,-13.31,-37.06,-18.06,31.56,-4.06,-31.06,-0.68,0.11,-0.15,-0.71,
241.2554209,2.32,1.46,9.07,13,-69.44,-9.25,13,-4,-41.69,-0.71,-0.11,0.03,-0.7,
241.5822699,2.32,1.46,9.07,13,-69.44,-9.25,13,-4,-41.69,-0.71,-,-0.01,-0.09,-0.66
241.9096336,-2.83,0.83,9.03,18.56,-77.63,9.19,29,-1,-32.69,-0.77,0.03,-0.15,-0.62,
242.2340872,2.08,2.44,9.51,3,-37.88,-3.69,9,-5.88,-42.88,-0.77,-0.16,0.02,-0.62,
242.5639224,-1.76,1.6,8.82,-30.5,123.63,-35.31,17.88,-2.88,-39.25,-0.8,0.01,-0.13,-0.58,
242.890002,-3.38,-0.01,9.47,12.13,-109.44,4,28.69,5.25,-32.25,-0.82,0.07,-0.13,-0.55,
243.2167511,-3.38,-0.01,9.47,12.13,-109.44.25,1.19,0.06,-43.38,-0.8,-0.18,0.12,-0.55,,
243.5451386,-2.2,1.6,9.42,-13.5,162.75,-33.94,19.38,-1,-38.69,-0.83,-0.01,-0.14,-0.54,
243.8700144,-4.62,1.17,7.82,16.88,-138,43.94,31.25,2.69,-28.88,-0.83,0.03,-0.19,-0.53,
244.19698,4.41,2.31,8.48,-8.56,8.94,18.94,-0.56,-4.25,-43,-0.78,-0.2,0.08,-0.59,
244.5246272,-4.13,0.36,9.08,-27.38,134,-12.88,22.06,0.5,-36.69,-0.78,0.09,-0.16,-0.6,
244.8507519,-1.81,1.36,9.68,37.63,-167.31,45.94,24.69,-0.56,-33.75,-0.76,-0.02,-0.09,-0.64,
245.1755812,4.17,1.8,7.54,-11.63,77.25,-1.63,-0.56,-8.5,-41.25,-0.72,-0.2,0.05,-0.66,
245.5011771,-5.72,0.97,9.21,-14,75.63,-1.31,30.25,-2.06,-30.25,-0.71,0.14,-0.22,-0.65,
245.8267968,-0.42,2,8.97,18.19,-155.75,47.81,25,-6.19,-31.88,-0.68,-0.05,-0.1,-0.72,
246.1522207,2.27,1.44,8.42,-25.13,80.75,0.88,3.69,-9.69,-39.75,-0.64,-0.14,0.01,-0.76,
246.4780133,-3.9,-0.21,9.57,-6.69,67.19,-7.13,26,-3.56,-32.25,-0.63,0.14,-0.15,-0.74,
246.8047051,-0.05,1.84,9.11,31.44,-133.06,32.44,18.88,-7.69,-35,-0.62,-0.07,-0.07,-0.78,
247.129596,1.87,2.23,8.85,-14.19,97.5,-17.31,5.06,-13.38,-38.5,-0.61,-0.14,-0.05,-0.78,
247.455369,-4.46,0.53,8.33,-6.31,9.19,-8.63,28.19,-7.06,-26.75,-0.62,0.13,-0.18,-0.75,
247.7816248,0.97,1.89,9.63,10.44,-129,21.69,16.69,-8.19,-33.06,-0.62,-0.1,-0.04,-0.78,
248.111702,1.17,0.95,9.37,-23.5,140.94,-22.13,7.75,-8.88,-37.38,-0.63,-0.05,-0.04,-0.77,
248.432539,-4.12,0.77,8.44,22.75,-38.44,8,26,-3,-26.38,-0.65,0.11,-0.17,-0.73,
248.758342,-0.08,2.67,9,9.13,-45.5,62.63,14.19,-10.69,-32.25,-0.6,-0.09,-0.09,-0.79,
249.0836062,0.17,1.87,9.28,-4.81,67.19,-23.25,10.56,-14.06,-34.56,-0.54,-0.06,-0.1,-0.83,
249.4100888,-2.63,1.23,8.64,-6.5,-29.75,-3.63,22,-9.88,-29.5,-0.57,0.05,-0.14,-0.81,
249.7348261,1.59,1.53,10.4,-8.5,-56.31,-1.25,12.38,-9.88,-35,-0.59,-0.1,-0.01,-0.8,
250.0611773,-1.26,0.29,8.91,-2.13,106.5,-15.31,15.69,-7,-34.19,-0.6,0.04,-0.09,-0.79,
250.3864734,-1.97,1.52,9.2,30.88,-99.94,23.13,22.06,-7.69,-29.19,-0.62,0,-0.11,-0.78,
250.7125037,1.54,2.66,9.43,-6.38,57.63,-14.25,8,-14.38,-35.5,-0.6,-0.13,-0.07,-0.79,
251.0385997,-2.69,0.38,8.75,-24.75,11,-4.81,20.25,-8.75,-31.88,-0.61,0.06,-0.13,-0.78,
251.36396,0.1,1.01,9.66,7.81,-53.63,2,15.38,-6.19,-34.69,-0.62,-0.03,-0.04,-0.78,
251.6893837,-0.02,0.76,9.49,-1.06,28.63,-15.13,11.25,-7,-34.69,-0.63,-0.06,-0.03,-0.77,
252.0154803,-1.34,0.56,9.37,11.5,36,-14.25,19,-6.56,-33.75,-0.66,0.03,-0.11,-0.74,
252.3407776,-1.99,2.33,9.54,19.81,-81.31,4.75,19.38,-8.06,-32.25,-0.68,-0.04,-0.11,-0.73,
252.6670742,2.33,2.16,8.44,-24.81,39.44,-27.69,6.38,-9.88,-35.38,-0.7,-0.14,-0.02,-0.7,
252.9934118,-3.37,0.11,9.47,-13.13,35.06,-30.31,19.38,-2,-30.25,-0.75,0.07,-0.13,-0.65,
253.3192134,-0.91,0.9,9.35,22.19,-86.81,25.13,15.06,-0.75,-31.06,-0.76,-0.04,-0.04,-0.64,
253.6446531,1.43,1.62,9.67,3.94,92,-4.63,6.06,-5.88,-37,-0.73,-0.09,-0.03,-0.67,
253.9726782,-3.18,1.29,9.55,8.19,-6.31,22.94,21.06,-5.19,-28.69,-0.72,0.03,-0.18,-0.67,
254.2962341,-2.27,3.26,8.34,-12,-45.88,63.31,18.88,-10.06,-29.19,-0.63,-0.03,-0.15,-0.76,
254.6233144,-0.04,0.3,7.55,-36.56,50.13,52.81,11.88,-12.06,-34.19,-0.49,-0.01,-0.05,-0.87,
254.9474828,-1.72,0.47,10.7,3.38,-51.56,68.56,13.75,-10.69,-35.25,-0.35,0.03,-0.03,-0.94,
255.2734044,1,1.42,8.86,21.63,58.88,61.94,3.5,-18.06,-35.69,-0.16,-0.02,-0.06,-0.99,
255.5982034,-3.23,1.6,8.63,12.38,3.31,59.88,9.5,-21.69,-32.56,0,0.12,-0.12,-0.98,
255.9243965,1.37,2.99,9.48,-23.88,-20.44,58.19,-6,-25,-32.25,0.18,-0.02,-0.14,-0.97,
256.2498596,-1.4,-0.12,9.2,-34.06,77.13,35.06,-6.69,-18.25,-36.88,0.3,0.07,-0.01,-0.95,
256.576998,-1.29,0.49,10.11,25.94,-72.44,45.06,-4.88,-14,-40.38,0.4,0.06,-0.02,-0.91,
256.9021466,2.44,1.89,9.18,6.06,14.25,22.75,-20.06,-15.88,-33.69,0.48,-0.05,-0.13,-0.87,
257.2290382,-3.58,0.82,8.81,1.19,104.75,-1.56,-3.75,-14.06,-40,0.5,0.21,0.03,-0.84,
257.5536301,-1.82,3.03,9.27,26.38,-150.13,65.44,-2.75,-18.19,-40.38,0.55,0.14,-0.1,-0.82,
257.8801751,2.09,1.74,8.68,-56.31,73.38,-8.44,-27.56,-14.5,-32.56,0.6,-0.02,-0.15,-0.79,
258.2069857,-4.1,-1.12,9.57,-16,37,-12.56,-6.38,-5.5,-44.69,0.57,0.12,0.12,-0.8,
258.530092,1.38,0.85,8.87,52.88,-93.44,2.13,-17.06,-8.88,-41.88,0.57,0,-0.07,-0.82,
258.8568144,-0.79,2.81,9.38,-0.81,109.13,-47.75,-18.88,-17.38,-37.19,0.53,0.11,-0.09,-0.83,
259.1825199,-3.94,1.18,8.82,10.88,-87.25,0.94,-2.25,-19.69,-41.88,0.47,0.18,-0.01,-0.87,
259.5070133,3.32,2.12,8.67,-11.25,-15.44,-9.19,-24.19,-21.06,-33.69,0.46,-0.05,-0.16,-0.87,
259.8328178,-2.74,0.74,8.97,-44.13,103.38,-35.56,-6.25,-16.56,-42,0.4,0.15,0.05,-0.9,
260.1599038,-3.29,-1.22,10.14,29.5,-131.5,-11.44,4.88,-12.19,-43.19,0.35,0.11,0.08,-0.93,
260.4850121,3.91,1.93,7.43,43.81,8.63,-18.13,-27.06,-21.75,-31.5,0.33,-0.14,-0.17,-0.92,
260.8122745,-4.8,2.38,10.2,-12.75,117.75,-50.63,-4.25,-28.06,-38.19,0.27,0.21,-0.08,-0.94,
261.1376231,-1.1,1.38,7.55,1.5,-135.94,32.81,2.25,-27,-39.25,0.26,0.1,-0.09,-0.96,
261.4645956,1.83,2.4,9.18,-45,71.31,-13.63,-19.25,-24,-35.38,0.27,-0.05,-0.08,-0.96,
261.7914176,-3.36,-1.6,9.95,-7.13,0.13,-22.19,3.38,-14,-44.75,0.22,0.14,0.08,-0.96,
262.1179574,1.1,0.15,8.14,61,-90.63,-11.69,-12.88,-21.75,-39.69,0.19,-0.08,-0.06,-0.98,
262.4455614,-0.39,3.93,9.54,4.38,139.75,-51.31,-11.88,-31.38,-34.69,0.14,0.06,-0.16,-0.98,
262.7737253,-4.09,2.14,8.4,-28.06,-45.94,4.13,14.88,-29.25,-35.56,0.08,0.23,-0.07,-0.97,
263.0992658,0.96,0.76,8.43,-16.38,-103.81,20.69,-7.88,-25.06,-40.25,0.13,-0.08,-0.05,-0.99,
263.4247541,1.68,-0.72,10.52,-6.56,141.25,4.31,-14.88,-19.19,-40.25,0.17,-0.05,0,-0.98,
263.7502654,-4.35,0.57,7.6,50.88,-31.75,30.13,13,-21.38,-39.5,0.17,0.23,-0.02,-0.96,
264.0772846,2.59,4.69,8.48,15.94,-66.13,36.31,-14.88,-33.69,-30.88,0.24,-0.03,-0.22,-0.94,
264.4033966,-0.98,1.74,9.13,-74.56,117.88,-34.5,-10.38,-27.38,-37.19,0.24,0.09,-0.06,-0.96,
264.7285261,-3.3,-2.08,9.9,7.75,-134,-11.63,4.38,-12.75,-45.38,0.21,0.09,0.08,-0.97,
265.0542626,4.36,1.41,7.19,37.94,23.5,-6.25,-24.56,-21.25,-34.5,0.2,-0.18,-0.09,-0.96,
265.3798628,-4.88,1.88,9.23,-5.5,135.06,-35.75,6.56,-25.38,-39.25,0.16,0.24,-0.03,-0.96,
265.7060254,-2.28,2.2,8.77,16,-152.63,59.81,10,-26.88,-37.69,0.2,0.16,-0.09,-0.96,
266.0326152,2.44,1.59,7.71,-16.13,10.31,28.5,-23.06,-25.88,-32.19,0.3,-0.1,-0.15,-0.94,
266.3586993,-3.73,-0.06,11.59,-25.75,110.19,3.94,-7.06,-18.06,-43.56,0.34,0.15,0.04,-0.93,
266.6849897,-1.61,0.44,7.77,26.81,-96.44,32.38,-4.06,-18.75,-42.88,0.39,0.11,-0.01,-0.91,
267.0103612,1.92,2.71,8.93,4.94,59.25,4.5,-20.5,-21.38,-35.75,0.45,0.02,-0.12,-0.89,
267.3360252,-3.9,1.06,8.7,-15.94,25.69,2.5,-0.88,-18.06,-43.19,0.46,0.21,0.02,-0.86,
267.6630824,0.57,1.09,9.99,6.25,-116.13,34.5,-15,-16.88,-40.5,0.51,0.01,-0.1,-0.85,
267.988497,2.29,1.2,8.4,-9.25,115.19,2.31,-26.88,-14.38,-35.38,0.55,-0.01,-0.1,-0.83,
268.3186729,-5.35,1.24,8.57,5.13,30.38,16.19,3.56,-11.69,-43.75,0.55,0.27,0.11,-0.78,
268.6426172,0.97,2.52,9.44,18.69,-147.94,62.31,-17.06,-15.5,-40.56,0.65,0.08,-0.13,-0.74,
268.9766064,2.08,1.84,8.84,-41.19,116.25,-1.88,-30.06,-9.88,-33.88,0.7,0.01,-0.13,-0.7,
269.2969208,-3.89,0.18,9.01,-4.63,23.56,16.13,-0.75,-1.38,-46.5,0.71,0.17,0.14,-0.67,
269.6234612,1.51,1.83,7.82,27.81,-119.44,45.44,-19,-3.19,-41.75,0.78,0.04,-0.12,-0.62,
269.9520361,0.51,0.59,10.54,-15.13,174.69,-42.44,-19.75,-5.75,-37.69,0.74,0.11,-0.03,-0.66,
270.2775753,-4.06,0.99,6.34,54.94,-109.94,-0.94,5.38,-7,-44.5,0.67,0.23,0.07,-0.7,
270.6039486,3.62,4.19,9.62,-4.25,-62.19,-13.63,-27.25,-17.25,-30.75,0.63,0.02,-0.27,-0.73,
270.9325385,-1.94,1.45,7.23,-69.06,166.88,-62.31,-15,-15.56,-38.56,0.57,0.18,0.01,-0.8,
271.2569053,-4.45,-2.17,9.54,25.94,-164.75,-38.63,6.56,-3.06,-43.19,0.49,0.13,0.14,-0.85,
271.582082,3.12,1.52,7.16,48,-8.56,-40.31,-25.25,-14.25,-31.88,0.42,-0.12,-0.16,-0.89,
271.9090173,-3.35,3,11.21,-0.63,134.13,-69.25,-5.19,-25,-36.56,0.32,0.19,-0.1,-0.92,
272.2342782,-2.79,1.23,7.55,7.75,-129.88,12.13,8,-24.25,-34.69,0.24,0.17,-0.08,-0.95,
272.5601542,3.34,2.97,7.97,-30.75,19.38,-25.88,-17,-24.19,-28.75,0.21,-0.11,-0.15,-0.96,
272.8855877,-3.31,-1.54,9.77,-46.25,93.13,-55.5,3.38,-17.19,-38.25,0.1,0.17,0.05,-0.98,
273.2117658,-0.87,-1.15,9.78,69.13,-131.75,-47.44,7.88,-12.06,-40.56,-0.04,0.02,0.02,-1,
273.5373697,1.92,3.95,8,52.13,72.94,-69.25,-4.25,-26.56,-31.56,-0.16,-0.11,-0.19,-0.96,
273.8642673,-5.35,3.76,7.89,-32.19,19.81,-54.81,21.38,-25,-21.19,-0.31,0.17,-0.24,-0.9,
274.189894,0.11,0.83,9.23,-28.19,-137.88,5.56,17.69,-17.56,-31.06,-0.36,-0.02,-0.07,-0.93,
274.5164928,1.69,0.24,8.97,-26.5,76.88,-8.19,0.88,-11.75,-36.88,-0.38,-0.09,0.04,-0.92,
274.8425865,-3.3,-0.77,9.75,23.69,38.88,-14.19,19.06,-6.69,-33.88,-0.42,0.15,-0.05,-0.89,
275.1702716,0.02,2.39,9.68,66.38,-82.44,4,14.56,-14.75,-33.75,-0.44,-0.05,-0.11,-0.89,
275.4962733,0.39,3.59,7.15,-14.25,45.94,-39.69,9.56,-21.75,-28.25,-0.47,-0.13,-0.17,-0.86,
275.8242085,-2.69,1.55,9.97,-63.81,2.5,-35.31,19.25,-12.5,-29.38,-0.57,0.06,-0.12,-0.81,
276.1504896,-0.16,-2,11.25,-0.44,-55.13,-24.94,14.75,0,-35.25,-0.62,0.04,0.03,-0.78,
276.4775681,0.38,1.2,8.14,34.06,33.19,-14.88,9.25,-2.88,-34.19,-0.65,-0.04,-0.01,-0.76,
276.8014801,-1.51,1.7,9.21,24.81,20.75,-9.06,17.75,-7.75,-30.69,-0.67,-0.01,-0.14,-0.73,
277.1292067,-2.59,2.86,7.89,4.19,-40.5,23.94,20.75,-10.06,-27.56,-0.66,-0.03,-0.19,-0.72,
277.4549429,0.79,2.13,9.35,-39.63,-10.75,7.25,10.88,-10.75,-34.19,-0.64,-0.1,-0.07,-0.76,
277.7804513,-1.23,-0.76,11.45,-38.5,50.56,-0.69,15,-3.5,-35.75,-0.64,0.06,-0.03,-0.76,
278.1054749,-1.62,-0.6,8.73,38.75,-44.56,5.56,20.88,-2.19,-31.75,-0.63,0.06,-0.04,-0.77,
278.4325604,1.65,2.83,8.75,30.38,-29.81,-6.06,8.69,-10.69,-34.88,-0.62,-0.16,-0.02,-0.77,
278.7584672,-2.34,2.14,9.89,-23.94,133.81,-48.69,20.06,-11.25,-32.88,-0.66,0.03,-0.17,-0.73,
279.0843263,-2.83,0.62,8.21,22.13,-135.31,16.19,25.69,-4.56,-27.75,-0.7,0.03,-0.14,-0.7,
279.415416,3.23,2.96,9.5,-22.63,27.44,-24,4.5,-9.06,-38,-0.71,-0.17,0.02,-0.69,
279.7354941,-4.25,-0.4,8.58,-19.69,83.25,-39.75,23.75,0.56,-29.75,-0.76,0.13,-0.17,-0.62,
280.0608907,-1.11,0.21,8.48,50.31,-166.94,5.81,18.38,2.88,-32.19,-0.81,-0.03,-0.04,-0.59,
280.3945756,2.38,3.65,9.04,-4.63,137.88,-44.44,1.5,-5.88,-39.75,-0.81,-0.16,-0.02,-0.56,
280.7117546,-5.29,0.32,8.29,-10.31,-30.31,-3.81,26.06,2.38,-26.69,-0.83,0.07,-0.23,-0.5,
281.0396945,0.61,1.46,8.35,6.44,-78,15.56,13.06,1.56,-33.38,-0.85,-0.11,0.02,-0.51,
281.3640885,0.81,1.27,9.32,-11.75,90.06,-6.94,7.75,0.06,-37.25,-0.84,-0.08,-0.01,-0.53,
281.6878302,-3.83,0.96,9.36,5.06,-25.13,18.38,22.56,3.06,-31.19,-0.83,0.04,-0.15,-0.53,
282.014354,0.82,1.39,7.82,16.94,-59.5,22.13,11.69,-2.88,-37.19,-0.81,-0.11,-0.01,-0.58,
282.3400872,0.4,2.68,10.94,-20.81,98.06,-4.25,9.5,-4.19,-38.19,-0.79,-0.07,-0.05,-0.61,
282.6663125,-4.2,-0.45,8.2,-12.31,-29.81,-9.88,26.56,3.5,-26.88,-0.79,0.11,-0.15,-0.59,
282.9916255,2.55,0.42,8.54,25.44,-105.81,3.25,8,2.06,-38.25,-0.79,-0.12,0.09,-0.6,
283.3167903,-0.36,2.06,11.07,1.13,206.56,-26.25,13.06,-2.25,-39.88,-0.79,-0.04,-0.08,-0.6,
283.6424229,-5.14,1.56,7.15,29.56,-96.94,47.25,32.25,-0.75,-23.25,-0.77,0.05,-0.25,-0.59,
283.9677465,4.06,2.92,7.46,-19,-79.75,40.63,1.69,-12.38,-36.56,-0.7,-0.27,0.05,-0.66,
284.2943692,-0.89,0.01,10.19,-55.75,199.44,-10.31,9.88,-4.5,-39.25,-0.71,0.01,-0.03,-0.7,
284.6198592,-3.98,-0.38,8.32,36.94,-100.81,20.13,29.38,2.5,-27.75,-0.71,0.14,-0.12,-0.68,
285.2712703,-2.6,1.85,9.04,-23.88,153,-48.44,22.38,-9.19,-31.69,-0.7,0,-0.18,-0.69,
285.5983999,-4.06,1.51,6.65,13.56,-148.81,37.75,28,-4.25,-25.06,-0.72,0.02,-0.17,-0.67,
285.9231665,4.95,1.56,8.65,-35.81,53.75,-2.5,-0.38,-7,-38.75,-0.7,-0.19,0.07,-0.69,
286.2489419,-5.3,-0.69,9.87,-3,83.25,-12.31,24.5,0.75,-30.56,-0.71,0.16,-0.16,-0.66,
286.5742087,-0.12,1.59,8.62,54.19,-159.88,29.44,17.5,-4.06,-32.38,-0.73,-0.07,-0.07,-0.68,
286.902163,-0.02,2.6,7.98,-9.31,80.25,3.5,9.06,-10.5,-34.75,-0.67,-0.13,-0.07,-0.72,
287.2260323,-2.85,1.31,9.94,-29.63,29.81,12.69,22.75,-7.5,-29,-0.64,0.06,-0.16,-0.75,
287.5536177,-0.45,1.38,9.15,-4.69,-117.06,38.44,16.38,-7.5,-32.75,-0.6,-0.06,-0.03,-0.8,
287.877167,2.37,-0.19,9.51,-7.25,130,14.38,6.56,-8.38,-38.25,-0.54,-0.07,0.02,-0.84,
288.2033896,-5.49,1.36,7.49,44.25,-39.69,41.75,28.06,-9.75,-25.38,-0.49,0.15,-0.17,-0.84,
288.5291269,2.69,3.54,7.42,4.44,-73.31,49.13,5.5,-24.19,-30.88,-0.38,-0.2,-0.12,-0.9,
288.8552537,-1.62,0.91,10.4,-59.31,165.56,-21.31,9.25,-19.75,-35.19,-0.37,0.06,-0.1,-0.92,
289.181361,-3.53,-0.15,9.39,17.75,-117.19,16.94,24.06,-11.75,-32.06,-0.37,0.14,-0.06,-0.92,
289.5081542,2.86,1.37,8.47,19.69,-5.06,-1.81,0.56,-18.06,-36.75,-0.33,-0.16,-0.03,-0.93,
289.8334303,-2.31,2.35,8.11,-3.06,112.25,-20.81,15.75,-20,-31.25,-0.34,0.08,-0.13,-0.93,
290.162643,-2.24,1.88,10.36,4.75,-95.56,35.13,21.38,-19.19,-30.06,-0.31,0.08,-0.13,-0.94,
290.4897909,1.59,1.24,8.11,-14.69,-10.94,13.06,1.38,-21.88,-36.75,-0.27,-0.12,-0.06,-0.95,
290.8169639,-1.72,-0.21,10.63,-16.88,112.75,1.13,8.69,-16.56,-37.19,-0.25,0.09,-0.05,-0.96,
291.1456461,-2.38,2.08,9.27,37.5,-100.19,7,18.38,-18.88,-31.38,-0.26,0.09,-0.1,-0.96,
291.4741812,1.79,1.96,8.49,-17.75,1.63,-10.25,0.56,-23.38,-34.19,-0.26,-0.12,-0.07,-0.96,
291.799123,-2.14,0.1,11.07,-10.06,90.75,-28.19,14,-19.25,-36.19,-0.31,0.09,-0.08,-0.94,
292.1242929,-1.65,1.04,8.18,16.94,-77.38,8.88,19.88,-18.06,-32.56,-0.33,0.07,-0.09,-0.94,
292.4518278,1.33,2.13,9.86,-0.75,8,-11.19,6.19,-21.06,-36.88,-0.33,-0.09,-0.07,-0.94,
292.7766304,-1.86,1.2,8.23,-11.75,57.13,-18.88,16.19,-20,-34.19,-0.36,0.07,-0.1,-0.92,
293.1022124,-1.73,0.97,10.57,0,-79.31,8.06,18.75,-16.25,-34.19,-0.38,0.04,-0.07,-0.92,
293.4272895,1.27,0.4,8.28,3.69,39.13,-5.38,8.38,-17,-38.88,-0.37,-0.05,-0.04,-0.93,
293.7545214,-3.02,1.82,9.87,13.44,-1.19,7.44,20.25,-18.5,-34.56,-0.37,0.08,-0.12,-0.92,
294.0787077,0.98,2.43,9.66,-3.19,-26.56,11.31,12.88,-21.88,-35,-0.34,-0.05,-0.1,-0.93,
294.4055381,-1.4,0.32,9.34,-27.13,46.75,-9.5,15.06,-19.19,-36.5,-0.34,0.05,-0.07,-0.94,
294.73067,-1.06,1.09,9.5,16.81,-64.5,9.06,17.56,-16.38,-36.5,-0.35,0.02,-0.06,-0.94,
295.0561106,0.78,1.78,8.89,6.81,46.38,-8.31,9,-20.75,-36.88,-0.34,-0.05,-0.08,-0.93,
295.3820331,-2.96,1.48,8.81,-3.19,8.31,-5.13,19.75,-19.25,-32.56,-0.36,0.09,-0.12,-0.92,
295.7081215,0.74,1.49,9.2,-2.81,-69.63,14.94,11.69,-19.69,-35.25,-0.35,-0.06,-0.07,-0.93,
296.033571,0.17,0.76,10.54,-14.25,75.81,-12.19,7.19,-17.5,-36.19,-0.35,-0.02,-0.05,-0.94,
296.3605502,-2.24,-0.06,8.69,7.56,-26.88,12.88,20.56,-14.5,-33,-0.36,0.11,-0.08,-0.93,
296.6855235,-0.28,3.02,10.53,24.13,-31.81,9.19,11.56,-18.56,-34.56,-0.34,-0.03,-0.1,-0.94,
297.0124021,0.46,0.85,7.17,-20.06,34.44,-6.81,7.75,-19.25,-33.38,-0.33,-0.04,-0.08,-0.94,
297.3376763,-2.93,0.94,10.83,-9.06,5.44,-3.5,16.69,-15.25,-31.75,-0.34,0.1,-0.08,-0.93,
297.6628716,0.24,1.32,10.21,15.38,-44.25,3.38,10.5,-16,-35.69,-0.33,-0.02,-0.06,-0.94,
297.9881272,-0.16,1.05,8.48,1.75,46.63,-4.88,8.56,-17.75,-33.75,-0.32,-0.01,-0.09,-0.94,
298.3155205,-2.4,2.02,8.98,-0.38,-21.63,3.81,16.38,-17.56,-30.69,-0.33,0.06,-0.11,-0.94,
298.6388142,0.87,0.93,9.68,-8.44,-12.63,9.25,9,-17.88,-34.56,-0.31,-0.04,-0.06,-0.95,
298.9659948,-1.42,1.04,10.98,-2.31,16.5,3.56,10.88,-15.69,-35.25,-0.3,0.03,-0.06,-0.95,
299.2904644,-0.99,1.08,8.88,12.06,6.19,8.13,11.56,-17.19,-33.75,-0.27,0.04,-0.08,-0.96,
299.617219,-0.25,1.75,7.65,-0.75,-19.19,18.38,9.75,-20.19,-33,-0.23,0,-0.1,-0.97,
299.9418564,-0.81,1.46,10.29,-14.44,17.69,9.56,6.75,-19.75,-33,-0.2,0.01,-0.07,-0.98,
300.2665217,-1.04,0.73,10.31,3.75,3.63,9.25,8.25,-17.88,-35,-0.17,0.05,-0.06,-0.98,
300.5915556,-1.07,1,9.25,6.75,-2.5,11.56,7.56,-20.25,-35,-0.13,0.04,-0.07,-0.99,
300.9176466,-0.63,1.88,9.12,2.5,5.88,9.75,4.88,-22.38,-32.19,-0.1,0.02,-0.09,-0.99,
301.2431118,-1.12,1.53,9.53,-8.88,-4.44,12.75,5.69,-22.38,-34.56,-0.07,0.04,-0.08,-0.99,
301.5722494,-0.41,0.6,8.5,-11.31,11,5.5,3.38,-21.38,-36.19,-0.04,0.04,-0.05,-1,
301.8944542,-1.2,0.84,10.89,13.44,-8.25,12,5.25,-19.88,-36.75,-0.01,0.06,-0.05,-1,
302.2226403,-0.26,1.92,8.93,10.31,-14.63,8.81,0.88,-24.25,-35.19,0.01,0.01,-0.1,-1,
302.5457747,-0.6,1.39,8.53,-13.69,48.31,-2.81,1.56,-25.75,-34.56,0.02,0.06,-0.09,-0.99,
302.8727446,-2.98,0.94,10.11,-6.44,-48.25,6.06,8.56,-22.88,-35.75,0.03,0.11,-0.05,-0.99,
303.1975131,2.13,0.94,9.6,12.44,-22.19,11.44,-5.75,-22.5,-38.06,0.06,-0.08,-0.07,-0.99,
303.5243034,-1.57,1.46,9.76,-0.31,97.19,-10.88,1,-25.06,-37.19,0.07,0.1,-0.07,-0.99,
303.8489504,-2.23,1.46,8.5,14.06,-75.69,29.13,8.69,-25.75,-33.75,0.07,0.11,-0.09,-0.99,
304.1746988,1.92,2.61,8.68,-22.19,21.94,1.38,-9.38,-28.06,-34.19,0.11,-0.06,-0.12,-0.99,
304.5014951,-2.91,-0.48,10.1,-16.06,16.88,-10.75,2.88,-22.5,-39.69,0.09,0.09,-0.02,-0.99,
304.8266578,0.2,0.07,9.97,34.5,-28.56,-2.81,-0.38,-23,-39.69,0.06,0.01,-0.05,-1,
305.1512175,-0.87,3.18,8.8,6.06,20.5,-15.56,-1.5,-28.88,-35.25,0.04,0.03,-0.13,-0.99,
305.4773536,-1.3,1.79,9.35,-19.63,8.13,-10.75,5.5,-28.19,-36.5,0.01,0.08,-0.1,-0.99,
305.8026543,-1.1,0.59,9.79,-10.31,-47.69,-4.56,5.06,-24.06,-38.5,-0.01,0.04,-0.05,-1,
306.1295524,0.32,-0.04,9.52,7.56,27.75,-9.94,-1.19,-23.69,-40.75,-0.03,-0.02,-0.04,-1,
306.4546697,-2.36,2.05,9.84,23.13,15.69,-5.81,8.06,-26.69,-37.69,-0.05,0.08,-0.09,-0.99,
306.7802808,0.17,2.52,8.01,-0.06,-25.63,4,4.38,-30,-35.75,-0.05,0.01,-0.13,-0.99,
307.1066558,-1.15,1.17,9.84,-35.19,28.38,-11.81,5.5,-27.38,-38.88,-0.07,0.04,-0.07,-0.99,
307.4317107,-1.01,-0.67,10.32,2.31,-36.63,-6.63,6.56,-21.19,-41.19,-0.09,0.03,-0.01,-1,
307.7565615,0.4,0.83,9.22,31.44,30.25,-5.88,2.5,-24.88,-41.06,-0.1,-0.01,-0.06,-0.99,
308.0837107,-1.98,3.08,8.33,14.25,8.69,-5.31,11.75,-29.69,-35,-0.12,0.08,-0.14,-0.98,
308.4089251,-0.46,2.4,8.65,-27.81,-39.81,7.75,8.75,-30.88,-36.5,-0.11,0.02,-0.12,-0.99,
308.7344401,0.19,0.12,10.08,-31.19,17.31,-0.44,2.5,-23.38,-40.69,-0.11,-0.01,-0.02,-0.99,
309.0620317,-1.46,-0.69,9.57,20.56,30.63,-1,10.25,-20.5,-43.06,-0.11,0.09,-0.01,-0.99,
309.3859153,-0.76,1.87,9.15,44.94,-54.25,8.5,9.56,-28.69,-38.38,-0.11,0.01,-0.12,-0.99,
309.7150733,0.03,3.84,8.5,-22,31.06,-20.81,2.88,-34.25,-34.5,-0.13,-0.04,-0.17,-0.98,
310.0390575,-2.85,0.33,9.31,-46.31,15.5,-21.19,16.25,-25,-38.75,-0.19,0.12,-0.06,-0.97,
310.3645227,0.97,-0.95,9.96,22.81,-57.94,-17.81,10.19,-18.69,-44.25,-0.23,-0.02,0,-0.97,
310.6920841,-0.95,1.18,8.93,36.13,54.88,-26,9.5,-24.56,-40.5,-0.27,0,-0.11,-0.96,
311.014641,-2.61,3.98,9.67,6.75,-18.75,-1.94,21,-29.69,-35,-0.31,0.05,-0.2,-0.93,
311.3420212,-0.04,1.75,8.64,-41.75,-33.94,-5.5,12,-27.5,-38.88,-0.32,-0.04,-0.11,-0.94,
311.6692388,-0.24,-0.75,9.87,-18.75,56.56,-11.56,12,-18.06,-43.19,-0.35,0.02,-0.03,-0.94,
311.9949892,-1.63,0.68,9.17,28.69,-22.94,-0.94,22,-17.38,-40.5,-0.37,0.08,-0.08,-0.92,
312.3211756,-0.54,2.01,9.24,23.38,-36.81,-2.94,16.06,-23.69,-41.19,-0.38,-0.04,-0.11,-0.92,
312.6491737,-0.08,2.29,9.6,-11.88,40.19,-18.19,12.75,-25.75,-40,-0.4,-0.05,-0.13,-0.91,
312.9750936,-1.94,1.08,9.84,-27.63,-13.88,-13.06,22.75,-19.5,-39.25,-0.43,0.06,-0.1,-0.9,
313.3014472,-0.27,0.21,8.94,6.19,-6,-5.31,17.56,-15.75,-43.19,-0.44,0.01,-0.04,-0.89,
313.6270382,-0.15,0.92,9.55,22.06,6.25,-5.94,17.56,-17.25,-42,-0.45,-0.02,-0.06,-0.89,
313.9544828,-1.28,2.51,9.88,2.13,10,-6.5,20.56,-20.69,-38.88,-0.47,0,-0.12,-0.88,
314.2807257,-0.8,1.38,9.47,-3.63,-24.81,-2.75,19.75,-19.5,-40.5,-0.48,-0.02,-0.1,-0.87,
314.6073256,-0.99,1.48,7.96,-15.25,50.94,-12.38,20.88,-17.25,-40.75,-0.49,0.03,-0.09,-0.86,
314.9322069,-1.07,0.44,9.78,15.38,-71.63,-2.06,23.06,-15.06,-40.5,-0.51,0.02,-0.07,-0.86,
315.2583191,0.84,2.16,9.83,-1.88,42.56,-19.25,13.5,-17.88,-42.75,-0.52,-0.07,-0.07,-0.85,
315.5846391,-3.02,0.71,9.23,-4.81,2.69,-13.81,28.19,-13.5,-37,-0.56,0.07,-0.12,-0.82,
315.910378,0.95,1.26,9.1,9.25,-49,-5.44,19.25,-13.88,-43.56,-0.58,-0.07,-0.04,-0.81,
316.236099,-0.29,1.46,9.98,-8.56,81.44,-27.88,19.69,-13.06,-42.88,-0.61,-0.02,-0.08,-0.79,
316.5613382,-2.88,1.55,8.89,10.19,-56.44,3.88,31.19,-9.06,-37.69,-0.63,0.04,-0.12,-0.76,
316.8862493,2.03,1.07,8.78,0.25,-33,-3,12.38,-12,-44.88,-0.64,-0.12,-0.01,-0.76,
317.2126539,-2.43,1.86,8.94,-12.81,90.06,-14.44,23.75,-9.06,-40.88,-0.65,0.03,-0.12,-0.75,
317.5375769,-1.28,1.01,9.4,9.88,-91.13,20.56,28.56,-10.5,-39,-0.63,0.02,-0.1,-0.77,
317.8635652,1.28,2.07,9.16,-5.56,31.94,0.88,12.69,-12.69,-44.5,-0.61,-0.1,-0.04,-0.78,
318.1898756,-2.14,0.71,8.66,-6.81,35.5,-3.81,27.5,-9.75,-38.56,-0.62,0.05,-0.11,-0.78,
318.5150788,-1.47,1.77,10.69,7.38,-70.06,8.56,25.56,-10.5,-40.69,-0.61,0,-0.08,-0.79,
318.8409908,1.77,0.47,8.09,-10.31,17.5,-1.19,11.38,-11.19,-45,-0.6,-0.09,-0.01,-0.8,
319.1665082,-2.69,0.96,8.85,9.69,66.5,-2.25,27.69,-9.38,-38.25,-0.6,0.08,-0.13,-0.79,
319.4930201,-2.01,2.85,10.77,13.25,-109.31,39.19,26.19,-15,-38.25,-0.57,-0.01,-0.13,-0.81,
319.8181803,1.78,0.96,7.07,-20.25,47.25,8.19,7.88,-16.75,-44.69,-0.53,-0.12,-0.03,-0.84,
320.1429684,-3.2,0.69,10.63,-11.56,44.81,1.56,26.5,-11.88,-37.56,-0.51,0.1,-0.1,-0.85,
320.4703369,-0.75,1.33,9.4,15.25,-80.56,29.5,22.38,-15.25,-40,-0.47,0,-0.07,-0.88,
320.7965972,0.73,1.31,8,3.69,50.63,4.56,11.69,-20.56,-42.25,-0.43,-0.07,-0.07,-0.9,
321.12024,-1.43,1.26,10.66,-1,30,14.94,22.38,-20.06,-39.19,-0.4,0.07,-0.13,-0.91,
321.4466941,-1.58,1.75,8.71,-0.5,-46.19,15,22,-22.25,-38,-0.37,0.04,-0.12,-0.92,
321.7753177,0.75,1.14,9.18,-11,3.06,10.25,11.19,-21.56,-42,-0.34,-0.05,-0.07,-0.94,
322.0982723,-2.03,0.61,9.53,-8.56,46.19,-0.31,19.75,-18.56,-40.75,-0.33,0.07,-0.07,-0.94,
322.4228642,0,1.16,9.65,15.75,-65.38,22.56,17.19,-21.19,-40.38,-0.31,0.01,-0.07,-0.95,
322.7481518,0.29,1.75,10.33,11.13,47.38,1.06,10.06,-25.25,-40.38,-0.26,-0.02,-0.1,-0.96,
323.0743146,-2.3,1.69,8.28,-6.25,-3.38,24.5,19.38,-26,-36.88,-0.23,0.09,-0.14,-0.96,
323.3999875,0.21,1.47,8.96,-15.06,-37.5,19.94,9,-26.25,-39.38,-0.19,-0.02,-0.09,-0.98,
323.7273395,-0.8,0.69,11.02,-11.75,64.69,6,7.5,-22.56,-41.25,-0.15,0.05,-0.05,-0.99,
324.0538108,-1.65,0.35,8.75,23,-39.94,24.19,14.5,-24,-40.19,-0.12,0.08,-0.07,-0.99,
324.3769848,-0.01,2.31,9.01,13.38,1.13,13.31,3.38,-29.56,-38.56,-0.07,-0.01,-0.13,-0.99,
324.7021167,-1.09,1.97,9.62,-18.69,58.38,-3.56,7.88,-28.88,-38.19,-0.05,0.07,-0.12,-0.99,
325.028497,-1.93,1.22,8.97,-15.19,-69.75,21.25,11.5,-25.88,-39,-0.03,0.08,-0.07,-0.99,
325.3548646,1.14,0.19,10.47,-2.25,22.19,18.31,-4.5,-23.69,-42.19,0.03,-0.04,-0.04,-1,
325.6795127,-1.85,0.33,8.37,34.69,27.75,10.06,4.75,-25.5,-41.25,0.06,0.1,-0.08,-0.99,
326.0049415,-0.73,4.09,10.22,9.81,-26.31,22.88,1.75,-33.69,-34.69,0.11,0.08,-0.17,-0.98,
326.3304825,-0.94,1.76,7.9,-50.38,5.31,8.25,-1.88,-31,-37,0.14,0.05,-0.1,-0.98,
326.6558881,-1.06,-1.64,11.64,-22.94,-8.75,9.5,-3,-17.56,-44.88,0.17,0.04,0.02,-0.98,
326.9823835,-0.02,0.07,8.95,41.19,-2.63,12.81,-7.06,-20,-42.88,0.2,0.01,-0.03,-0.98,
327.3068092,-0.68,2.96,9.05,34.44,20.88,3.38,-6.25,-29.5,-37.75,0.22,0.06,-0.14,-0.96,
327.6328468,-1.95,2.86,8.65,-20.88,16.31,4,-0.69,-32.06,-36.06,0.23,0.14,-0.14,-0.95,
327.9586856,-0.05,1.47,9.94,-41.5,-47.69,12.69,-6.25,-25.06,-39.25,0.27,0.05,-0.07,-0.96,
328.2848248,-1,-0.82,9.44,-6.06,0.06,28.25,-11.5,-16.88,-43.19,0.33,0,0,-0.95,
328.6102302,-0.61,0.92,8.82,39,41.56,20.69,-12.56,-18.69,-42.06,0.39,0.05,-0.05,-0.92,
328.9365458,-0.86,3.74,10.39,27.19,-3.94,44.31,-9.25,-25,-39.25,0.47,0.14,-0.13,-0.86,
329.2618072,-2.45,2.1,7.76,-40.63,37.56,15.88,-9,-22.69,-39.69,0.54,0.18,-0.07,-0.82,
329.5883675,-0.15,1.08,9.59,-34.25,-60.38,35.69,-15.56,-12.19,-42.06,0.62,0.03,-0.05,-0.79,
329.9150672,1.07,-0.9,10.38,-3.06,-0.69,28.25,-28.25,-2,-38.56,0.67,-0.08,-0.06,-0.74,
330.240979,-2.01,-0.15,9.69,44.81,106.13,28.94,-13.69,-0.69,-44.5,0.72,0.11,0.06,-0.68,
330.5657721,-3.77,2.28,7.9,20.88,-33.06,-15.44,-2.19,-12.19,-44.06,0.73,0.25,0.01,-0.64,
330.896847,0.02,2.65,8.98,-26.19,-67.69,-10.44,-14.5,-13.69,-41.69,0.71,0.13,-0.1,-0.69,
331.2200041,0.41,0.9,10.64,-40.19,-5.31,-23.13,-22.56,-7.75,-40.19,0.66,0,-0.08,-0.75,
331.543494,-0.46,-0.97,8.27,-7.31,36.75,-23.94,-18.75,-2.56,-42.5,0.62,0.01,0.03,-0.79,
331.8715196,-1.23,-0.09,10.15,41.75,9.94,-15.31,-8.69,-6.56,-45.38,0.56,0.09,0.05,-0.82,
332.1951077,-1.35,2.58,9.04,43,-40,-10.06,-10.19,-18.5,-40.5,0.51,0.12,-0.09,-0.85,
332.5206375,-0.13,2.69,8.82,-5.19,-27.38,-15.19,-18.56,-25.25,-34.69,0.46,0.06,-0.18,-0.87,
332.8468878,-0.64,2.28,9.36,-58.13,59.19,-39.81,-14.88,-22.75,-37.75,0.4,0.07,-0.08,-0.91,
333.1726742,-0.96,-1.2,9.83,-18.88,-35.44,-34.81,-4.06,-12.69,-44.06,0.32,0.07,0.07,-0.94,
333.4991953,0.02,-0.26,9.18,30.94,-14.19,-28.88,-9.25,-13.69,-40.88,0.24,-0.01,0.02,-0.97,
333.8248765,-1.25,1.29,8.73,49.25,23,-31.5,-4.5,-25.56,-39.25,0.16,0.05,-0.1,-0.98,
334.1509423,-1.34,3.82,9.73,10.88,-17,-22.31,2.06,-32.06,-34.69,0.08,0.08,-0.18,-0.98,
334.4763498,-0.54,2.85,8.57,-38.44,-19.75,-23.81,1.69,-31.38,-33.75,0,0.03,-0.14,-0.99,
334.8050356,-0.26,0.03,8.43,-51.25,-10.94,-27.56,3.19,-21.25,-41.69,-0.07,0.01,0.01,-1,
335.1310532,-0.77,-1.85,10.83,11.13,16.31,-21.94,7.69,-11.56,-44.38,-0.14,0.04,0.08,-0.99,
