t,Ax,Ay,Az,Wx,Wy,Wz,Bx,By,Bz,phi,theta,psi,Altitude
1821.2440013885498,80
1843.4693813323975,0,0,10,0,0,0,141,141,-68,0.00,0.00,0.79,118.91
1858.2055568695068,
1895.1170444488525,0,0,10,0,0,0,139,139,-67,0.00,0.00,0.79,118.73
1919.6088314056396,
1953.585147857666,0,0,10,0,0,0,144,146,-69,0.00,0.00,0.79,118.38
1966.2902355194092,
2013.317584991455,0,0,10,0,0,0,141,134,-70,0.00,0.00,0.76,119.08
2027.4395942687988,
2071.066379547119,0,0,10,0,0,0,139,134,-68,0.00,0.00,0.77,117.94
2089.84375,
2128.575086593628,0,0,10,0,0,0,141,144,-67,0.00,0.00,0.80,117.50
2152.438163757324,
2186.1941814422607,0,0,10,0,0,0,141,139,-67,0.00,0.00,0.78,118.29
2199.309825897217,
2244.370222091675,0,0,10,0,0,0,141,141,-66,0.00,0.00,0.79,118.46
2261.6090774536133,
2304.652690887451,0,0,10,0,0,0,141,139,-68,0.00,0.00,0.78,117.85
2324.678659439087,
2361.945152282715,0,0,10,0,0,0,141,149,-68,0.00,0.00,0.81,117.85
2387.4051570892334,
2419.236898422241,0,0,10,0,0,0,141,139,-68,0.00,0.00,0.78,118.64
2433.2404136657715,
2477.3190021514893,0,0,10,0,0,0,137,141,-67,0.00,0.00,0.80,118.55
2495.281934738159,
2534.2040061950684,0,0,10,0,0,0,139,144,-68,0.00,0.00,0.80,118.37
2558.248281478882,
2595.252513885498,0,0,10,0,0,0,137,141,-65,0.00,0.00,0.80,118.38
2620.7189559936523,
2652.799606323242,0,0,10,0,0,0,137,137,-68,0.00,0.00,0.79,118.20
2667.431116104126,
2710.2694511413574,0,0,10,0,0,0,139,137,-67,0.00,0.00,0.78,117.59
2730.73673248291,
2767.2953605651855,0,0,10,0,0,0,139,137,-68,0.00,0.00,0.78,118.55
2793.1485176086426,
2824.92733001709,0,0,10,0,0,0,137,144,-68,0.00,0.00,0.81,118.55
2838.453531265259,
2885.974884033203,0,0,10,0,0,0,141,141,-69,0.00,0.00,0.79,117.85
2900.491237640381,
2943.6087608337402,0,0,10,0,0,0,139,144,-68,0.00,0.00,0.80,117.85
2963.5393619537354,
3000.8716583251953,0,0,10,0,0,0,137,134,-68,0.00,0.00,0.77,117.94
3025.265693664551,
3058.171510696411,0,0,10,0,0,0,139,146,-69,0.00,0.00,0.81,118.64
3071.763515472412,
3116.3525581359863,0,0,10,0,0,0,137,141,-67,0.00,0.00,0.80,117.59
3133.4304809570312,
3177.0386695861816,0,0,10,0,0,0,137,144,-68,0.00,0.00,0.81,117.33
3195.604085922241,
3233.5057258605957,0,0,10,0,0,0,134,139,-67,0.00,0.00,0.80,117.50
3259.5479488372803,
3291.7802333831787,0,0,10,0,0,0,146,139,-66,0.00,0.00,0.76,117.59
3305.939197540283,
3349.053382873535,0,0,10,0,0,0,144,139,-68,0.00,0.00,0.77,117.69
3368.0577278137207,
3406.6169261932373,0,0,10,0,0,0,134,134,-66,0.00,0.00,0.79,118.55
3429.738759994507,
3467.7577018737793,0,0,10,0,0,0,137,134,-66,0.00,0.00,0.77,118.29
3491.3814067840576,
3525.087356567383,0,0,10,0,0,0,139,139,-66,0.00,0.00,0.79,118.55
3537.4653339385986,
3582.3662281036377,0,0,10,0,0,0,137,141,-67,0.00,0.00,0.80,118.38
3599.8592376708984,
3639.878511428833,0,0,10,0,0,0,137,141,-68,0.00,0.00,0.80,118.20
3661.165952682495,
3698.397636413574,0,0,10,0,0,0,137,139,-66,0.00,0.00,0.79,117.85
3708.4031105041504,
3758.5527896881104,0,0,10,0,0,0,137,146,-67,0.00,0.00,0.82,118.38
3770.8308696746826,
3815.840005874634,0,0,10,0,0,0,139,144,-68,0.00,0.00,0.80,118.64
3832.5352668762207,
3873.319149017334,0,0,10,0,0,0,141,139,-68,0.00,0.00,0.78,118.55
3893.5635089874268,
3930.696964263916,0,0,10,0,0,0,137,144,-68,0.00,0.00,0.81,118.64
3940.7410621643066,
3988.3041381835938,0,0,10,0,0,0,137,141,-65,0.00,0.00,0.80,117.77
4004.0788650512695,
4049.534797668457,0,0,10,0,0,0,146,141,-67,0.00,0.00,0.77,118.12
4067.4850940704346,
4106.35781288147,0,0,10,0,0,0,139,134,-68,0.00,0.00,0.77,118.55
4130.74254989624,
4164.051294326782,0,0,10,0,0,0,146,146,-68,0.00,0.00,0.79,118.02
4176.297664642334,
4221.225738525391,0,0,10,0,0,0,141,139,-67,0.00,0.00,0.78,118.64
4239.205121994019,
4278.859853744507,0,0,10,0,0,0,137,134,-67,0.00,0.00,0.77,117.85
4303.553819656372,
4340.320110321045,0,0,10,0,0,0,137,139,-67,0.00,0.00,0.79,117.68
4365.596532821655,
4397.310256958008,0,0,10,0,0,0,146,139,-69,0.00,0.00,0.76,118.20
4411.428689956665,
4454.98251914978,0,0,10,0,0,0,144,141,-67,0.00,0.00,0.77,117.50
4473.834753036499,
4512.856960296631,0,0,10,0,0,0,134,137,-66,0.00,0.00,0.80,118.20
4536.201000213623,
4569.748163223267,0,0,10,0,0,0,141,141,-67,0.00,0.00,0.79,118.20
4582.638502120972,
4630.979776382446,0,0,10,0,0,0,141,137,-66,0.00,0.00,0.77,118.64
4645.177364349365,
4688.319206237793,0,0,10,0,0,0,141,144,-66,0.00,0.00,0.80,119.25
4706.365585327148,
4745.691537857056,0,0,10,0,0,0,141,144,-68,0.00,0.00,0.80,118.64
4768.401384353638,
4803.560018539429,0,0,10,0,0,0,141,144,-69,0.00,0.00,0.80,117.85
4814.913749694824,
4861.272811889648,0,0,10,0,0,0,139,139,-66,0.00,0.00,0.79,117.59
4875.79083442688,
4921.683549880981,0,0,10,0,0,0,139,141,-67,0.00,0.00,0.79,117.69
4938.305377960205,
4979.176759719849,0,0,10,0,0,0,144,144,-66,0.00,0.00,0.79,118.64
5000.821352005005,
5036.551952362061,0,0,10,0,0,0,141,134,-68,0.00,0.00,0.76,118.20
5047.439336776733,
5094.225645065308,0,0,10,0,0,0,141,134,-67,0.00,0.00,0.76,118.20
5109.693765640259,
5151.2603759765625,0,0,10,0,0,0,144,141,-68,0.00,0.00,0.77,118.64
5170.723438262939,
5212.484359741211,0,0,10,0,0,0,146,137,-66,0.00,0.00,0.75,118.55
5233.548641204834,
5269.889116287231,0,0,10,0,0,0,139,151,-67,0.00,0.00,0.83,118.20
5280.593156814575,
5327.374458312988,0,0,10,0,0,0,139,144,-65,0.00,0.00,0.80,118.55
5342.736005783081,
5384.825706481934,0,0,10,0,0,0,139,141,-67,0.00,0.00,0.79,118.55
5404.643774032593,
5443.073511123657,0,0,10,0,0,0,141,139,-69,0.00,0.00,0.78,118.73
5467.470645904541,
5503.393173217773,0,0,10,0,0,0,144,139,-67,0.00,0.00,0.77,118.64
5513.749599456787,
5561.004877090454,0,0,10,0,0,0,141,141,-66,0.00,0.00,0.79,118.29
5575.281381607056,
5618.255615234375,0,0,10,0,0,0,144,139,-67,0.00,0.00,0.77,118.20
5636.328935623169,
5676.26166343689,0,0,10,0,0,0,144,139,-68,0.00,0.00,0.77,118.20
5698.347568511963,
5736.835956573486,0,0,10,0,0,0,139,144,-66,0.00,0.00,0.80,117.77
5761.383056640625,
5794.172048568726,0,0,10,0,0,0,137,137,-69,0.00,0.00,0.79,118.37
5808.3202838897705,
5851.442337036133,0,0,10,0,0,0,141,144,-69,0.00,0.00,0.80,118.64
5870.273590087891,
5909.010648727417,0,0,10,0,0,0,141,141,-69,0.00,0.00,0.79,118.03
5932.443380355835,
5966.270685195923,0,0,10,0,0,0,141,134,-68,0.00,0.00,0.76,118.64
5978.297472000122,
6027.12082862854,0,0,10,0,0,0,141,141,-69,0.00,0.00,0.79,118.20
6040.708541870117,
6084.888458251953,0,0,10,0,0,0,139,139,-68,0.00,0.00,0.79,118.20
6103.221893310547,
6142.146110534668,0,0,10,0,0,0,141,141,-66,0.00,0.00,0.79,118.20
6167.056083679199,
6199.966192245483,0,0,10,0,0,0,134,141,-66,0.00,0.00,0.81,118.20
6214.951515197754,
6257.811784744263,0,0,10,0,0,0,139,137,-68,0.00,0.00,0.78,118.55
6278.755187988281,
6317.651987075806,0,0,10,0,0,0,139,141,-69,0.00,0.00,0.79,117.94
6342.584609985352,
6375.063896179199,0,0,10,0,0,0,141,141,-66,0.00,0.00,0.79,118.73
6389.033794403076,
6432.883024215698,0,0,10,0,0,0,146,141,-68,0.00,0.00,0.77,117.94
6451.701641082764,
6490.47589302063,0,0,10,0,0,0,137,141,-68,0.00,0.00,0.80,117.85
6514.07790184021,
6548.232555389404,0,0,10,0,0,0,139,144,-68,0.00,0.00,0.80,118.64
6560.831308364868,
6609.222888946533,0,0,10,0,0,0,141,139,-68,0.00,0.00,0.78,118.38
6621.9611167907715,
6666.482448577881,0,0,10,0,0,0,139,141,-67,0.00,0.00,0.79,118.64
6683.655023574829,
6723.985433578491,0,0,10,0,0,0,139,134,-68,0.00,0.00,0.77,118.73
6747.385740280151,
6781.275033950806,0,0,10,0,0,0,139,139,-68,0.00,0.00,0.79,118.03
6794.707775115967,
6838.761329650879,0,0,10,0,0,0,144,141,-69,0.00,0.00,0.77,118.38
6857.769966125488,
6900.036573410034,0,0,10,0,0,0,134,141,-67,0.00,0.00,0.81,117.85
6919.671535491943,
6957.090854644775,0,0,10,0,0,0,141,144,-68,0.00,0.00,0.80,117.94
6980.59606552124,
7014.7600173950195,0,0,10,0,0,0,139,139,-67,0.00,0.00,0.79,117.85
7026.794195175171,
7072.234392166138,0,0,10,0,0,0,139,144,-68,0.00,0.00,0.80,118.38
7090.496778488159,
7130.423545837402,0,0,10,0,0,0,141,141,-68,0.00,0.00,0.79,118.20
7153.338670730591,
7190.868377685547,0,0,10,0,0,0,144,139,-67,0.00,0.00,0.77,118.20
7215.619087219238,
7248.199701309204,0,0,10,0,0,0,134,137,-66,0.00,0.00,0.80,117.50
7262.156248092651,
7305.463552474976,0,0,10,0,0,0,139,141,-66,0.00,0.00,0.79,118.03
7325.469017028809,
7363.187789916992,0,0,10,0,0,0,141,149,-68,0.00,0.00,0.81,118.55
7387.743234634399,
7420.341968536377,0,0,10,0,0,0,141,141,-68,0.00,0.00,0.79,118.73
7435.44602394104,
7481.659650802612,0,0,10,0,0,0,144,141,-69,0.00,0.00,0.77,118.64
7498.366832733154,
7539.005756378174,0,0,10,0,0,0,141,144,-67,0.00,0.00,0.80,117.59
7560.25767326355,
7596.071243286133,0,0,10,0,0,0,141,132,-67,0.00,0.00,0.75,118.55
7621.739149093628,
7653.919458389282,0,0,10,0,0,0,141,141,-67,0.00,0.00,0.79,118.55
7668.3807373046875,
7711.1780643463135,0,0,10,0,0,0,141,141,-66,0.00,0.00,0.79,118.55
7729.8479080200195,
7772.456645965576,0,0,10,0,0,0,137,144,-68,0.00,0.00,0.81,117.50
7791.369438171387,
7829.681396484375,0,0,10,0,0,0,139,141,-67,0.00,0.00,0.79,118.64
7853.932857513428,
7887.049198150635,0,0,10,0,0,0,144,141,-68,0.00,0.00,0.77,117.94
7900.310039520264,
7944.387912750244,0,0,10,0,0,0,137,139,-69,0.00,0.00,0.79,118.29
7961.726665496826,
8001.879453659058,0,0,10,0,0,0,139,144,-68,0.00,0.00,0.80,118.20
8024.311780929565,
8063.160419464111,0,0,10,0,0,0,139,137,-67,0.00,0.00,0.78,117.85
8086.064100265503,
8120.462417602539,0,0,10,0,0,0,139,134,-69,0.00,0.00,0.77,117.85
8132.500410079956,
8178.3037185668945,0,0,10,0,0,0,139,141,-68,0.00,0.00,0.79,118.03
8193.720579147339,
8235.270500183105,0,0,10,0,0,0,144,141,-69,0.00,0.00,0.77,118.64
8256.142854690552,
8293.049335479736,0,0,10,0,0,0,141,144,-68,0.00,0.00,0.80,118.99
8318.682670593262,
8354.028940200806,0,0,10,0,0,0,141,144,-67,0.00,0.00,0.80,117.69
8365.161180496216,
8411.44323348999,0,0,10,0,0,0,137,139,-67,0.00,0.00,0.79,117.78
8426.40233039856,
8468.687772750854,0,0,10,0,0,0,139,144,-68,0.00,0.00,0.80,117.78
8489.51530456543,
8526.292562484741,0,0,10,0,0,0,144,141,-68,0.00,0.00,0.77,118.29
8551.50318145752,
8583.546161651611,0,0,10,0,0,0,141,144,-68,0.00,0.00,0.80,117.69
8599.083423614502,
8644.747495651245,0,0,10,0,0,0,134,146,-68,0.00,0.00,0.83,118.29
8660.324811935425,
8701.878786087036,0,0,10,0,0,0,139,139,-68,0.00,0.00,0.79,117.43
8722.837209701538,
8759.178638458252,0,0,10,0,0,0,139,144,-68,0.00,0.00,0.80,118.38
8784.587621688843,
8816.500425338745,0,0,10,0,0,0,141,144,-66,0.00,0.00,0.80,118.73
8831.460237503052,
8874.345302581787,0,0,10,0,0,0,144,139,-68,0.00,0.00,0.77,117.69
8893.332719802856,
8935.221433639526,0,0,10,0,0,0,144,134,-68,0.00,0.00,0.75,117.69
8956.170320510864,
8993.033409118652,0,0,10,0,0,0,141,141,-66,0.00,0.00,0.79,117.94
9004.041194915771,
9049.882888793945,0,0,10,0,0,0,141,139,-67,0.00,0.00,0.78,118.73
9065.83857536316,
9107.726573944092,0,0,10,0,0,0,134,141,-68,0.00,0.00,0.81,118.03
9127.673387527466,
9165.572166442871,0,0,10,0,0,0,146,141,-66,0.00,0.00,0.77,117.85
9190.549373626709,
9225.411891937256,0,0,10,0,0,0,144,134,-67,0.00,0.00,0.75,117.34
9238.377332687378,
9283.257722854614,0,0,10,0,0,0,141,146,-68,0.00,0.00,0.80,118.29
9302.206039428711,
9341.103553771973,0,0,10,0,0,0,144,141,-66,0.00,0.00,0.77,117.85
9365.08059501648,
9398.94986152649,0,0,10,0,0,0,146,141,-69,0.00,0.00,0.77,117.85
9411.956071853638,
9455.796241760254,0,0,10,0,0,0,139,139,-69,0.00,0.00,0.79,117.85
9474.785089492798,
9516.658067703247,0,0,10,0,0,0,137,141,-68,0.00,0.00,0.80,118.73
9535.60757637024,
9574.480533599854,0,0,10,0,0,0,149,144,-67,0.00,0.00,0.77,117.94
9597.549438476562,
9632.230520248413,0,0,10,0,0,0,144,139,-66,0.00,0.00,0.77,117.85
9643.37682723999,
9689.153671264648,0,0,10,0,0,0,141,139,-65,0.00,0.00,0.78,118.20
9705.920457839966,
9747.697830200195,0,0,10,0,0,0,137,139,-68,0.00,0.00,0.79,118.55
9768.309116363525,
9807.636022567749,0,0,10,0,0,0,141,144,-67,0.00,0.00,0.80,117.94
9831.287145614624,
9865.323305130005,0,0,10,0,0,0,144,141,-68,0.00,0.00,0.77,118.46
9878.628492355347,
9922.952890396118,0,0,10,0,0,0,146,139,-66,0.00,0.00,0.76,118.64
9941.33734703064,
9980.895280838013,0,0,10,0,0,0,139,141,-68,0.00,0.00,0.79,118.55
10002.628087997437,
10038.070917129517,0,0,10,0,0,0,144,134,-66,0.00,0.00,0.75,118.73
10049.706220626831,
10098.886013031006,0,0,10,0,0,0,141,146,-68,0.00,0.00,0.80,117.85
10112.42127418518,
10156.23140335083,0,0,10,0,0,0,139,139,-69,0.00,0.00,0.79,118.20
10175.654411315918,
10213.476657867432,0,0,10,0,0,0,141,144,-68,0.00,0.00,0.80,118.20
10238.3553981781,
10270.890235900879,0,0,10,0,0,0,141,146,-66,0.00,0.00,0.80,117.85
10285.309553146362,
10329.225301742554,0,0,10,0,0,0,141,137,-67,0.00,0.00,0.77,118.20
10347.309827804565,
10389.655113220215,0,0,10,0,0,0,144,139,-68,0.00,0.00,0.77,118.38
10409.641981124878,
10446.669340133667,0,0,10,0,0,0,141,141,-68,0.00,0.00,0.79,118.20
10473.041534423828,
10504.168510437012,0,0,10,0,0,0,141,141,-69,0.00,0.00,0.79,118.55
10518.341779708862,
10562.137365341187,0,0,10,0,0,0,134,144,-67,0.00,0.00,0.82,118.20
10581.235647201538,
10618.995189666748,0,0,10,0,0,0,137,141,-68,0.00,0.00,0.80,118.55
10642.99201965332,
10680.388689041138,0,0,10,0,0,0,141,141,-67,0.00,0.00,0.79,118.29
10705.819845199585,
10737.268447875977,0,0,10,0,0,0,137,139,-66,0.00,0.00,0.79,118.64
10752.48646736145,
10794.984340667725,0,0,10,0,0,0,139,146,-67,0.00,0.00,0.81,117.77
10815.500259399414,
10852.715253829956,0,0,10,0,0,0,137,146,-68,0.00,0.00,0.82,118.90
10877.428770065308,
10910.197496414185,0,0,10,0,0,0,141,146,-69,0.00,0.00,0.80,118.02
10923.296451568604,
10971.288442611694,0,0,10,0,0,0,141,141,-68,0.00,0.00,0.79,118.55
10984.963655471802,
11028.501033782959,0,0,10,0,0,0,139,144,-68,0.00,0.00,0.80,118.20
11047.462224960327,
11085.32166481018,0,0,10,0,0,0,139,144,-69,0.00,0.00,0.80,118.46
11110.21375656128,
11143.23878288269,0,0,10,0,0,0,139,139,-67,0.00,0.00,0.79,118.20
11156.390905380249,
11201.388120651245,0,0,10,0,0,0,146,139,-66,0.00,0.00,0.76,118.55
11218.771696090698,
11261.974811553955,0,0,10,0,0,0,144,144,-68,0.00,0.00,0.79,118.37
11281.847715377808,
11319.345951080322,0,0,10,0,0,0,137,146,-66,0.00,0.00,0.82,118.55
11344.277620315552,
11376.696825027466,0,0,10,0,0,0,141,137,-67,0.00,0.00,0.77,117.85
11390.823364257812,
11434.193849563599,0,0,10,0,0,0,144,146,-68,0.00,0.00,0.79,118.20
11452.884674072266,
11491.51349067688,0,0,10,0,0,0,141,141,-68,0.00,0.00,0.79,117.85
11514.957666397095,
11552.764415740967,0,0,10,0,0,0,137,141,-67,0.00,0.00,0.80,116.98
11576.478004455566,
11609.28750038147,0,0,10,0,0,0,144,139,-66,0.00,0.00,0.77,117.77
11623.122930526733,
11667.556047439575,0,0,10,0,0,0,146,144,-67,0.00,0.00,0.78,117.77
11685.723066329956,
11724.843978881836,0,0,10,0,0,0,139,139,-68,0.00,0.00,0.79,118.02
11748.155117034912,
11782.15742111206,0,0,10,0,0,0,141,146,-66,0.00,0.00,0.80,118.55
11794.549703598022,
11843.636989593506,0,0,10,0,0,0,141,137,-68,0.00,0.00,0.77,118.20
11857.467651367188,
11900.829553604126,0,0,10,0,0,0,137,144,-68,0.00,0.00,0.81,118.37
11918.508768081665,
11958.351373672485,0,0,10,0,0,0,151,141,-69,0.00,0.00,0.75,118.55
11981.474161148071,
12016.321182250977,0,0,10,0,0,0,139,137,-66,0.00,0.00,0.78,118.37
12027.350902557373,
12073.963642120361,0,0,10,0,0,0,149,151,-68,0.00,0.00,0.79,117.68
12089.475393295288,
12134.344100952148,0,0,10,0,0,0,141,134,-67,0.00,0.00,0.76,117.42
12150.827646255493,
12191.662073135376,0,0,10,0,0,0,139,141,-67,0.00,0.00,0.79,118.37
12213.010787963867,
12249.154806137085,0,0,10,0,0,0,141,139,-68,0.00,0.00,0.78,117.33
12259.824752807617,
12308.274984359741,0,0,10,0,0,0,141,144,-68,0.00,0.00,0.80,118.37
12321.240901947021,
12363.980531692505,0,0,10,0,0,0,141,141,-69,0.00,0.00,0.79,118.29
12383.824586868286,
12425.204277038574,0,0,10,0,0,0,146,149,-68,0.00,0.00,0.80,118.20
12446.401357650757,
12482.398748397827,0,0,10,0,0,0,141,144,-65,0.00,0.00,0.80,118.73
12493.527889251709,
12540.148258209229,0,0,10,0,0,0,139,139,-67,0.00,0.00,0.79,117.85
12555.43041229248,
12597.251892089844,0,0,10,0,0,0,144,139,-68,0.00,0.00,0.77,117.50
12617.396593093872,
12654.784440994263,0,0,10,0,0,0,144,132,-68,0.00,0.00,0.74,118.20
12680.802345275879,
12716.001510620117,0,0,10,0,0,0,139,141,-67,0.00,0.00,0.79,118.20
12727.465629577637,
12772.839069366455,0,0,10,0,0,0,134,141,-67,0.00,0.00,0.81,118.55
12789.728164672852,
12830.684423446655,0,0,10,0,0,0,141,146,-67,0.00,0.00,0.80,118.02
12852.946519851685,
12888.433933258057,0,0,10,0,0,0,141,141,-69,0.00,0.00,0.79,118.90
12900.01916885376,
12946.054697036743,0,0,10,0,0,0,144,139,-67,0.00,0.00,0.77,118.20
12961.312294006348,
13006.748676300049,0,0,10,0,0,0,139,134,-68,0.00,0.00,0.77,118.20
13023.942232131958,
13064.151048660278,0,0,10,0,0,0,139,141,-70,0.00,0.00,0.79,118.12
13084.722757339478,
13121.55032157898,0,0,10,0,0,0,139,137,-68,0.00,0.00,0.78,118.37
13132.4143409729,
13179.03447151184,0,0,10,0,0,0,134,139,-66,0.00,0.00,0.80,118.55
13194.911003112793,
13236.23538017273,0,0,10,0,0,0,141,141,-67,0.00,0.00,0.79,117.33
13257.60293006897,
13297.55449295044,0,0,10,0,0,0,139,146,-68,0.00,0.00,0.81,118.20
13319.839239120483,
13354.694843292236,0,0,10,0,0,0,141,141,-68,0.00,0.00,0.79,117.68
13366.665601730347,
13412.209749221802,0,0,10,0,0,0,139,149,-66,0.00,0.00,0.82,118.20
13428.243160247803,
13469.693660736084,0,0,10,0,0,0,139,139,-66,0.00,0.00,0.79,118.64
13490.7066822052,
13527.291297912598,0,0,10,0,0,0,139,139,-66,0.00,0.00,0.79,117.85
13552.891731262207,
13587.601900100708,0,0,10,0,0,0,141,144,-67,0.00,0.00,0.80,118.55
13600.297689437866,
13645.6778049469,0,0,10,0,0,0,146,141,-69,0.00,0.00,0.77,118.55
13662.212371826172,
13702.597618103027,0,0,10,0,0,0,137,139,-67,0.00,0.00,0.79,118.12
13724.999189376831,
13760.540962219238,0,0,10,0,0,0,139,137,-65,0.00,0.00,0.78,118.90
13772.475719451904,
13818.432331085205,0,0,10,0,0,0,139,141,-66,0.00,0.00,0.79,118.46
13834.651231765747,
13879.109859466553,0,0,10,0,0,0,144,139,-68,0.00,0.00,0.77,118.19
13895.828485488892,
13936.392068862915,0,0,10,0,0,0,141,139,-69,0.00,0.00,0.78,118.55
13957.338094711304,
13993.921518325806,0,0,10,0,0,0,139,141,-67,0.00,0.00,0.79,118.64
14019.465446472168,
14051.372528076172,0,0,10,0,0,0,146,137,-69,0.00,0.00,0.75,118.37
14065.668106079102,
14108.821868896484,0,0,10,0,0,0,139,139,-70,0.00,0.00,0.79,117.50
14128.211736679077,
14169.94595527649,0,0,10,0,0,0,141,139,-68,0.00,0.00,0.78,117.68
14190.829753875732,
14227.265357971191,0,0,10,0,0,0,139,144,-68,0.00,0.00,0.80,118.64
14237.40267753601,
14284.33084487915,0,0,10,0,0,0,134,141,-67,0.00,0.00,0.81,117.77
14300.231218338013,
14342.138767242432,0,0,10,0,0,0,139,144,-67,0.00,0.00,0.80,118.20
14361.085653305054,
14399.513959884644,0,0,10,0,0,0,139,146,-68,0.00,0.00,0.81,117.77
14423.519134521484,
14460.75463294983,0,0,10,0,0,0,141,139,-68,0.00,0.00,0.78,118.20
14485.50295829773,
14518.126010894775,0,0,10,0,0,0,144,146,-68,0.00,0.00,0.79,117.50
14531.629800796509,
14575.16860961914,0,0,10,0,0,0,137,137,-68,0.00,0.00,0.79,118.37
14594.398975372314,
14632.90524482727,0,0,10,0,0,0,139,137,-67,0.00,0.00,0.78,118.02
14656.169176101685,
14690.258502960205,0,0,10,0,0,0,141,139,-67,0.00,0.00,0.78,117.50
14702.633619308472,
14751.628875732422,0,0,10,0,0,0,134,141,-66,0.00,0.00,0.81,117.77
14765.00129699707,
14808.914184570312,0,0,10,0,0,0,144,141,-67,0.00,0.00,0.77,117.68
14826.226472854614,
14866.267204284668,0,0,10,0,0,0,146,137,-68,0.00,0.00,0.75,118.46
14888.363599777222,
14923.53892326355,0,0,10,0,0,0,139,139,-68,0.00,0.00,0.79,117.68
14934.735298156738,
14980.82971572876,0,0,10,0,0,0,149,141,-68,0.00,0.00,0.76,118.02
14996.135473251343,
15042.556524276733,0,0,10,0,0,0,139,141,-66,0.00,0.00,0.79,118.37
15058.683156967163,
15099.57766532898,0,0,10,0,0,0,141,137,-67,0.00,0.00,0.77,117.77
15120.885133743286,
15157.03010559082,0,0,10,0,0,0,141,141,-67,0.00,0.00,0.79,118.55
15167.484760284424,
15214.55693244934,0,0,10,0,0,0,137,144,-67,0.00,0.00,0.81,118.46
15230.268478393555,
15271.926879882812,0,0,10,0,0,0,137,134,-68,0.00,0.00,0.77,117.94
15292.308807373047,
15333.074569702148,0,0,10,0,0,0,141,137,-69,0.00,0.00,0.77,117.77
15354.379653930664,
15390.377044677734,0,0,10,0,0,0,144,144,-68,0.00,0.00,0.79,118.12
15400.744438171387,
15447.285652160645,0,0,10,0,0,0,146,141,-68,0.00,0.00,0.77,117.93
15462.495803833008,
15505.286931991577,0,0,10,0,0,0,141,141,-67,0.00,0.00,0.79,117.77
15525.350332260132,
15563.310146331787,0,0,10,0,0,0,137,139,-67,0.00,0.00,0.79,118.12
15586.386442184448,
15623.982191085815,0,0,10,0,0,0,141,141,-66,0.00,0.00,0.79,117.42
15649.295330047607,
15681.402206420898,0,0,10,0,0,0,139,139,-69,0.00,0.00,0.79,118.55
15695.836782455444,
15738.743543624878,0,0,10,0,0,0,139,141,-67,0.00,0.00,0.79,118.46
15758.363485336304,
15796.260118484497,0,0,10,0,0,0,146,139,-66,0.00,0.00,0.76,118.02
15820.49012184143,
15854.2160987854,0,0,10,0,0,0,141,134,-69,0.00,0.00,0.76,117.85
15866.338968276978,
15915.295839309692,0,0,10,0,0,0,141,146,-68,0.00,0.00,0.80,116.89
15930.354833602905,
15971.81510925293,0,0,10,0,0,0,137,141,-68,0.00,0.00,0.80,118.55
15990.855932235718,
16029.388427734375,0,0,10,0,0,0,139,144,-68,0.00,0.00,0.80,118.55
16052.72912979126,
16086.831092834473,0,0,10,0,0,0,139,146,-66,0.00,0.00,0.81,117.77
16099.738836288452,
16145.151615142822,0,0,10,0,0,0,144,141,-68,0.00,0.00,0.77,117.68
16162.107706069946,
16204.990863800049,0,0,10,0,0,0,139,146,-66,0.00,0.00,0.81,117.93
16225.934267044067,
16262.837648391724,0,0,10,0,0,0,141,132,-68,0.00,0.00,0.75,118.37
16287.769317626953,
16319.684982299805,0,0,10,0,0,0,139,134,-66,0.00,0.00,0.77,118.20
16334.644317626953,
16378.526210784912,0,0,10,0,0,0,141,141,-65,0.00,0.00,0.79,118.37
16398.473739624023,
16435.37449836731,0,0,10,0,0,0,144,141,-69,0.00,0.00,0.77,118.81
16460.87384223938,
16496.275663375854,0,0,10,0,0,0,144,141,-69,0.00,0.00,0.77,118.20
16507.335901260376,
16553.993463516235,0,0,10,0,0,0,139,141,-68,0.00,0.00,0.79,117.68
16569.47374343872,
16610.9881401062,0,0,10,0,0,0,141,137,-68,0.00,0.00,0.77,118.12
16631.05607032776,
16668.44129562378,0,0,10,0,0,0,144,146,-68,0.00,0.00,0.79,117.77
16693.75205039978,
16726.11165046692,0,0,10,0,0,0,139,149,-66,0.00,0.00,0.82,118.64
16740.63014984131,
16786.38219833374,0,0,10,0,0,0,141,149,-66,0.00,0.00,0.81,118.46
16802.13451385498,
16844.406604766846,0,0,10,0,0,0,141,141,-68,0.00,0.00,0.79,118.38
16864.375114440918,
16902.326345443726,0,0,10,0,0,0,141,144,-66,0.00,0.00,0.80,118.20
16926.337003707886,
16960.028886795044,0,0,10,0,0,0,137,141,-68,0.00,0.00,0.80,118.37
16972.62668609619,
17016.697883605957,0,0,10,0,0,0,141,137,-68,0.00,0.00,0.77,117.68
17035.189628601074,
17077.420473098755,0,0,10,0,0,0,139,144,-66,0.00,0.00,0.80,117.77
17097.33510017395,
17135.255336761475,0,0,10,0,0,0,144,132,-68,0.00,0.00,0.74,117.50
17159.41309928894,
17192.583560943604,0,0,10,0,0,0,139,137,-66,0.00,0.00,0.78,117.85
17206.37035369873,
17250.02884864807,0,0,10,0,0,0,139,141,-68,0.00,0.00,0.79,117.42
17269.431352615356,
17307.52968788147,0,0,10,0,0,0,146,146,-67,0.00,0.00,0.79,118.20
17330.811977386475,
17368.218421936035,0,0,10,0,0,0,146,141,-68,0.00,0.00,0.77,118.20
17392.19570159912,
17426.22208595276,0,0,10,0,0,0,141,144,-69,0.00,0.00,0.80,117.85
17438.33041191101,
17483.02388191223,0,0,10,0,0,0,141,144,-69,0.00,0.00,0.80,118.55
17501.3370513916,
17540.794134140015,0,0,10,0,0,0,137,141,-69,0.00,0.00,0.80,118.37
17563.358306884766,
17598.170042037964,0,0,10,0,0,0,137,139,-66,0.00,0.00,0.79,117.59
17610.44454574585,
17659.547805786133,0,0,10,0,0,0,139,141,-68,0.00,0.00,0.79,117.68
17672.7397441864,
17716.773748397827,0,0,10,0,0,0,141,141,-68,0.00,0.00,0.79,118.02
17734.081029891968,
17774.073362350464,0,0,10,0,0,0,137,137,-66,0.00,0.00,0.79,117.68
17795.912742614746,
17831.610918045044,0,0,10,0,0,0,146,139,-70,0.00,0.00,0.76,117.68
17842.516899108887,
17890.055418014526,0,0,10,0,0,0,141,141,-68,0.00,0.00,0.79,118.02
17904.722452163696,
17950.204610824585,0,0,10,0,0,0,141,139,-67,0.00,0.00,0.78,118.02
17967.46850013733,
18007.249116897583,0,0,10,0,0,0,139,141,-68,0.00,0.00,0.79,118.20
18030.25794029236,
18065.004587173462,0,0,10,0,0,0,137,139,-68,0.00,0.00,0.79,118.02
18077.41379737854,
18122.81346321106,0,0,10,0,0,0,139,141,-69,0.00,0.00,0.79,117.85
18138.598442077637,
18179.79669570923,0,0,10,0,0,0,139,134,-66,0.00,0.00,0.77,117.33
18201.526641845703,
18241.08362197876,0,0,10,0,0,0,139,137,-70,0.00,0.00,0.78,117.68
18263.908863067627,
18298.42710494995,0,0,10,0,0,0,141,139,-66,0.00,0.00,0.78,117.68
18310.423135757446,
18356.300592422485,0,0,10,0,0,0,141,139,-67,0.00,0.00,0.78,118.72
18372.95126914978,
18413.360357284546,0,0,10,0,0,0,134,134,-67,0.00,0.00,0.79,118.37
18435.79888343811,
18470.621824264526,0,0,10,0,0,0,139,139,-68,0.00,0.00,0.79,118.55
18496.347665786743,
18531.82578086853,0,0,10,0,0,0,144,141,-67,0.00,0.00,0.77,118.37
18543.991327285767,
18589.18309211731,0,0,10,0,0,0,149,139,-69,0.00,0.00,0.75,118.02
18605.55386543274,
18646.657466888428,0,0,10,0,0,0,146,141,-69,0.00,0.00,0.77,118.37
18668.375968933105,
18704.12588119507,0,0,10,0,0,0,139,139,-68,0.00,0.00,0.79,118.37
18715.471506118774,
18765.3865814209,0,0,10,0,0,0,141,141,-67,0.00,0.00,0.79,119.16
18778.34916114807,
18822.526931762695,0,0,10,0,0,0,141,141,-69,0.00,0.00,0.79,118.46
18839.64490890503,
18880.003929138184,0,0,10,0,0,0,139,146,-68,0.00,0.00,0.81,118.37
18902.4817943573,
18937.220335006714,0,0,10,0,0,0,146,137,-67,0.00,0.00,0.75,116.98
18948.76480102539,
18995.614290237427,0,0,10,0,0,0,139,139,-68,0.00,0.00,0.79,118.37
19011.358737945557,
19055.478811264038,0,0,10,0,0,0,141,139,-69,0.00,0.00,0.78,117.50
19074.821710586548,
19113.50965499878,0,0,10,0,0,0,144,139,-66,0.00,0.00,0.77,118.46
19137.732982635498,
19170.814275741577,0,0,10,0,0,0,139,137,-66,0.00,0.00,0.78,118.72
19184.375762939453,
19228.562593460083,0,0,10,0,0,0,141,146,-68,0.00,0.00,0.80,117.68
19246.840000152588,
19285.38417816162,0,0,10,0,0,0,146,137,-68,0.00,0.00,0.75,117.85
19310.31894683838,
19346.395015716553,0,0,10,0,0,0,139,144,-68,0.00,0.00,0.80,118.37
19371.39868736267,
19404.351234436035,0,0,10,0,0,0,134,139,-67,0.00,0.00,0.80,118.37
19418.314218521118,
19461.695432662964,0,0,10,0,0,0,146,137,-68,0.00,0.00,0.75,118.20
19480.29088973999,
19518.930435180664,0,0,10,0,0,0,139,141,-68,0.00,0.00,0.79,118.20
19542.973279953003,
19576.241970062256,0,0,10,0,0,0,139,144,-69,0.00,0.00,0.80,117.33
19589.62893486023,
19636.934995651245,0,0,10,0,0,0,137,141,-67,0.00,0.00,0.80,118.02
19651.734352111816,
19694.995403289795,0,0,10,0,0,0,144,139,-68,0.00,0.00,0.77,118.37
19714.523792266846,
19752.769231796265,0,0,10,0,0,0,141,144,-68,0.00,0.00,0.80,117.85
19777.461290359497,
19809.76152420044,0,0,10,0,0,0,141,139,-66,0.00,0.00,0.78,118.37
19824.196338653564,
19867.83766746521,0,0,10,0,0,0,141,139,-67,0.00,0.00,0.78,118.20
19886.36827468872,
19928.56192588806,0,0,10,0,0,0,144,139,-67,0.00,0.00,0.77,118.37
19948.37522506714,
19985.804080963135,0,0,10,0,0,0,141,139,-69,0.00,0.00,0.78,117.68
20010.676383972168,
20043.068408966064,0,0,10,0,0,0,139,144,-67,0.00,0.00,0.80,118.55
20057.35945701599,
20100.59094429016,0,0,10,0,0,0,139,134,-69,0.00,0.00,0.77,118.20
20119.721174240112,
20158.114194869995,0,0,10,0,0,0,141,137,-68,0.00,0.00,0.77,118.37
20180.83119392395,
20219.356536865234,0,0,10,0,0,0,146,141,-69,0.00,0.00,0.77,118.37
20243.154525756836,
20276.76486968994,0,0,10,0,0,0,139,137,-67,0.00,0.00,0.78,117.85
20289.368867874146,
20334.120988845825,0,0,10,0,0,0,139,141,-68,0.00,0.00,0.79,118.37
20351.362466812134,
20391.409397125244,0,0,10,0,0,0,139,149,-66,0.00,0.00,0.82,118.37
20415.52209854126,
20449.393272399902,0,0,10,0,0,0,137,144,-66,0.00,0.00,0.81,117.33
20462.570428848267,
20510.178089141846,0,0,10,0,0,0,141,137,-67,0.00,0.00,0.77,118.28
20524.94192123413,
20567.28744506836,0,0,10,0,0,0,141,139,-66,0.00,0.00,0.78,118.02
20587.799787521362,
20624.87530708313,0,0,10,0,0,0,141,141,-68,0.00,0.00,0.79,117.93
20648.32854270935,
20682.310104370117,0,0,10,0,0,0,141,141,-67,0.00,0.00,0.79,118.20
20695.914268493652,
20739.663124084473,0,0,10,0,0,0,134,141,-66,0.00,0.00,0.81,118.90
20758.321046829224,
20801.04684829712,0,0,10,0,0,0,141,144,-68,0.00,0.00,0.80,118.20
20820.90735435486,
20857.92636871338,0,0,10,0,0,0,144,137,-68,0.00,0.00,0.76,118.37
20881.33692741394,
20915.680646896362,0,0,10,0,0,0,139,153,-67,0.00,0.00,0.83,118.46
20927.735567092896,
20973.191738128662,0,0,10,0,0,0,141,141,-69,0.00,0.00,0.79,118.55
20990.743160247803,
21030.494689941406,0,0,10,0,0,0,139,141,-67,0.00,0.00,0.79,118.37
21052.85096168518,
21091.59255027771,0,0,10,0,0,0,137,141,-66,0.00,0.00,0.80,118.02
21115.13638496399,
21149.00517463684,0,0,10,0,0,0,137,139,-67,0.00,0.00,0.79,118.37
21162.773847579956,
21206.52985572815,0,0,10,0,0,0,141,137,-68,0.00,0.00,0.77,118.02
21225.011825561523,
21263.95082473755,0,0,10,0,0,0,146,146,-68,0.00,0.00,0.79,117.93
21288.034439086914,
21321.2251663208,0,0,10,0,0,0,141,137,-68,0.00,0.00,0.77,119.42
21334.65886116028,
21382.60769844055,0,0,10,0,0,0,141,141,-69,0.00,0.00,0.79,118.02
21396.361589431763,
21439.316511154175,0,0,10,0,0,0,149,141,-68,0.00,0.00,0.76,118.19
21459.278345108032,
21497.382402420044,0,0,10,0,0,0,144,134,-67,0.00,0.00,0.75,117.68
21521.360635757446,
21554.785013198853,0,0,10,0,0,0,141,141,-69,0.00,0.00,0.79,118.19
21568.39394569397,
21612.21933364868,0,0,10,0,0,0,139,137,-66,0.00,0.00,0.78,118.37
21630.48768043518,
21673.330307006836,0,0,10,0,0,0,141,146,-68,0.00,0.00,0.80,118.02
21693.0730342865,
21730.674982070923,0,0,10,0,0,0,137,139,-68,0.00,0.00,0.79,118.02
21755.645751953125,
21787.773370742798,0,0,10,0,0,0,144,141,-68,0.00,0.00,0.77,117.59
21801.435947418213,
21845.412254333496,0,0,10,0,0,0,141,141,-68,0.00,0.00,0.79,118.02
21864.161252975464,
21903.30410003662,0,0,10,0,0,0,144,137,-68,0.00,0.00,0.76,118.02
21926.363706588745,
21964.187145233154,0,0,10,0,0,0,144,134,-68,0.00,0.00,0.75,118.02
21988.810062408447,
22021.716356277466,0,0,10,0,0,0,146,139,-68,0.00,0.00,0.76,118.12
22035.467386245728,
22078.81236076355,0,0,10,0,0,0,139,139,-67,0.00,0.00,0.79,118.37
22098.209619522095,
22136.268138885498,0,0,10,0,0,0,144,144,-66,0.00,0.00,0.79,118.37
22159.84082221985,
22197.580814361572,0,0,10,0,0,0,141,139,-67,0.00,0.00,0.78,119.07
22222.644090652466,
22254.45318222046,0,0,10,0,0,0,141,146,-69,0.00,0.00,0.80,118.37
22270.785331726074,
22312.1600151062,0,0,10,0,0,0,141,137,-69,0.00,0.00,0.77,118.02
22333.46176147461,
22369.682550430298,0,0,10,0,0,0,139,144,-68,0.00,0.00,0.80,118.37
22394.365310668945,
22427.57558822632,0,0,10,0,0,0,139,141,-66,0.00,0.00,0.79,118.55
22440.559148788452,
22487.6127243042,0,0,10,0,0,0,139,144,-68,0.00,0.00,0.80,117.68
22503.462553024292,
22545.671701431274,0,0,10,0,0,0,139,141,-68,0.00,0.00,0.79,118.28
22566.356420516968,
22603.132009506226,0,0,10,0,0,0,149,137,-68,0.00,0.00,0.74,118.37
22628.39436531067,
22660.067319869995,0,0,10,0,0,0,139,141,-69,0.00,0.00,0.79,118.46
22675.453424453735,
22718.24812889099,0,0,10,0,0,0,141,149,-67,0.00,0.00,0.81,118.37
22737.469911575317,
22779.103755950928,0,0,10,0,0,0,139,137,-68,0.00,0.00,0.78,118.12
22800.08101463318,
22836.482763290405,0,0,10,0,0,0,139,139,-68,0.00,0.00,0.79,117.85
22847.479581832886,
22893.72730255127,0,0,10,0,0,0,139,146,-67,0.00,0.00,0.81,118.55
22909.38091278076,
22951.239585876465,0,0,10,0,0,0,139,139,-68,0.00,0.00,0.79,117.68
22972.209930419922,
23009.37533378601,0,0,10,0,0,0,141,137,-69,0.00,0.00,0.77,117.68
23033.998489379883,
23069.93556022644,0,0,10,0,0,0,141,139,-68,0.00,0.00,0.78,119.60
23080.787420272827,
23127.28714942932,0,0,10,0,0,0,132,137,-66,0.00,0.00,0.80,118.28
23142.431497573853,
23184.608459472656,0,0,10,0,0,0,139,139,-68,0.00,0.00,0.79,118.55
23204.256296157837,
23243.091106414795,0,0,10,0,0,0,144,134,-68,0.00,0.00,0.75,118.37
23265.961408615112,
23299.23987388611,0,0,10,0,0,0,144,137,-68,0.00,0.00,0.76,117.85
23312.5,
23360.758066177368,0,0,10,0,0,0,146,139,-68,0.00,0.00,0.76,118.37
23374.73201751709,
23417.556285858154,0,0,10,0,0,0,141,134,-68,0.00,0.00,0.76,118.28
23437.38627433777,
23475.29935836792,0,0,10,0,0,0,141,139,-68,0.00,0.00,0.78,118.55
23500.861167907715,
23532.835483551025,0,0,10,0,0,0,141,141,-68,0.00,0.00,0.79,118.02
23547.46723175049,
23590.193510055542,0,0,10,0,0,0,141,141,-68,0.00,0.00,0.79,118.02
23610.82911491394,
23651.60346031189,0,0,10,0,0,0,141,141,-66,0.00,0.00,0.79,118.02
23672.950506210327,
23708.962202072144,0,0,10,0,0,0,139,144,-66,0.00,0.00,0.80,118.37
23720.642805099487,
23766.29638671875,0,0,10,0,0,0,139,139,-68,0.00,0.00,0.79,118.20
23782.667636871338,
23823.519468307495,0,0,10,0,0,0,144,139,-67,0.00,0.00,0.77,117.85
23845.08180618286,
23881.088972091675,0,0,10,0,0,0,139,141,-67,0.00,0.00,0.79,118.46
23907.40919113159,
23942.368984222412,0,0,10,0,0,0,141,134,-66,0.00,0.00,0.76,118.37
23954.099655151367,
23999.671936035156,0,0,10,0,0,0,144,141,-68,0.00,0.00,0.77,119.25
24016.093492507935,
24057.077884674072,0,0,10,0,0,0,141,141,-66,0.00,0.00,0.79,118.02
24077.73232460022,
24115.22340774536,0,0,10,0,0,0,141,144,-69,0.00,0.00,0.80,117.16
24140.19799232483,
24172.55473136902,0,0,10,0,0,0,141,144,-67,0.00,0.00,0.80,118.55
24187.379360198975,
24233.171224594116,0,0,10,0,0,0,137,141,-68,0.00,0.00,0.80,118.55
24249.72915649414,
24290.422201156616,0,0,10,0,0,0,137,139,-68,0.00,0.00,0.79,118.12
24311.710357666016,
24347.57351875305,0,0,10,0,0,0,139,137,-67,0.00,0.00,0.78,117.50
24373.45027923584,
24404.871225357056,0,0,10,0,0,0,137,146,-68,0.00,0.00,0.82,118.37
24420.707941055298,
24463.131189346313,0,0,10,0,0,0,137,141,-69,0.00,0.00,0.80,117.77
24483.120918273926,
24524.00779724121,0,0,10,0,0,0,139,137,-69,0.00,0.00,0.78,118.20
24545.63331604004,
24581.347942352295,0,0,10,0,0,0,139,141,-68,0.00,0.00,0.79,118.12
24592.727422714233,
24638.407468795776,0,0,10,0,0,0,141,139,-67,0.00,0.00,0.78,119.25
24654.526948928833,
24696.277618408203,0,0,10,0,0,0,139,144,-66,0.00,0.00,0.80,118.73
24717.377424240112,
24753.580808639526,0,0,10,0,0,0,134,134,-68,0.00,0.00,0.79,118.90
24764.29057121277,
24814.750909805298,0,0,10,0,0,0,141,137,-68,0.00,0.00,0.77,118.46
24825.843572616577,
24872.060298919678,0,0,10,0,0,0,141,144,-66,0.00,0.00,0.80,118.64
24887.362003326416,
24929.452419281006,0,0,10,0,0,0,141,151,-68,0.00,0.00,0.82,118.20
24949.845552444458,
24986.92774772644,0,0,10,0,0,0,139,146,-68,0.00,0.00,0.81,118.12
25012.487411499023,
25044.27218437195,0,0,10,0,0,0,134,139,-66,0.00,0.00,0.80,118.02
25058.347463607788,
25105.69667816162,0,0,10,0,0,0,137,141,-68,0.00,0.00,0.80,119.16
25121.399641036987,
25162.800788879395,0,0,10,0,0,0,144,137,-66,0.00,0.00,0.76,118.29
25183.43758583069,
25220.22843360901,0,0,10,0,0,0,134,139,-67,0.00,0.00,0.80,118.55
25230.311632156372,
25278.255701065063,0,0,10,0,0,0,141,137,-68,0.00,0.00,0.77,118.20
25292.525053024292,
25335.843086242676,0,0,10,0,0,0,139,139,-68,0.00,0.00,0.79,117.33
25355.799913406372,
25396.443605422974,0,0,10,0,0,0,146,139,-68,0.00,0.00,0.76,118.55
25419.27456855774,
25453.155040740967,0,0,10,0,0,0,144,144,-69,0.00,0.00,0.79,118.37
25465.38472175598,
25511.264324188232,0,0,10,0,0,0,144,139,-68,0.00,0.00,0.77,118.46
25528.254747390747,
25568.451404571533,0,0,10,0,0,0,139,139,-67,0.00,0.00,0.79,118.46
25590.253829956055,
25626.264572143555,0,0,10,0,0,0,137,139,-69,0.00,0.00,0.79,118.20
25636.343955993652,
25687.179565429688,0,0,10,0,0,0,139,134,-68,0.00,0.00,0.77,119.07
25698.380947113037,
25744.3950176239,0,0,10,0,0,0,144,137,-68,0.00,0.00,0.76,118.81
25760.788202285767,
25801.891803741455,0,0,10,0,0,0,139,137,-66,0.00,0.00,0.78,118.72
25821.749210357666,
25860.16345024109,0,0,10,0,0,0,144,139,-68,0.00,0.00,0.77,118.37
25884.209632873535,
25916.733980178833,0,0,10,0,0,0,139,141,-67,0.00,0.00,0.79,118.37
25930.806875228882,
25978.229522705078,0,0,10,0,0,0,144,139,-67,0.00,0.00,0.77,118.02
25992.685079574585,
26035.22753715515,0,0,10,0,0,0,144,146,-68,0.00,0.00,0.79,117.85
26053.79819869995,
26092.67544746399,0,0,10,0,0,0,141,144,-68,0.00,0.00,0.80,119.16
26116.241455078125,
26150.174856185913,0,0,10,0,0,0,139,144,-67,0.00,0.00,0.80,118.55
26163.135051727295,
26208.01615715027,0,0,10,0,0,0,144,139,-66,0.00,0.00,0.77,118.37
26225.99768638611,
26268.85461807251,0,0,10,0,0,0,144,139,-67,0.00,0.00,0.77,119.60
26287.80174255371,
26325.701236724854,0,0,10,0,0,0,137,141,-68,0.00,0.00,0.80,118.46
26349.637508392334,
26383.545637130737,0,0,10,0,0,0,139,141,-66,0.00,0.00,0.79,118.55
26396.51107788086,
26440.81163406372,0,0,10,0,0,0,141,141,-68,0.00,0.00,0.79,118.20
26459.592580795288,
26499.168395996094,0,0,10,0,0,0,137,144,-68,0.00,0.00,0.81,117.42
26523.078680038452,
26559.61585044861,0,0,10,0,0,0,146,137,-68,0.00,0.00,0.75,118.37
26569.631814956665,
26616.245985031128,0,0,10,0,0,0,141,139,-66,0.00,0.00,0.78,118.20
26632.641077041626,
26674.404859542847,0,0,10,0,0,0,141,137,-68,0.00,0.00,0.77,118.55
26693.957090377808,
26731.76908493042,0,0,10,0,0,0,144,141,-66,0.00,0.00,0.77,118.73
26755.79857826233,
26789.116144180298,0,0,10,0,0,0,137,146,-68,0.00,0.00,0.82,118.99
26803.14064025879,
26850.23331642151,0,0,10,0,0,0,139,139,-68,0.00,0.00,0.79,118.55
26865.467071533203,
26907.0725440979,0,0,10,0,0,0,141,139,-66,0.00,0.00,0.78,118.55
26927.42419242859,
26965.071201324463,0,0,10,0,0,0,139,139,-68,0.00,0.00,0.79,118.55
26975.26979446411,
27023.564100265503,0,0,10,0,0,0,137,141,-66,0.00,0.00,0.80,118.55
27038.208961486816,
27079.88166809082,0,0,10,0,0,0,146,146,-69,0.00,0.00,0.79,117.85
27100.488901138306,
27141.12377166748,0,0,10,0,0,0,137,139,-67,0.00,0.00,0.79,118.20
27162.65606880188,
27198.33016395569,0,0,10,0,0,0,141,144,-68,0.00,0.00,0.80,119.07
27209.486484527588,
27255.831003189087,0,0,10,0,0,0,141,137,-68,0.00,0.00,0.77,118.37
27271.287202835083,
27313.40789794922,0,0,10,0,0,0,139,144,-67,0.00,0.00,0.80,118.20
27334.70845222473,
27370.908975601196,0,0,10,0,0,0,139,139,-66,0.00,0.00,0.79,117.85
27382.474660873413,
27431.943893432617,0,0,10,0,0,0,141,141,-69,0.00,0.00,0.79,118.55
27445.033311843872,
27489.23683166504,0,0,10,0,0,0,141,144,-68,0.00,0.00,0.80,118.64
27508.216619491577,
27546.71049118042,0,0,10,0,0,0,137,144,-68,0.00,0.00,0.81,118.64
27569.732904434204,
27603.725910186768,0,0,10,0,0,0,139,139,-68,0.00,0.00,0.79,118.55
27616.09172821045,
27661.935091018677,0,0,10,0,0,0,139,137,-67,0.00,0.00,0.78,118.64
27677.24299430847,
27722.834587097168,0,0,10,0,0,0,141,134,-66,0.00,0.00,0.76,119.25
27739.306449890137,
27780.014038085938,0,0,10,0,0,0,141,139,-68,0.00,0.00,0.78,117.85
27801.557779312134,
27837.321758270264,0,0,10,0,0,0,139,139,-68,0.00,0.00,0.79,118.64
27848.32453727722,
27895.411014556885,0,0,10,0,0,0,144,146,-66,0.00,0.00,0.79,117.94
27910.091876983643,
27952.76665687561,0,0,10,0,0,0,146,134,-69,0.00,0.00,0.74,118.55
27971.712589263916,
28013.365030288696,0,0,10,0,0,0,141,141,-69,0.00,0.00,0.79,118.29
28032.804250717163,
28070.919036865234,0,0,10,0,0,0,134,141,-68,0.00,0.00,0.81,118.20
28095.70360183716,
28128.069162368774,0,0,10,0,0,0,139,139,-69,0.00,0.00,0.79,118.55
28142.446994781494,
28185.349225997925,0,0,10,0,0,0,141,141,-66,0.00,0.00,0.79,118.20
28205.01399040222,
28243.788242340088,0,0,10,0,0,0,141,141,-69,0.00,0.00,0.79,118.55
28269.014358520508,
28304.462909698486,0,0,10,0,0,0,146,144,-67,0.00,0.00,0.78,118.55
28315.515279769897,
28361.568450927734,0,0,10,0,0,0,139,139,-67,0.00,0.00,0.79,118.20
28378.37028503418,
28419.11792755127,0,0,10,0,0,0,139,141,-69,0.00,0.00,0.79,117.85
28441.583156585693,
28476.3822555542,0,0,10,0,0,0,137,134,-67,0.00,0.00,0.77,118.29
28487.49589920044,
28534.31725502014,0,0,10,0,0,0,137,134,-66,0.00,0.00,0.77,117.68
28550.819158554077,
28595.258951187134,0,0,10,0,0,0,141,139,-68,0.00,0.00,0.78,118.12
28614.281177520752,
28652.718782424927,0,0,10,0,0,0,141,149,-68,0.00,0.00,0.81,117.42
28677.358865737915,
28709.87868309021,0,0,10,0,0,0,141,137,-68,0.00,0.00,0.77,118.12
28724.0731716156,
28767.128705978394,0,0,10,0,0,0,137,141,-68,0.00,0.00,0.80,117.25
28786.367893218994,
28824.76758956909,0,0,10,0,0,0,139,139,-66,0.00,0.00,0.79,118.55
28849.26700592041,
28885.92219352722,0,0,10,0,0,0,144,141,-66,0.00,0.00,0.77,118.72
28896.355867385864,
28942.813396453857,0,0,10,0,0,0,141,141,-66,0.00,0.00,0.79,118.38
28958.197116851807,
29000.574588775635,0,0,10,0,0,0,137,139,-67,0.00,0.00,0.79,117.85
29021.369457244873,
29057.960271835327,0,0,10,0,0,0,141,137,-67,0.00,0.00,0.77,118.55
29068.239450454712,
29115.726709365845,0,0,10,0,0,0,141,134,-68,0.00,0.00,0.76,118.12
29131.442308425903,
29176.1794090271,0,0,10,0,0,0,144,141,-66,0.00,0.00,0.77,118.55
29194.876432418823,
29233.643293380737,0,0,10,0,0,0,139,139,-66,0.00,0.00,0.79,117.68
29258.392095565796,
29290.9414768219,0,0,10,0,0,0,141,144,-67,0.00,0.00,0.80,118.46
29305.185079574585,
29348.947048187256,0,0,10,0,0,0,139,141,-68,0.00,0.00,0.79,118.55
29367.46382713318,
29406.3663482666,0,0,10,0,0,0,144,141,-68,0.00,0.00,0.77,118.20
29430.208444595337,
29467.616081237793,0,0,10,0,0,0,139,137,-68,0.00,0.00,0.78,117.50
29492.6598072052,
29524.580478668213,0,0,10,0,0,0,141,149,-67,0.00,0.00,0.81,117.33
29539.53719139099,
29582.67879486084,0,0,10,0,0,0,134,139,-68,0.00,0.00,0.80,118.12
29600.270986557007,
29639.580726623535,0,0,10,0,0,0,139,139,-66,0.00,0.00,0.79,117.85
29662.86063194275,
29697.043657302856,0,0,10,0,0,0,139,141,-68,0.00,0.00,0.79,117.33
29709.858417510986,
29758.338928222656,0,0,10,0,0,0,144,141,-65,0.00,0.00,0.77,118.20
29772.451400756836,
29815.5734539032,0,0,10,0,0,0,139,149,-65,0.00,0.00,0.82,118.73
29832.647562026978,
29873.410940170288,0,0,10,0,0,0,137,137,-67,0.00,0.00,0.79,118.29
29895.95317840576,
29930.38511276245,0,0,10,0,0,0,141,144,-66,0.00,0.00,0.80,118.64
29942.944049835205,
29988.390922546387,0,0,10,0,0,0,139,139,-67,0.00,0.00,0.79,117.94
30002.93779373169,
30049.192905426025,0,0,10,0,0,0,144,134,-69,0.00,0.00,0.75,118.64
30065.242767333984,
30106.49538040161,0,0,10,0,0,0,141,141,-69,0.00,0.00,0.79,117.77
30127.384185791016,
30163.636684417725,0,0,10,0,0,0,146,137,-67,0.00,0.00,0.75,117.50
30174.0300655365,
30220.99804878235,0,0,10,0,0,0,149,137,-67,0.00,0.00,0.74,118.64
30236.339807510376,
30278.7446975708,0,0,10,0,0,0,139,139,-65,0.00,0.00,0.79,118.64
30298.36130142212,
30339.837312698364,0,0,10,0,0,0,141,146,-68,0.00,0.00,0.80,118.55
30360.241651535034,
30397.24826812744,0,0,10,0,0,0,144,139,-66,0.00,0.00,0.77,118.99
30407.374143600464,
30454.65588569641,0,0,10,0,0,0,144,146,-68,0.00,0.00,0.79,118.55
30470.256328582764,
30512.16173171997,0,0,10,0,0,0,146,144,-68,0.00,0.00,0.78,118.02
30533.10537338257,
30569.41032409668,0,0,10,0,0,0,141,134,-66,0.00,0.00,0.76,118.20
30579.838752746582,
30630.717039108276,0,0,10,0,0,0,141,144,-66,0.00,0.00,0.80,118.20
30642.44246482849,
30688.226461410522,0,0,10,0,0,0,144,139,-68,0.00,0.00,0.77,118.20
30704.859018325806,
30745.19157409668,0,0,10,0,0,0,137,144,-68,0.00,0.00,0.81,117.16
30767.36807823181,
30803.298234939575,0,0,10,0,0,0,134,139,-66,0.00,0.00,0.80,118.20
30814.489603042603,
30860.20541191101,0,0,10,0,0,0,149,134,-67,0.00,0.00,0.73,119.43
30877.137660980225,
30921.417713165283,0,0,10,0,0,0,139,139,-68,0.00,0.00,0.79,118.55
30939.698934555054,
30978.864908218384,0,0,10,0,0,0,141,144,-66,0.00,0.00,0.80,118.55
31000.5624294281,
31036.211252212524,0,0,10,0,0,0,139,141,-68,0.00,0.00,0.79,118.02
31048.18558692932,
31093.7283039093,0,0,10,0,0,0,139,146,-66,0.00,0.00,0.81,118.55
31111.04130744934,
31151.38554573059,0,0,10,0,0,0,141,139,-70,0.00,0.00,0.78,118.64
31172.823905944824,
31212.21613883972,0,0,10,0,0,0,141,146,-66,0.00,0.00,0.80,118.46
31235.06450653076,
31270.151376724243,0,0,10,0,0,0,146,137,-69,0.00,0.00,0.75,118.20
31282.19246864319,
31327.006340026855,0,0,10,0,0,0,139,137,-66,0.00,0.00,0.78,117.85
31343.45769882202,
31384.50026512146,0,0,10,0,0,0,139,141,-69,0.00,0.00,0.79,119.07
31406.344413757324,
31445.733785629272,0,0,10,0,0,0,141,137,-68,0.00,0.00,0.77,117.85
31469.772577285767,
31503.117084503174,0,0,10,0,0,0,144,141,-68,0.00,0.00,0.77,117.33
31517.079830169678,
31560.394287109375,0,0,10,0,0,0,144,141,-68,0.00,0.00,0.77,118.55
